/home/pranjal/research/DDPG_MQTT_125/venv/lib/python3.6/site-packages/tensorflow/python/framework/dtypes.py:526: FutureWarning: Passing (type, 1) or '1type' as a synonym of type is deprecated; in a future version of numpy, it will be understood as (type, (1,)) / '(1,)type'.
  _np_qint8 = np.dtype([("qint8", np.int8, 1)])
/home/pranjal/research/DDPG_MQTT_125/venv/lib/python3.6/site-packages/tensorflow/python/framework/dtypes.py:527: FutureWarning: Passing (type, 1) or '1type' as a synonym of type is deprecated; in a future version of numpy, it will be understood as (type, (1,)) / '(1,)type'.
  _np_quint8 = np.dtype([("quint8", np.uint8, 1)])
/home/pranjal/research/DDPG_MQTT_125/venv/lib/python3.6/site-packages/tensorflow/python/framework/dtypes.py:528: FutureWarning: Passing (type, 1) or '1type' as a synonym of type is deprecated; in a future version of numpy, it will be understood as (type, (1,)) / '(1,)type'.
  _np_qint16 = np.dtype([("qint16", np.int16, 1)])
/home/pranjal/research/DDPG_MQTT_125/venv/lib/python3.6/site-packages/tensorflow/python/framework/dtypes.py:529: FutureWarning: Passing (type, 1) or '1type' as a synonym of type is deprecated; in a future version of numpy, it will be understood as (type, (1,)) / '(1,)type'.
  _np_quint16 = np.dtype([("quint16", np.uint16, 1)])
/home/pranjal/research/DDPG_MQTT_125/venv/lib/python3.6/site-packages/tensorflow/python/framework/dtypes.py:530: FutureWarning: Passing (type, 1) or '1type' as a synonym of type is deprecated; in a future version of numpy, it will be understood as (type, (1,)) / '(1,)type'.
  _np_qint32 = np.dtype([("qint32", np.int32, 1)])
/home/pranjal/research/DDPG_MQTT_125/venv/lib/python3.6/site-packages/tensorflow/python/framework/dtypes.py:535: FutureWarning: Passing (type, 1) or '1type' as a synonym of type is deprecated; in a future version of numpy, it will be understood as (type, (1,)) / '(1,)type'.
  np_resource = np.dtype([("resource", np.ubyte, 1)])
2026-08-01 14:08:44,861 / INFO: Experiment starts.
2026-08-01 14:11:10,510 / INFO: find_mixed_NE: 1 equilibria found. Defender utility range: min=-42.8427, max=-42.8427, mean=-42.8427
###########################################################################################
Iteration 0
Current defender payoff matrix:
[[-42.84269471]]
Current attacker payoff matrix:
[[-2261.91278585]]
Attacker's mixed strategy: [1.0]
Defender's mixed strategy: [1.0]
2026-08-01 14:11:10,512 / INFO: Iteration 0: def=-42.84269470931188 att=-2261.9127858451193
2026-08-01 14:11:10,651 / INFO: find_mixed_NE: 1 equilibria found. Defender utility range: min=-42.4968, max=-42.4968, mean=-42.4968
###########################################################################################
Iteration 0
Current defender payoff matrix:
[[-42.49683172]]
Current attacker payoff matrix:
[[-2262.10493195]]
Attacker's mixed strategy: [1.0]
Defender's mixed strategy: [1.0]
2026-08-01 14:11:10,654 / INFO: Iteration 0: def=-42.496831717115725 att=-2262.1049319518966
2026-08-01 14:11:11,113 / INFO: find_mixed_NE: 1 equilibria found. Defender utility range: min=-42.6024, max=-42.6024, mean=-42.6024
###########################################################################################
Iteration 0
Current defender payoff matrix:
[[-42.60235955]]
Current attacker payoff matrix:
[[-2262.04630538]]
Attacker's mixed strategy: [1.0]
Defender's mixed strategy: [1.0]
2026-08-01 14:11:11,115 / INFO: Iteration 0: def=-42.60235955122455 att=-2262.046305377392
2026-08-01 14:11:11,888 / INFO: find_mixed_NE: 1 equilibria found. Defender utility range: min=-42.9050, max=-42.9050, mean=-42.9050
###########################################################################################
Iteration 0
Current defender payoff matrix:
[[-42.90496087]]
Current attacker payoff matrix:
[[-2261.87819353]]
Attacker's mixed strategy: [1.0]
Defender's mixed strategy: [1.0]
2026-08-01 14:11:11,889 / INFO: Iteration 0: def=-42.90496086771345 att=-2261.8781935349
2026-08-01 14:11:11,896 / INFO: find_mixed_NE: 1 equilibria found. Defender utility range: min=-43.1345, max=-43.1345, mean=-43.1345
###########################################################################################
Iteration 0
Current defender payoff matrix:
[[-43.13452081]]
Current attacker payoff matrix:
[[-2261.75066023]]
Attacker's mixed strategy: [1.0]
Defender's mixed strategy: [1.0]
2026-08-01 14:11:11,898 / INFO: Iteration 0: def=-43.134520808917046 att=-2261.7506602342273
2026-08-01 14:11:12,219 / INFO: find_mixed_NE: 1 equilibria found. Defender utility range: min=-43.0443, max=-43.0443, mean=-43.0443
###########################################################################################
Iteration 0
Current defender payoff matrix:
[[-43.0442574]]
Current attacker payoff matrix:
[[-2261.80080657]]
Attacker's mixed strategy: [1.0]
Defender's mixed strategy: [1.0]
2026-08-01 14:11:12,222 / INFO: Iteration 0: def=-43.04425740158296 att=-2261.8008065716344

WARNING: The TensorFlow contrib module will not be included in TensorFlow 2.0.
For more information, please see:
  * https://github.com/tensorflow/community/blob/master/rfcs/20180907-contrib-sunset.md
  * https://github.com/tensorflow/addons
If you depend on functionality not listed there, please file an issue.

WARNING: The TensorFlow contrib module will not be included in TensorFlow 2.0.
For more information, please see:
  * https://github.com/tensorflow/community/blob/master/rfcs/20180907-contrib-sunset.md
  * https://github.com/tensorflow/addons
If you depend on functionality not listed there, please file an issue.



WARNING: The TensorFlow contrib module will not be included in TensorFlow 2.0.
For more information, please see:
  * https://github.com/tensorflow/community/blob/master/rfcs/20180907-contrib-sunset.md
  * https://github.com/tensorflow/addons
If you depend on functionality not listed there, please file an issue.

WARNING:tensorflow:From /home/pranjal/research/DDPG_MQTT_125/src/ddpg.py:148: dense (from tensorflow.python.layers.core) is deprecated and will be removed in a future version.
Instructions for updating:
Use keras.layers.dense instead.WARNING:tensorflow:From /home/pranjal/research/DDPG_MQTT_125/src/ddpg.py:148: dense (from tensorflow.python.layers.core) is deprecated and will be removed in a future version.
Instructions for updating:
Use keras.layers.dense instead.

WARNING:tensorflow:From /home/pranjal/research/DDPG_MQTT_125/src/ddpg.py:148: dense (from tensorflow.python.layers.core) is deprecated and will be removed in a future version.
Instructions for updating:
Use keras.layers.dense instead.
2026-08-01 14:11:13,360 / WARNING: From /home/pranjal/research/DDPG_MQTT_125/src/ddpg.py:148: dense (from tensorflow.python.layers.core) is deprecated and will be removed in a future version.
Instructions for updating:
Use keras.layers.dense instead.
2026-08-01 14:11:13,360 / WARNING: From /home/pranjal/research/DDPG_MQTT_125/src/ddpg.py:148: dense (from tensorflow.python.layers.core) is deprecated and will be removed in a future version.
Instructions for updating:
Use keras.layers.dense instead.
2026-08-01 14:11:13,360 / WARNING: From /home/pranjal/research/DDPG_MQTT_125/src/ddpg.py:148: dense (from tensorflow.python.layers.core) is deprecated and will be removed in a future version.
Instructions for updating:
Use keras.layers.dense instead.

WARNING: The TensorFlow contrib module will not be included in TensorFlow 2.0.
For more information, please see:
  * https://github.com/tensorflow/community/blob/master/rfcs/20180907-contrib-sunset.md
  * https://github.com/tensorflow/addons
If you depend on functionality not listed there, please file an issue.

WARNING:tensorflow:From /home/pranjal/research/DDPG_MQTT_125/src/ddpg.py:148: dense (from tensorflow.python.layers.core) is deprecated and will be removed in a future version.
Instructions for updating:
Use keras.layers.dense instead.
2026-08-01 14:11:13,361 / WARNING: From /home/pranjal/research/DDPG_MQTT_125/src/ddpg.py:148: dense (from tensorflow.python.layers.core) is deprecated and will be removed in a future version.
Instructions for updating:
Use keras.layers.dense instead.

WARNING: The TensorFlow contrib module will not be included in TensorFlow 2.0.
For more information, please see:
  * https://github.com/tensorflow/community/blob/master/rfcs/20180907-contrib-sunset.md
  * https://github.com/tensorflow/addons
If you depend on functionality not listed there, please file an issue.

WARNING:tensorflow:From /home/pranjal/research/DDPG_MQTT_125/src/ddpg.py:148: dense (from tensorflow.python.layers.core) is deprecated and will be removed in a future version.
Instructions for updating:
Use keras.layers.dense instead.
2026-08-01 14:11:13,362 / WARNING: From /home/pranjal/research/DDPG_MQTT_125/src/ddpg.py:148: dense (from tensorflow.python.layers.core) is deprecated and will be removed in a future version.
Instructions for updating:
Use keras.layers.dense instead.
WARNING:tensorflow:From /home/pranjal/research/DDPG_MQTT_125/venv/lib/python3.6/site-packages/tensorflow/python/framework/op_def_library.py:263: colocate_with (from tensorflow.python.framework.ops) is deprecated and will be removed in a future version.
Instructions for updating:
Colocations handled automatically by placer.
2026-08-01 14:11:13,376 / WARNING: From /home/pranjal/research/DDPG_MQTT_125/venv/lib/python3.6/site-packages/tensorflow/python/framework/op_def_library.py:263: colocate_with (from tensorflow.python.framework.ops) is deprecated and will be removed in a future version.
Instructions for updating:
Colocations handled automatically by placer.
WARNING:tensorflow:From /home/pranjal/research/DDPG_MQTT_125/venv/lib/python3.6/site-packages/tensorflow/python/framework/op_def_library.py:263: colocate_with (from tensorflow.python.framework.ops) is deprecated and will be removed in a future version.
Instructions for updating:
Colocations handled automatically by placer.
2026-08-01 14:11:13,380 / WARNING: From /home/pranjal/research/DDPG_MQTT_125/venv/lib/python3.6/site-packages/tensorflow/python/framework/op_def_library.py:263: colocate_with (from tensorflow.python.framework.ops) is deprecated and will be removed in a future version.
Instructions for updating:
Colocations handled automatically by placer.
WARNING:tensorflow:From /home/pranjal/research/DDPG_MQTT_125/venv/lib/python3.6/site-packages/tensorflow/python/framework/op_def_library.py:263: colocate_with (from tensorflow.python.framework.ops) is deprecated and will be removed in a future version.
Instructions for updating:
Colocations handled automatically by placer.
2026-08-01 14:11:13,381 / WARNING: From /home/pranjal/research/DDPG_MQTT_125/venv/lib/python3.6/site-packages/tensorflow/python/framework/op_def_library.py:263: colocate_with (from tensorflow.python.framework.ops) is deprecated and will be removed in a future version.
Instructions for updating:
Colocations handled automatically by placer.
WARNING:tensorflow:From /home/pranjal/research/DDPG_MQTT_125/venv/lib/python3.6/site-packages/tensorflow/python/framework/op_def_library.py:263: colocate_with (from tensorflow.python.framework.ops) is deprecated and will be removed in a future version.
Instructions for updating:
Colocations handled automatically by placer.
2026-08-01 14:11:13,384 / WARNING: From /home/pranjal/research/DDPG_MQTT_125/venv/lib/python3.6/site-packages/tensorflow/python/framework/op_def_library.py:263: colocate_with (from tensorflow.python.framework.ops) is deprecated and will be removed in a future version.
Instructions for updating:
Colocations handled automatically by placer.
WARNING:tensorflow:From /home/pranjal/research/DDPG_MQTT_125/venv/lib/python3.6/site-packages/tensorflow/python/framework/op_def_library.py:263: colocate_with (from tensorflow.python.framework.ops) is deprecated and will be removed in a future version.
Instructions for updating:
Colocations handled automatically by placer.
2026-08-01 14:11:13,387 / WARNING: From /home/pranjal/research/DDPG_MQTT_125/venv/lib/python3.6/site-packages/tensorflow/python/framework/op_def_library.py:263: colocate_with (from tensorflow.python.framework.ops) is deprecated and will be removed in a future version.
Instructions for updating:
Colocations handled automatically by placer.

WARNING: The TensorFlow contrib module will not be included in TensorFlow 2.0.
For more information, please see:
  * https://github.com/tensorflow/community/blob/master/rfcs/20180907-contrib-sunset.md
  * https://github.com/tensorflow/addons
If you depend on functionality not listed there, please file an issue.

WARNING:tensorflow:From /home/pranjal/research/DDPG_MQTT_125/src/ddpg.py:148: dense (from tensorflow.python.layers.core) is deprecated and will be removed in a future version.
Instructions for updating:
Use keras.layers.dense instead.
2026-08-01 14:11:13,494 / WARNING: From /home/pranjal/research/DDPG_MQTT_125/src/ddpg.py:148: dense (from tensorflow.python.layers.core) is deprecated and will be removed in a future version.
Instructions for updating:
Use keras.layers.dense instead.
WARNING:tensorflow:From /home/pranjal/research/DDPG_MQTT_125/venv/lib/python3.6/site-packages/tensorflow/python/framework/op_def_library.py:263: colocate_with (from tensorflow.python.framework.ops) is deprecated and will be removed in a future version.
Instructions for updating:
Colocations handled automatically by placer.
2026-08-01 14:11:13,508 / WARNING: From /home/pranjal/research/DDPG_MQTT_125/venv/lib/python3.6/site-packages/tensorflow/python/framework/op_def_library.py:263: colocate_with (from tensorflow.python.framework.ops) is deprecated and will be removed in a future version.
Instructions for updating:
Colocations handled automatically by placer.
WARNING:tensorflow:From /home/pranjal/research/DDPG_MQTT_125/venv/lib/python3.6/site-packages/tensorflow/python/ops/losses/losses_impl.py:667: to_float (from tensorflow.python.ops.math_ops) is deprecated and will be removed in a future version.
Instructions for updating:
Use tf.cast instead.
2026-08-01 14:11:13,869 / WARNING: From /home/pranjal/research/DDPG_MQTT_125/venv/lib/python3.6/site-packages/tensorflow/python/ops/losses/losses_impl.py:667: to_float (from tensorflow.python.ops.math_ops) is deprecated and will be removed in a future version.
Instructions for updating:
Use tf.cast instead.
WARNING:tensorflow:From /home/pranjal/research/DDPG_MQTT_125/venv/lib/python3.6/site-packages/tensorflow/python/ops/losses/losses_impl.py:667: to_float (from tensorflow.python.ops.math_ops) is deprecated and will be removed in a future version.
Instructions for updating:
Use tf.cast instead.
2026-08-01 14:11:13,876 / WARNING: From /home/pranjal/research/DDPG_MQTT_125/venv/lib/python3.6/site-packages/tensorflow/python/ops/losses/losses_impl.py:667: to_float (from tensorflow.python.ops.math_ops) is deprecated and will be removed in a future version.
Instructions for updating:
Use tf.cast instead.
WARNING:tensorflow:From /home/pranjal/research/DDPG_MQTT_125/venv/lib/python3.6/site-packages/tensorflow/python/ops/losses/losses_impl.py:667: to_float (from tensorflow.python.ops.math_ops) is deprecated and will be removed in a future version.
Instructions for updating:
Use tf.cast instead.
2026-08-01 14:11:13,906 / WARNING: From /home/pranjal/research/DDPG_MQTT_125/venv/lib/python3.6/site-packages/tensorflow/python/ops/losses/losses_impl.py:667: to_float (from tensorflow.python.ops.math_ops) is deprecated and will be removed in a future version.
Instructions for updating:
Use tf.cast instead.
WARNING:tensorflow:From /home/pranjal/research/DDPG_MQTT_125/venv/lib/python3.6/site-packages/tensorflow/python/ops/losses/losses_impl.py:667: to_float (from tensorflow.python.ops.math_ops) is deprecated and will be removed in a future version.
Instructions for updating:
Use tf.cast instead.
2026-08-01 14:11:14,056 / WARNING: From /home/pranjal/research/DDPG_MQTT_125/venv/lib/python3.6/site-packages/tensorflow/python/ops/losses/losses_impl.py:667: to_float (from tensorflow.python.ops.math_ops) is deprecated and will be removed in a future version.
Instructions for updating:
Use tf.cast instead.
WARNING:tensorflow:From /home/pranjal/research/DDPG_MQTT_125/venv/lib/python3.6/site-packages/tensorflow/python/ops/losses/losses_impl.py:667: to_float (from tensorflow.python.ops.math_ops) is deprecated and will be removed in a future version.
Instructions for updating:
Use tf.cast instead.
2026-08-01 14:11:14,096 / WARNING: From /home/pranjal/research/DDPG_MQTT_125/venv/lib/python3.6/site-packages/tensorflow/python/ops/losses/losses_impl.py:667: to_float (from tensorflow.python.ops.math_ops) is deprecated and will be removed in a future version.
Instructions for updating:
Use tf.cast instead.
WARNING:tensorflow:From /home/pranjal/research/DDPG_MQTT_125/venv/lib/python3.6/site-packages/tensorflow/python/ops/losses/losses_impl.py:667: to_float (from tensorflow.python.ops.math_ops) is deprecated and will be removed in a future version.
Instructions for updating:
Use tf.cast instead.
2026-08-01 14:11:14,249 / WARNING: From /home/pranjal/research/DDPG_MQTT_125/venv/lib/python3.6/site-packages/tensorflow/python/ops/losses/losses_impl.py:667: to_float (from tensorflow.python.ops.math_ops) is deprecated and will be removed in a future version.
Instructions for updating:
Use tf.cast instead.
attack-6-0_0
attack-11-0_0
attack-4-0_0
attack-5-0_0
attack-9-0_0
2026-08-01 14:11:31,756 / INFO: Episode 30, Ave step reward -102.87418759938248
2026-08-01 14:11:33,019 / INFO: Episode 30, Ave step reward -101.63003680769673
2026-08-01 14:11:35,094 / INFO: Episode 30, Ave step reward -103.89496778927344
2026-08-01 14:11:35,573 / INFO: Episode 30, Ave step reward -101.22438856865773
2026-08-01 14:11:36,365 / INFO: Episode 30, Ave step reward -103.14924609744027
2026-08-01 14:11:50,452 / INFO: Episode 40, Ave step reward -105.85307284770724
2026-08-01 14:11:51,929 / INFO: Episode 40, Ave step reward -103.26458554766006
2026-08-01 14:11:53,711 / INFO: Episode 40, Ave step reward -101.74715857801378
2026-08-01 14:11:53,950 / INFO: Episode 40, Ave step reward -104.29635034136038
2026-08-01 14:11:54,831 / INFO: Episode 40, Ave step reward -91.49942749779161
2026-08-01 14:12:09,786 / INFO: Episode 50, Ave step reward -109.86645563313454
2026-08-01 14:12:11,213 / INFO: Episode 50, Ave step reward -106.81361762023866
2026-08-01 14:12:12,709 / INFO: Episode 50, Ave step reward -103.56924872623762
2026-08-01 14:12:13,084 / INFO: Episode 50, Ave step reward -107.9848226524592
2026-08-01 14:12:13,820 / INFO: find_mixed_NE: 1 equilibria found. Defender utility range: min=-42.8294, max=-42.8294, mean=-42.8294
###########################################################################################
Iteration 0
Current defender payoff matrix:
[[-42.82935]]
Current attacker payoff matrix:
[[-2261.92019957]]
Attacker's mixed strategy: [1.0]
Defender's mixed strategy: [1.0]
2026-08-01 14:12:13,822 / INFO: Iteration 0: def=-42.829350004536465 att=-2261.9201995699977
2026-08-01 14:12:14,151 / INFO: Episode 50, Ave step reward -83.31046159669701
2026-08-01 14:12:14,190 / INFO: find_mixed_NE: 1 equilibria found. Defender utility range: min=-43.4739, max=-43.4739, mean=-43.4739
###########################################################################################
Iteration 0
Current defender payoff matrix:
[[-43.47386094]]
Current attacker payoff matrix:
[[-2261.56213794]]
Attacker's mixed strategy: [1.0]
Defender's mixed strategy: [1.0]
2026-08-01 14:12:14,192 / INFO: Iteration 0: def=-43.47386094153007 att=-2261.562137938335

WARNING: The TensorFlow contrib module will not be included in TensorFlow 2.0.
For more information, please see:
  * https://github.com/tensorflow/community/blob/master/rfcs/20180907-contrib-sunset.md
  * https://github.com/tensorflow/addons
If you depend on functionality not listed there, please file an issue.

WARNING:tensorflow:From /home/pranjal/research/DDPG_MQTT_125/src/ddpg.py:148: dense (from tensorflow.python.layers.core) is deprecated and will be removed in a future version.
Instructions for updating:
Use keras.layers.dense instead.
2026-08-01 14:12:15,238 / WARNING: From /home/pranjal/research/DDPG_MQTT_125/src/ddpg.py:148: dense (from tensorflow.python.layers.core) is deprecated and will be removed in a future version.
Instructions for updating:
Use keras.layers.dense instead.
WARNING:tensorflow:From /home/pranjal/research/DDPG_MQTT_125/venv/lib/python3.6/site-packages/tensorflow/python/framework/op_def_library.py:263: colocate_with (from tensorflow.python.framework.ops) is deprecated and will be removed in a future version.
Instructions for updating:
Colocations handled automatically by placer.
2026-08-01 14:12:15,259 / WARNING: From /home/pranjal/research/DDPG_MQTT_125/venv/lib/python3.6/site-packages/tensorflow/python/framework/op_def_library.py:263: colocate_with (from tensorflow.python.framework.ops) is deprecated and will be removed in a future version.
Instructions for updating:
Colocations handled automatically by placer.
2026-08-01 14:12:15,361 / INFO: find_mixed_NE: 1 equilibria found. Defender utility range: min=-42.8672, max=-42.8672, mean=-42.8672
###########################################################################################
Iteration 0
Current defender payoff matrix:
[[-42.86718772]]
Current attacker payoff matrix:
[[-2261.89917862]]
Attacker's mixed strategy: [1.0]
Defender's mixed strategy: [1.0]
2026-08-01 14:12:15,363 / INFO: Iteration 0: def=-42.867187722504916 att=-2261.8991786155702

WARNING: The TensorFlow contrib module will not be included in TensorFlow 2.0.
For more information, please see:
  * https://github.com/tensorflow/community/blob/master/rfcs/20180907-contrib-sunset.md
  * https://github.com/tensorflow/addons
If you depend on functionality not listed there, please file an issue.

WARNING:tensorflow:From /home/pranjal/research/DDPG_MQTT_125/src/ddpg.py:148: dense (from tensorflow.python.layers.core) is deprecated and will be removed in a future version.
Instructions for updating:
Use keras.layers.dense instead.
2026-08-01 14:12:15,588 / WARNING: From /home/pranjal/research/DDPG_MQTT_125/src/ddpg.py:148: dense (from tensorflow.python.layers.core) is deprecated and will be removed in a future version.
Instructions for updating:
Use keras.layers.dense instead.
WARNING:tensorflow:From /home/pranjal/research/DDPG_MQTT_125/venv/lib/python3.6/site-packages/tensorflow/python/framework/op_def_library.py:263: colocate_with (from tensorflow.python.framework.ops) is deprecated and will be removed in a future version.
Instructions for updating:
Colocations handled automatically by placer.
2026-08-01 14:12:15,605 / WARNING: From /home/pranjal/research/DDPG_MQTT_125/venv/lib/python3.6/site-packages/tensorflow/python/framework/op_def_library.py:263: colocate_with (from tensorflow.python.framework.ops) is deprecated and will be removed in a future version.
Instructions for updating:
Colocations handled automatically by placer.
WARNING:tensorflow:From /home/pranjal/research/DDPG_MQTT_125/venv/lib/python3.6/site-packages/tensorflow/python/ops/losses/losses_impl.py:667: to_float (from tensorflow.python.ops.math_ops) is deprecated and will be removed in a future version.
Instructions for updating:
Use tf.cast instead.
2026-08-01 14:12:15,827 / WARNING: From /home/pranjal/research/DDPG_MQTT_125/venv/lib/python3.6/site-packages/tensorflow/python/ops/losses/losses_impl.py:667: to_float (from tensorflow.python.ops.math_ops) is deprecated and will be removed in a future version.
Instructions for updating:
Use tf.cast instead.
2026-08-01 14:12:15,974 / INFO: find_mixed_NE: 1 equilibria found. Defender utility range: min=-42.7499, max=-42.7499, mean=-42.7499
###########################################################################################
Iteration 0
Current defender payoff matrix:
[[-42.74986939]]
Current attacker payoff matrix:
[[-2261.96435547]]
Attacker's mixed strategy: [1.0]
Defender's mixed strategy: [1.0]
2026-08-01 14:12:15,976 / INFO: Iteration 0: def=-42.749869385856954 att=-2261.9643554692607
WARNING:tensorflow:From /home/pranjal/research/DDPG_MQTT_125/venv/lib/python3.6/site-packages/tensorflow/python/ops/losses/losses_impl.py:667: to_float (from tensorflow.python.ops.math_ops) is deprecated and will be removed in a future version.
Instructions for updating:
Use tf.cast instead.
2026-08-01 14:12:16,274 / WARNING: From /home/pranjal/research/DDPG_MQTT_125/venv/lib/python3.6/site-packages/tensorflow/python/ops/losses/losses_impl.py:667: to_float (from tensorflow.python.ops.math_ops) is deprecated and will be removed in a future version.
Instructions for updating:
Use tf.cast instead.
attack-7-0_0

WARNING: The TensorFlow contrib module will not be included in TensorFlow 2.0.
For more information, please see:
  * https://github.com/tensorflow/community/blob/master/rfcs/20180907-contrib-sunset.md
  * https://github.com/tensorflow/addons
If you depend on functionality not listed there, please file an issue.

WARNING:tensorflow:From /home/pranjal/research/DDPG_MQTT_125/src/ddpg.py:148: dense (from tensorflow.python.layers.core) is deprecated and will be removed in a future version.
Instructions for updating:
Use keras.layers.dense instead.
2026-08-01 14:12:16,845 / WARNING: From /home/pranjal/research/DDPG_MQTT_125/src/ddpg.py:148: dense (from tensorflow.python.layers.core) is deprecated and will be removed in a future version.
Instructions for updating:
Use keras.layers.dense instead.
WARNING:tensorflow:From /home/pranjal/research/DDPG_MQTT_125/venv/lib/python3.6/site-packages/tensorflow/python/framework/op_def_library.py:263: colocate_with (from tensorflow.python.framework.ops) is deprecated and will be removed in a future version.
Instructions for updating:
Colocations handled automatically by placer.
2026-08-01 14:12:16,863 / WARNING: From /home/pranjal/research/DDPG_MQTT_125/venv/lib/python3.6/site-packages/tensorflow/python/framework/op_def_library.py:263: colocate_with (from tensorflow.python.framework.ops) is deprecated and will be removed in a future version.
Instructions for updating:
Colocations handled automatically by placer.

WARNING: The TensorFlow contrib module will not be included in TensorFlow 2.0.
For more information, please see:
  * https://github.com/tensorflow/community/blob/master/rfcs/20180907-contrib-sunset.md
  * https://github.com/tensorflow/addons
If you depend on functionality not listed there, please file an issue.

WARNING:tensorflow:From /home/pranjal/research/DDPG_MQTT_125/src/ddpg.py:148: dense (from tensorflow.python.layers.core) is deprecated and will be removed in a future version.
Instructions for updating:
Use keras.layers.dense instead.
2026-08-01 14:12:17,440 / WARNING: From /home/pranjal/research/DDPG_MQTT_125/src/ddpg.py:148: dense (from tensorflow.python.layers.core) is deprecated and will be removed in a future version.
Instructions for updating:
Use keras.layers.dense instead.
WARNING:tensorflow:From /home/pranjal/research/DDPG_MQTT_125/venv/lib/python3.6/site-packages/tensorflow/python/framework/op_def_library.py:263: colocate_with (from tensorflow.python.framework.ops) is deprecated and will be removed in a future version.
Instructions for updating:
Colocations handled automatically by placer.
2026-08-01 14:12:17,463 / WARNING: From /home/pranjal/research/DDPG_MQTT_125/venv/lib/python3.6/site-packages/tensorflow/python/framework/op_def_library.py:263: colocate_with (from tensorflow.python.framework.ops) is deprecated and will be removed in a future version.
Instructions for updating:
Colocations handled automatically by placer.
WARNING:tensorflow:From /home/pranjal/research/DDPG_MQTT_125/venv/lib/python3.6/site-packages/tensorflow/python/ops/losses/losses_impl.py:667: to_float (from tensorflow.python.ops.math_ops) is deprecated and will be removed in a future version.
Instructions for updating:
Use tf.cast instead.
2026-08-01 14:12:17,563 / WARNING: From /home/pranjal/research/DDPG_MQTT_125/venv/lib/python3.6/site-packages/tensorflow/python/ops/losses/losses_impl.py:667: to_float (from tensorflow.python.ops.math_ops) is deprecated and will be removed in a future version.
Instructions for updating:
Use tf.cast instead.
attack-3-0_0
WARNING:tensorflow:From /home/pranjal/research/DDPG_MQTT_125/venv/lib/python3.6/site-packages/tensorflow/python/ops/losses/losses_impl.py:667: to_float (from tensorflow.python.ops.math_ops) is deprecated and will be removed in a future version.
Instructions for updating:
Use tf.cast instead.
2026-08-01 14:12:18,208 / WARNING: From /home/pranjal/research/DDPG_MQTT_125/venv/lib/python3.6/site-packages/tensorflow/python/ops/losses/losses_impl.py:667: to_float (from tensorflow.python.ops.math_ops) is deprecated and will be removed in a future version.
Instructions for updating:
Use tf.cast instead.
2026-08-01 14:12:18,611 / INFO: find_mixed_NE: 1 equilibria found. Defender utility range: min=-42.6867, max=-42.6867, mean=-42.6867
###########################################################################################
Iteration 0
Current defender payoff matrix:
[[-42.68668532]]
Current attacker payoff matrix:
[[-2261.99945773]]
Attacker's mixed strategy: [1.0]
Defender's mixed strategy: [1.0]
2026-08-01 14:12:18,613 / INFO: Iteration 0: def=-42.686685322975826 att=-2261.9994577264147
attack-10-0_0
2026-08-01 14:12:18,944 / INFO: find_mixed_NE: 1 equilibria found. Defender utility range: min=-42.7838, max=-42.7838, mean=-42.7838
###########################################################################################
Iteration 0
Current defender payoff matrix:
[[-42.78375662]]
Current attacker payoff matrix:
[[-2261.94552923]]
Attacker's mixed strategy: [1.0]
Defender's mixed strategy: [1.0]
2026-08-01 14:12:18,946 / INFO: Iteration 0: def=-42.78375662391981 att=-2261.945529225893

WARNING: The TensorFlow contrib module will not be included in TensorFlow 2.0.
For more information, please see:
  * https://github.com/tensorflow/community/blob/master/rfcs/20180907-contrib-sunset.md
  * https://github.com/tensorflow/addons
If you depend on functionality not listed there, please file an issue.

WARNING:tensorflow:From /home/pranjal/research/DDPG_MQTT_125/src/ddpg.py:148: dense (from tensorflow.python.layers.core) is deprecated and will be removed in a future version.
Instructions for updating:
Use keras.layers.dense instead.
2026-08-01 14:12:20,240 / WARNING: From /home/pranjal/research/DDPG_MQTT_125/src/ddpg.py:148: dense (from tensorflow.python.layers.core) is deprecated and will be removed in a future version.
Instructions for updating:
Use keras.layers.dense instead.
WARNING:tensorflow:From /home/pranjal/research/DDPG_MQTT_125/venv/lib/python3.6/site-packages/tensorflow/python/framework/op_def_library.py:263: colocate_with (from tensorflow.python.framework.ops) is deprecated and will be removed in a future version.
Instructions for updating:
Colocations handled automatically by placer.
2026-08-01 14:12:20,266 / WARNING: From /home/pranjal/research/DDPG_MQTT_125/venv/lib/python3.6/site-packages/tensorflow/python/framework/op_def_library.py:263: colocate_with (from tensorflow.python.framework.ops) is deprecated and will be removed in a future version.
Instructions for updating:
Colocations handled automatically by placer.

WARNING: The TensorFlow contrib module will not be included in TensorFlow 2.0.
For more information, please see:
  * https://github.com/tensorflow/community/blob/master/rfcs/20180907-contrib-sunset.md
  * https://github.com/tensorflow/addons
If you depend on functionality not listed there, please file an issue.

WARNING:tensorflow:From /home/pranjal/research/DDPG_MQTT_125/src/ddpg.py:148: dense (from tensorflow.python.layers.core) is deprecated and will be removed in a future version.
Instructions for updating:
Use keras.layers.dense instead.
2026-08-01 14:12:20,341 / WARNING: From /home/pranjal/research/DDPG_MQTT_125/src/ddpg.py:148: dense (from tensorflow.python.layers.core) is deprecated and will be removed in a future version.
Instructions for updating:
Use keras.layers.dense instead.
WARNING:tensorflow:From /home/pranjal/research/DDPG_MQTT_125/venv/lib/python3.6/site-packages/tensorflow/python/framework/op_def_library.py:263: colocate_with (from tensorflow.python.framework.ops) is deprecated and will be removed in a future version.
Instructions for updating:
Colocations handled automatically by placer.
2026-08-01 14:12:20,355 / WARNING: From /home/pranjal/research/DDPG_MQTT_125/venv/lib/python3.6/site-packages/tensorflow/python/framework/op_def_library.py:263: colocate_with (from tensorflow.python.framework.ops) is deprecated and will be removed in a future version.
Instructions for updating:
Colocations handled automatically by placer.
WARNING:tensorflow:From /home/pranjal/research/DDPG_MQTT_125/venv/lib/python3.6/site-packages/tensorflow/python/ops/losses/losses_impl.py:667: to_float (from tensorflow.python.ops.math_ops) is deprecated and will be removed in a future version.
Instructions for updating:
Use tf.cast instead.
2026-08-01 14:12:20,999 / WARNING: From /home/pranjal/research/DDPG_MQTT_125/venv/lib/python3.6/site-packages/tensorflow/python/ops/losses/losses_impl.py:667: to_float (from tensorflow.python.ops.math_ops) is deprecated and will be removed in a future version.
Instructions for updating:
Use tf.cast instead.
WARNING:tensorflow:From /home/pranjal/research/DDPG_MQTT_125/venv/lib/python3.6/site-packages/tensorflow/python/ops/losses/losses_impl.py:667: to_float (from tensorflow.python.ops.math_ops) is deprecated and will be removed in a future version.
Instructions for updating:
Use tf.cast instead.
2026-08-01 14:12:21,025 / WARNING: From /home/pranjal/research/DDPG_MQTT_125/venv/lib/python3.6/site-packages/tensorflow/python/ops/losses/losses_impl.py:667: to_float (from tensorflow.python.ops.math_ops) is deprecated and will be removed in a future version.
Instructions for updating:
Use tf.cast instead.
attack-8-0_0
attack-2-0_0
2026-08-01 14:12:31,165 / INFO: Episode 60, Ave step reward -106.86340128928578
2026-08-01 14:12:31,858 / INFO: Episode 60, Ave step reward -108.23782841769287
2026-08-01 14:12:33,021 / INFO: Episode 60, Ave step reward -109.51370523777507
2026-08-01 14:12:34,121 / INFO: Episode 60, Ave step reward -108.86398008487326
2026-08-01 14:12:34,458 / INFO: Episode 60, Ave step reward -79.36227138377645
2026-08-01 14:12:35,729 / INFO: Episode 30, Ave step reward -101.91437267843457
2026-08-01 14:12:37,152 / INFO: Episode 30, Ave step reward -96.72782503043976
2026-08-01 14:12:38,341 / INFO: Episode 30, Ave step reward -101.26726951364861
2026-08-01 14:12:40,712 / INFO: Episode 30, Ave step reward -105.05878219453129
2026-08-01 14:12:41,437 / INFO: Episode 30, Ave step reward -105.48257744244458
2026-08-01 14:12:54,461 / INFO: Episode 70, Ave step reward -111.15852195529118
2026-08-01 14:12:54,905 / INFO: Episode 70, Ave step reward -111.76118576055127
2026-08-01 14:12:55,907 / INFO: Episode 70, Ave step reward -110.75364264036666
2026-08-01 14:12:57,067 / INFO: Episode 70, Ave step reward -78.58004632154342
2026-08-01 14:12:57,527 / INFO: Episode 40, Ave step reward -105.82031830026453
2026-08-01 14:12:57,613 / INFO: Episode 70, Ave step reward -109.19130918062768
2026-08-01 14:13:00,195 / INFO: Episode 40, Ave step reward -94.43994013985287
2026-08-01 14:13:00,304 / INFO: Episode 40, Ave step reward -105.37982207257028
2026-08-01 14:13:02,440 / INFO: Episode 40, Ave step reward -106.52098943280697
2026-08-01 14:13:03,438 / INFO: Episode 40, Ave step reward -104.8552430920413
2026-08-01 14:13:13,178 / INFO: Episode 80, Ave step reward -110.93825724032926
2026-08-01 14:13:13,564 / INFO: Episode 80, Ave step reward -111.13206654678126
2026-08-01 14:13:13,805 / INFO: Episode 80, Ave step reward -114.68665429145476
2026-08-01 14:13:15,733 / INFO: Episode 50, Ave step reward -106.73876146203547
2026-08-01 14:13:15,967 / INFO: Episode 80, Ave step reward -68.20503823607571
2026-08-01 14:13:16,250 / INFO: Episode 80, Ave step reward -112.58546955673552
2026-08-01 14:13:17,860 / INFO: Episode 50, Ave step reward -101.92071117544793
2026-08-01 14:13:18,125 / INFO: Episode 50, Ave step reward -107.6240500362935
2026-08-01 14:13:19,062 / INFO: Episode 50, Ave step reward -107.01092132572323
2026-08-01 14:13:20,399 / INFO: Episode 50, Ave step reward -108.58574498317152
2026-08-01 14:13:43,572 / INFO: Episode 60, Ave step reward -110.92026383265873
2026-08-01 14:13:43,573 / INFO: Episode 60, Ave step reward -100.08110590172939
2026-08-01 14:13:43,645 / INFO: Episode 60, Ave step reward -109.78202464863968
2026-08-01 14:13:43,654 / INFO: Episode 90, Ave step reward -110.72285780082322
2026-08-01 14:13:43,847 / INFO: Episode 90, Ave step reward -64.69262044854534
2026-08-01 14:13:43,849 / INFO: Episode 60, Ave step reward -106.28263077586118
2026-08-01 14:13:44,035 / INFO: Episode 90, Ave step reward -113.89840567135803
2026-08-01 14:13:44,044 / INFO: Episode 90, Ave step reward -111.60901754864337
2026-08-01 14:13:44,099 / INFO: Episode 60, Ave step reward -111.67371098783899
2026-08-01 14:13:44,735 / INFO: Episode 90, Ave step reward -112.24218794859038
2026-08-01 14:14:03,003 / INFO: Episode 70, Ave step reward -111.20802652935336
2026-08-01 14:14:03,769 / INFO: Episode 100, Ave step reward -62.627628345695584
2026-08-01 14:14:03,784 / INFO: Episode 70, Ave step reward -112.11063191211765
2026-08-01 14:14:04,109 / INFO: Episode 70, Ave step reward -110.647563413894
2026-08-01 14:14:04,262 / INFO: Episode 70, Ave step reward -84.1381164973538
2026-08-01 14:14:04,800 / INFO: Episode 70, Ave step reward -111.35884327720905
2026-08-01 14:14:04,803 / INFO: Episode 100, Ave step reward -114.80850344170594
2026-08-01 14:14:05,000 / INFO: Episode 100, Ave step reward -115.82814956568009
2026-08-01 14:14:05,254 / INFO: Episode 100, Ave step reward -112.12077512172655
2026-08-01 14:14:05,700 / INFO: Episode 100, Ave step reward -114.04671959322265
2026-08-01 14:14:22,676 / INFO: Episode 80, Ave step reward -108.5814117374009
2026-08-01 14:14:23,269 / INFO: Episode 110, Ave step reward -60.69069400003232
2026-08-01 14:14:23,468 / INFO: Episode 80, Ave step reward -100.50427336080656
2026-08-01 14:14:23,738 / INFO: Episode 80, Ave step reward -112.52289417513055
2026-08-01 14:14:24,575 / INFO: Episode 80, Ave step reward -110.57602015621906
2026-08-01 14:14:24,794 / INFO: Episode 110, Ave step reward -115.63731823876314
2026-08-01 14:14:24,832 / INFO: Episode 110, Ave step reward -113.939323900683
2026-08-01 14:14:25,296 / INFO: Episode 80, Ave step reward -112.91221284344512
2026-08-01 14:14:25,687 / INFO: Episode 110, Ave step reward -114.7732872017433
2026-08-01 14:14:26,070 / INFO: Episode 110, Ave step reward -111.76922585125536
2026-08-01 14:14:43,022 / INFO: Episode 90, Ave step reward -111.40772148045258
2026-08-01 14:14:43,504 / INFO: Episode 120, Ave step reward -53.24816269735229
2026-08-01 14:14:43,877 / INFO: Episode 90, Ave step reward -110.92355054871359
2026-08-01 14:14:44,253 / INFO: Episode 90, Ave step reward -112.73979132990375
2026-08-01 14:14:44,756 / INFO: Episode 120, Ave step reward -117.38574158596406
2026-08-01 14:14:44,866 / INFO: Episode 90, Ave step reward -111.35938083874676
2026-08-01 14:14:45,484 / INFO: Episode 120, Ave step reward -114.15412103582621
2026-08-01 14:14:45,946 / INFO: Episode 90, Ave step reward -109.16990818687563
2026-08-01 14:14:46,302 / INFO: Episode 120, Ave step reward -113.00372166824023
2026-08-01 14:14:47,206 / INFO: Episode 120, Ave step reward -113.91255357219995
2026-08-01 14:15:02,698 / INFO: Episode 100, Ave step reward -114.29757411660624
2026-08-01 14:15:03,087 / INFO: Episode 130, Ave step reward -51.405781991814465
2026-08-01 14:15:03,852 / INFO: Episode 100, Ave step reward -114.28942454932101
2026-08-01 14:15:04,351 / INFO: Episode 100, Ave step reward -114.18130336017703
2026-08-01 14:15:05,183 / INFO: Episode 130, Ave step reward -116.48138985823196
2026-08-01 14:15:06,106 / INFO: Episode 100, Ave step reward -114.41100039709421
2026-08-01 14:15:06,668 / INFO: Episode 100, Ave step reward -110.73647020124717
2026-08-01 14:15:07,203 / INFO: Episode 130, Ave step reward -117.74666111030633
2026-08-01 14:15:07,280 / INFO: Episode 130, Ave step reward -114.11895540690477
2026-08-01 14:15:09,020 / INFO: Episode 130, Ave step reward -116.28295169601343
2026-08-01 14:15:27,066 / INFO: Episode 140, Ave step reward -46.37618480955817
2026-08-01 14:15:27,516 / INFO: Episode 110, Ave step reward -113.4799674262709
2026-08-01 14:15:28,739 / INFO: Episode 110, Ave step reward -114.37273008973652
2026-08-01 14:15:29,779 / INFO: Episode 110, Ave step reward -112.5438115651079
2026-08-01 14:15:29,971 / INFO: Episode 140, Ave step reward -116.9500509408148
2026-08-01 14:15:31,606 / INFO: Episode 110, Ave step reward -112.09580241201014
2026-08-01 14:15:32,128 / INFO: Episode 110, Ave step reward -113.52235393975273
2026-08-01 14:15:32,774 / INFO: Episode 140, Ave step reward -116.55629186004917
2026-08-01 14:15:32,796 / INFO: Episode 140, Ave step reward -116.5547168030766
2026-08-01 14:15:35,265 / INFO: Episode 140, Ave step reward -117.67566985062764
2026-08-01 14:15:50,986 / INFO: Episode 150, Ave step reward -51.0344000617209
2026-08-01 14:15:51,129 / INFO: Episode 120, Ave step reward -115.16807234134362
2026-08-01 14:15:52,102 / INFO: Episode 120, Ave step reward -115.94508032233989
2026-08-01 14:15:52,786 / INFO: Episode 120, Ave step reward -113.59315817496406
2026-08-01 14:15:53,302 / INFO: Episode 150, Ave step reward -117.49430517993812
2026-08-01 14:15:54,795 / INFO: Episode 120, Ave step reward -114.58084589342441
2026-08-01 14:15:55,380 / INFO: Episode 120, Ave step reward -114.92036304085379
2026-08-01 14:15:56,327 / INFO: Episode 150, Ave step reward -117.14470511485925
2026-08-01 14:15:56,641 / INFO: Episode 150, Ave step reward -117.48684266277839
2026-08-01 14:15:59,381 / INFO: Episode 150, Ave step reward -118.18119018397401
2026-08-01 14:16:14,120 / INFO: Episode 160, Ave step reward -41.64005306771096
2026-08-01 14:16:14,644 / INFO: Episode 130, Ave step reward -116.26788953359961
2026-08-01 14:16:15,721 / INFO: Episode 130, Ave step reward -117.27421807037042
2026-08-01 14:16:16,629 / INFO: Episode 130, Ave step reward -115.19931690790078
2026-08-01 14:16:16,871 / INFO: Episode 160, Ave step reward -120.02764797535902
2026-08-01 14:16:18,142 / INFO: Episode 130, Ave step reward -119.0646587949001
2026-08-01 14:16:18,816 / INFO: Episode 130, Ave step reward -115.45979231073139
2026-08-01 14:16:19,478 / INFO: Episode 160, Ave step reward -114.37234577755682
2026-08-01 14:16:20,568 / INFO: Episode 160, Ave step reward -118.9525421243712
2026-08-01 14:16:22,399 / INFO: Episode 160, Ave step reward -116.11129654293065
2026-08-01 14:16:35,873 / INFO: Episode 170, Ave step reward -46.59246413896318
2026-08-01 14:16:36,752 / INFO: Episode 140, Ave step reward -114.63558140629733
2026-08-01 14:16:38,555 / INFO: Episode 140, Ave step reward -116.99479351944422
2026-08-01 14:16:38,764 / INFO: Episode 170, Ave step reward -119.57115561265283
2026-08-01 14:16:38,962 / INFO: Episode 140, Ave step reward -116.6184005218583
2026-08-01 14:16:39,960 / INFO: Episode 140, Ave step reward -117.41028523869298
2026-08-01 14:16:40,236 / INFO: Episode 140, Ave step reward -117.30551959967552
2026-08-01 14:16:42,147 / INFO: Episode 170, Ave step reward -118.33756552799753
2026-08-01 14:16:42,391 / INFO: Episode 170, Ave step reward -117.80002492647854
2026-08-01 14:16:43,507 / INFO: Episode 170, Ave step reward -117.7282879059232
2026-08-01 14:16:56,702 / INFO: Episode 180, Ave step reward -39.78953922043535
2026-08-01 14:16:59,120 / INFO: Episode 150, Ave step reward -117.71698979878984
2026-08-01 14:17:00,420 / INFO: Episode 150, Ave step reward -115.28294776961093
2026-08-01 14:17:00,647 / INFO: Episode 180, Ave step reward -118.39530896274951
2026-08-01 14:17:00,761 / INFO: Episode 150, Ave step reward -115.81795169601342
2026-08-01 14:17:01,794 / INFO: Episode 150, Ave step reward -117.92733301403547
2026-08-01 14:17:02,788 / INFO: Episode 150, Ave step reward -116.94880052609571
2026-08-01 14:17:04,063 / INFO: Episode 180, Ave step reward -119.1363878067357
2026-08-01 14:17:05,012 / INFO: Episode 180, Ave step reward -117.40991025904714
2026-08-01 14:17:05,100 / INFO: Episode 180, Ave step reward -119.96793320310344
2026-08-01 14:17:17,077 / INFO: Episode 190, Ave step reward -42.86491796313651
2026-08-01 14:17:20,416 / INFO: Episode 160, Ave step reward -118.27190160136445
2026-08-01 14:17:21,626 / INFO: Episode 160, Ave step reward -119.41999346128242
2026-08-01 14:17:21,686 / INFO: Episode 190, Ave step reward -117.34949732021609
2026-08-01 14:17:21,855 / INFO: Episode 160, Ave step reward -118.36866313407913
2026-08-01 14:17:23,147 / INFO: Episode 160, Ave step reward -118.2898418511543
2026-08-01 14:17:23,513 / INFO: Episode 160, Ave step reward -118.30740490097372
2026-08-01 14:17:25,474 / INFO: Episode 190, Ave step reward -120.26693620591458
2026-08-01 14:17:26,165 / INFO: Episode 190, Ave step reward -121.04307988344513
2026-08-01 14:17:27,226 / INFO: Episode 190, Ave step reward -120.67374272222054
2026-08-01 14:17:32,645 / INFO: RL utililty: -2269.8432345168326
2026-08-01 14:17:36,741 / INFO: Episode 200, Ave step reward -35.60951235758583
2026-08-01 14:17:41,272 / INFO: Episode 170, Ave step reward -119.72339244121841
2026-08-01 14:17:41,916 / INFO: Episode 200, Ave step reward -118.93309730917267
2026-08-01 14:17:42,616 / INFO: Episode 170, Ave step reward -119.6851877168552
2026-08-01 14:17:42,711 / INFO: Episode 170, Ave step reward -117.61180803915816
2026-08-01 14:17:44,275 / INFO: Episode 170, Ave step reward -118.23463830279289
2026-08-01 14:17:44,641 / INFO: Episode 170, Ave step reward -117.74802957028056
2026-08-01 14:17:46,281 / INFO: Episode 200, Ave step reward -118.19004212437122
2026-08-01 14:17:46,705 / INFO: Episode 200, Ave step reward -119.44670948176172
2026-08-01 14:17:48,537 / INFO: Episode 200, Ave step reward -119.51418010023663
2026-08-01 14:17:56,744 / INFO: Episode 210, Ave step reward -38.819332961053426
2026-08-01 14:18:01,126 / INFO: Episode 180, Ave step reward -118.49560328707146
2026-08-01 14:18:02,487 / INFO: Episode 210, Ave step reward -119.04055959849752
2026-08-01 14:18:03,196 / INFO: Episode 180, Ave step reward -118.39725451375176
2026-08-01 14:18:03,687 / INFO: Episode 180, Ave step reward -118.52841430131724
2026-08-01 14:18:04,567 / INFO: RL utililty: -2470.404246654627
2026-08-01 14:18:05,362 / INFO: Episode 180, Ave step reward -119.54109723212763
2026-08-01 14:18:05,667 / INFO: Episode 180, Ave step reward -118.675755665178
2026-08-01 14:18:07,391 / INFO: Episode 210, Ave step reward -119.04846655942981
2026-08-01 14:18:07,651 / INFO: Episode 210, Ave step reward -120.7197631230357
2026-08-01 14:18:09,071 / INFO: Episode 210, Ave step reward -119.98086356766207
2026-08-01 14:18:17,814 / INFO: Episode 220, Ave step reward -37.60115661916804
2026-08-01 14:18:23,220 / INFO: Episode 190, Ave step reward -118.92559001558129
2026-08-01 14:18:24,667 / INFO: Episode 220, Ave step reward -118.58055100988881
2026-08-01 14:18:24,736 / INFO: Episode 190, Ave step reward -118.13503222006995
2026-08-01 14:18:26,571 / INFO: Episode 190, Ave step reward -117.99821795450288
2026-08-01 14:18:28,989 / INFO: Episode 190, Ave step reward -119.29985580877361
2026-08-01 14:18:29,764 / INFO: Episode 190, Ave step reward -118.14583001122432
2026-08-01 14:18:31,944 / INFO: Episode 220, Ave step reward -121.15084459840708
2026-08-01 14:18:32,272 / INFO: Episode 220, Ave step reward -121.13461439119776
2026-08-01 14:18:34,565 / INFO: Episode 220, Ave step reward -119.86139846751594
2026-08-01 14:18:42,468 / INFO: Episode 230, Ave step reward -34.18631794579943
2026-08-01 14:18:46,649 / INFO: Episode 200, Ave step reward -120.02609996828137
2026-08-01 14:18:47,724 / INFO: Episode 200, Ave step reward -119.41530969855322
2026-08-01 14:18:48,240 / INFO: Episode 230, Ave step reward -120.18831390118935
2026-08-01 14:18:49,848 / INFO: Episode 200, Ave step reward -120.02471966229666
2026-08-01 14:18:51,947 / INFO: Episode 200, Ave step reward -118.93113220902653
2026-08-01 14:18:52,477 / INFO: Episode 200, Ave step reward -118.61125668170013
2026-08-01 14:18:53,624 / INFO: Episode 230, Ave step reward -120.5998502326034
2026-08-01 14:18:54,381 / INFO: Episode 230, Ave step reward -121.63567165521897
2026-08-01 14:18:55,506 / INFO: Episode 230, Ave step reward -121.42765572462014
2026-08-01 14:19:03,378 / INFO: Episode 240, Ave step reward -33.32990748239277
2026-08-01 14:19:08,911 / INFO: Episode 210, Ave step reward -119.80987335609578
2026-08-01 14:19:09,565 / INFO: Episode 210, Ave step reward -119.75017292251285
2026-08-01 14:19:10,201 / INFO: Episode 240, Ave step reward -121.16376300716813
2026-08-01 14:19:12,320 / INFO: Episode 210, Ave step reward -120.61473133796034
2026-08-01 14:19:14,631 / INFO: Episode 210, Ave step reward -118.89043740963989
2026-08-01 14:19:15,178 / INFO: Episode 210, Ave step reward -120.27927352449238
2026-08-01 14:19:16,236 / INFO: Episode 240, Ave step reward -120.70042699736975
2026-08-01 14:19:17,465 / INFO: Episode 240, Ave step reward -120.44361632682643
2026-08-01 14:19:17,918 / INFO: Episode 240, Ave step reward -120.77834745762712
2026-08-01 14:19:24,271 / INFO: Episode 250, Ave step reward -30.50004515400221
2026-08-01 14:19:30,972 / INFO: Episode 220, Ave step reward -121.87419182819927
2026-08-01 14:19:31,263 / INFO: Episode 220, Ave step reward -122.22501456650748
2026-08-01 14:19:31,734 / INFO: Episode 250, Ave step reward -120.6746263469953
2026-08-01 14:19:34,446 / INFO: Episode 220, Ave step reward -121.34541838808582
2026-08-01 14:19:36,641 / INFO: Episode 220, Ave step reward -120.91514536464909
2026-08-01 14:19:37,603 / INFO: Episode 220, Ave step reward -119.38733160770745
2026-08-01 14:19:37,842 / INFO: Episode 250, Ave step reward -121.48585006833704
2026-08-01 14:19:39,799 / INFO: Episode 250, Ave step reward -120.9869200958796
2026-08-01 14:19:40,152 / INFO: Episode 250, Ave step reward -121.31459901696648
2026-08-01 14:19:46,348 / INFO: Episode 260, Ave step reward -32.506205169402584
2026-08-01 14:19:52,781 / INFO: Episode 230, Ave step reward -120.2753458657009
2026-08-01 14:19:52,824 / INFO: Episode 230, Ave step reward -121.68861893753638
2026-08-01 14:19:53,144 / INFO: Episode 260, Ave step reward -122.07557988344516
2026-08-01 14:19:55,993 / INFO: Episode 230, Ave step reward -120.7242107974543
2026-08-01 14:19:58,602 / INFO: Episode 230, Ave step reward -122.14806997914383
2026-08-01 14:19:59,177 / INFO: Episode 260, Ave step reward -120.95041554954099
2026-08-01 14:19:59,238 / INFO: Episode 230, Ave step reward -119.60073448373156
2026-08-01 14:20:01,288 / INFO: Episode 260, Ave step reward -120.72321068158674
2026-08-01 14:20:01,975 / INFO: Episode 260, Ave step reward -120.48805078205392
2026-08-01 14:20:06,586 / INFO: Episode 270, Ave step reward -31.79892725560627
2026-08-01 14:20:13,360 / INFO: Episode 240, Ave step reward -120.15109449835137
2026-08-01 14:20:13,811 / INFO: Episode 270, Ave step reward -120.8120740698127
2026-08-01 14:20:14,020 / INFO: Episode 240, Ave step reward -120.35766433390413
2026-08-01 14:20:16,851 / INFO: Episode 240, Ave step reward -120.32183896421074
2026-08-01 14:20:19,613 / INFO: Episode 240, Ave step reward -120.93609735757146
2026-08-01 14:20:20,116 / INFO: Episode 270, Ave step reward -122.37128066073055
2026-08-01 14:20:20,741 / INFO: Episode 240, Ave step reward -121.64754716303077
2026-08-01 14:20:21,828 / INFO: Episode 270, Ave step reward -122.01330660759798
2026-08-01 14:20:22,712 / INFO: Episode 270, Ave step reward -121.85001611003496
2026-08-01 14:20:27,494 / INFO: Episode 280, Ave step reward -30.431864597314178
2026-08-01 14:20:34,972 / INFO: Episode 250, Ave step reward -120.553744265748
2026-08-01 14:20:35,371 / INFO: Episode 280, Ave step reward -121.6213997832085
2026-08-01 14:20:36,013 / INFO: Episode 250, Ave step reward -120.38334591409965
2026-08-01 14:20:38,203 / INFO: Episode 250, Ave step reward -121.4481729709116
2026-08-01 14:20:41,954 / INFO: Episode 280, Ave step reward -121.7155523255814
2026-08-01 14:20:42,157 / INFO: Episode 250, Ave step reward -119.84752733002884
2026-08-01 14:20:42,479 / INFO: Episode 250, Ave step reward -121.40253508386795
2026-08-01 14:20:42,909 / INFO: Episode 280, Ave step reward -121.70002340362633
2026-08-01 14:20:43,063 / INFO: Episode 280, Ave step reward -122.44360465116279
2026-08-01 14:20:48,814 / INFO: Episode 290, Ave step reward -30.360887401361147
2026-08-01 14:20:55,983 / INFO: Episode 290, Ave step reward -121.78838230908221
2026-08-01 14:20:56,361 / INFO: Episode 260, Ave step reward -122.4484681029573
2026-08-01 14:20:56,743 / INFO: Episode 260, Ave step reward -120.92238064968718
2026-08-01 14:20:59,689 / INFO: Episode 260, Ave step reward -121.9462705285944
2026-08-01 14:21:03,492 / INFO: Episode 290, Ave step reward -120.91559469846274
2026-08-01 14:21:03,688 / INFO: Episode 260, Ave step reward -122.23321665948549
2026-08-01 14:21:04,165 / INFO: Episode 260, Ave step reward -121.93396062494924
2026-08-01 14:21:04,549 / INFO: Episode 290, Ave step reward -122.53624558144057
2026-08-01 14:21:05,603 / INFO: Episode 290, Ave step reward -122.01193883729977
2026-08-01 14:21:10,597 / INFO: Episode 300, Ave step reward -29.4656178561614
2026-08-01 14:21:18,201 / INFO: Episode 300, Ave step reward -122.22887352036213
2026-08-01 14:21:18,758 / INFO: Episode 270, Ave step reward -122.17305100988881
2026-08-01 14:21:20,420 / INFO: Episode 270, Ave step reward -122.13516433390413
2026-08-01 14:21:22,074 / INFO: Episode 270, Ave step reward -121.64069923375797
2026-08-01 14:21:26,617 / INFO: Episode 270, Ave step reward -121.70862230472525
2026-08-01 14:21:26,818 / INFO: Episode 300, Ave step reward -122.96985177613084
2026-08-01 14:21:27,319 / INFO: Episode 270, Ave step reward -120.95709936703508
2026-08-01 14:21:27,928 / INFO: Episode 300, Ave step reward -122.3102761627907
2026-08-01 14:21:28,470 / INFO: Episode 300, Ave step reward -122.24947107804493
2026-08-01 14:21:30,364 / INFO: Non-strategic (Uniform) utility: -2426.9341212716063
2026-08-01 14:21:32,107 / INFO: Episode 310, Ave step reward -29.77184562805912
defend-1-0_0
2026-08-01 14:21:39,874 / INFO: Episode 310, Ave step reward -122.14279358851823
2026-08-01 14:21:41,410 / INFO: Episode 280, Ave step reward -120.95986788616582
2026-08-01 14:21:42,884 / INFO: Episode 280, Ave step reward -122.4970930390677
2026-08-01 14:21:44,461 / INFO: Episode 280, Ave step reward -122.28308740487138
2026-08-01 14:21:48,625 / INFO: Episode 280, Ave step reward -121.98056245771758
2026-08-01 14:21:49,131 / INFO: Episode 280, Ave step reward -122.60971615040624
2026-08-01 14:21:49,706 / INFO: Episode 310, Ave step reward -122.71417594599922
2026-08-01 14:21:50,085 / INFO: Episode 310, Ave step reward -122.96944613089111
2026-08-01 14:21:50,221 / INFO: Episode 310, Ave step reward -123.02806377341018
2026-08-01 14:21:53,247 / INFO: Episode 30, Ave step reward -2.37850000000001
2026-08-01 14:21:54,524 / INFO: Episode 320, Ave step reward -28.35017719521994
2026-08-01 14:22:00,631 / INFO: Non-strategic (Uniform) utility: -2426.9867931046806
2026-08-01 14:22:01,755 / INFO: Episode 320, Ave step reward -122.12666267450906
defend-0-0_0
2026-08-01 14:22:04,334 / INFO: Episode 290, Ave step reward -121.56446378445355
2026-08-01 14:22:04,414 / INFO: Episode 290, Ave step reward -122.64446378445355
2026-08-01 14:22:07,977 / INFO: Episode 290, Ave step reward -122.78055232558141
2026-08-01 14:22:11,065 / INFO: Episode 290, Ave step reward -122.99194635872601
2026-08-01 14:22:11,849 / INFO: Episode 290, Ave step reward -121.81579146278438
2026-08-01 14:22:12,635 / INFO: Episode 320, Ave step reward -121.98862362041783
2026-08-01 14:22:12,818 / INFO: Episode 40, Ave step reward -2.1390000000000082
2026-08-01 14:22:12,914 / INFO: Episode 320, Ave step reward -122.67279956641705
2026-08-01 14:22:13,937 / INFO: Episode 320, Ave step reward -121.96001742572757
2026-08-01 14:22:15,986 / INFO: Episode 330, Ave step reward -30.145876465286133
2026-08-01 14:22:23,096 / INFO: Episode 330, Ave step reward -122.12556997914382
2026-08-01 14:22:24,498 / INFO: Episode 30, Ave step reward -2.3280000000000087
2026-08-01 14:22:25,601 / INFO: Episode 300, Ave step reward -122.12596810295727
2026-08-01 14:22:27,024 / INFO: Episode 300, Ave step reward -122.02959303906769
2026-08-01 14:22:30,141 / INFO: Episode 300, Ave step reward -122.45152197206616
2026-08-01 14:22:32,632 / INFO: Episode 300, Ave step reward -121.52069923375797
2026-08-01 14:22:33,656 / INFO: Episode 50, Ave step reward -2.206500000000009
2026-08-01 14:22:34,599 / INFO: Episode 330, Ave step reward -121.47627052859438
2026-08-01 14:22:35,085 / INFO: Episode 300, Ave step reward -121.22125863339451
2026-08-01 14:22:35,095 / INFO: Episode 340, Ave step reward -28.355618367915167
2026-08-01 14:22:36,444 / INFO: Episode 330, Ave step reward -122.86185924915836
2026-08-01 14:22:36,714 / INFO: Episode 330, Ave step reward -123.02849436580367
2026-08-01 14:22:42,641 / INFO: Episode 40, Ave step reward -2.3620000000000094
2026-08-01 14:22:43,432 / INFO: Episode 340, Ave step reward -122.1287705285944
2026-08-01 14:22:46,676 / INFO: Episode 310, Ave step reward -122.12845067722975
2026-08-01 14:22:47,104 / INFO: Episode 310, Ave step reward -122.98834591409964
2026-08-01 14:22:51,087 / INFO: Episode 310, Ave step reward -121.58488064968718
2026-08-01 14:22:52,952 / INFO: Episode 310, Ave step reward -121.24391743677093
2026-08-01 14:22:53,152 / INFO: Episode 60, Ave step reward -2.251500000000009
2026-08-01 14:22:53,362 / INFO: Episode 340, Ave step reward -122.97539835164835
2026-08-01 14:22:55,814 / INFO: Episode 350, Ave step reward -28.702836866917878
2026-08-01 14:22:56,168 / INFO: Episode 310, Ave step reward -122.31520189062132
2026-08-01 14:22:56,311 / INFO: Episode 340, Ave step reward -122.22875155933939
2026-08-01 14:22:57,808 / INFO: Episode 340, Ave step reward -123.00735177613086
2026-08-01 14:23:00,641 / INFO: Episode 50, Ave step reward -2.41850000000001
2026-08-01 14:23:04,891 / INFO: Episode 350, Ave step reward -122.88679945054945
2026-08-01 14:23:05,413 / INFO: Episode 320, Ave step reward -122.65071665948554
2026-08-01 14:23:06,964 / INFO: Episode 320, Ave step reward -123.00472229368182
2026-08-01 14:23:12,384 / INFO: Episode 350, Ave step reward -123.30279358851823
2026-08-01 14:23:12,732 / INFO: Episode 320, Ave step reward -122.00416996810046
2026-08-01 14:23:12,748 / INFO: Episode 70, Ave step reward -2.2910000000000097
2026-08-01 14:23:13,465 / INFO: Episode 320, Ave step reward -121.8473632239596
2026-08-01 14:23:14,838 / INFO: Episode 360, Ave step reward -26.881148413274175
2026-08-01 14:23:15,862 / INFO: Episode 320, Ave step reward -122.07827934088114
2026-08-01 14:23:16,852 / INFO: Episode 350, Ave step reward -122.52389978320852
2026-08-01 14:23:17,852 / INFO: Episode 350, Ave step reward -122.72612362041782
2026-08-01 14:23:19,465 / INFO: Episode 60, Ave step reward -2.4710000000000103
2026-08-01 14:23:25,972 / INFO: Episode 330, Ave step reward -122.11348684437742
2026-08-01 14:23:26,980 / INFO: Episode 360, Ave step reward -122.5129404966948
2026-08-01 14:23:27,594 / INFO: Episode 330, Ave step reward -122.75863506824656
2026-08-01 14:23:31,776 / INFO: Episode 360, Ave step reward -122.70363506824657
2026-08-01 14:23:33,741 / INFO: Episode 330, Ave step reward -123.24431687627701
2026-08-01 14:23:34,733 / INFO: Episode 370, Ave step reward -26.677272673384177
2026-08-01 14:23:35,315 / INFO: Episode 330, Ave step reward -123.01680935485074
2026-08-01 14:23:35,723 / INFO: Episode 80, Ave step reward -2.2245000000000092
2026-08-01 14:23:36,880 / INFO: Episode 360, Ave step reward -122.9806932558592
2026-08-01 14:23:37,357 / INFO: Episode 330, Ave step reward -121.95241313041497
2026-08-01 14:23:38,170 / INFO: Episode 360, Ave step reward -122.47319923375797
2026-08-01 14:23:40,904 / INFO: Episode 70, Ave step reward -2.3550000000000093
2026-08-01 14:23:47,475 / INFO: Episode 340, Ave step reward -123.20374580927546
2026-08-01 14:23:48,296 / INFO: Episode 340, Ave step reward -122.62501588220007
2026-08-01 14:23:49,901 / INFO: Episode 370, Ave step reward -122.64
2026-08-01 14:23:54,341 / INFO: Episode 340, Ave step reward -122.0436236204178
2026-08-01 14:23:55,546 / INFO: Episode 370, Ave step reward -123.44806975130894
2026-08-01 14:23:56,230 / INFO: Episode 380, Ave step reward -26.932401800059875
2026-08-01 14:23:56,389 / INFO: Episode 90, Ave step reward -2.45250000000001
2026-08-01 14:23:57,126 / INFO: Episode 340, Ave step reward -122.79972229368184
2026-08-01 14:23:58,050 / INFO: Episode 370, Ave step reward -122.96305232558139
2026-08-01 14:23:58,498 / INFO: Episode 340, Ave step reward -122.36816313749205
2026-08-01 14:23:59,247 / INFO: Episode 370, Ave step reward -122.63389226178225
2026-08-01 14:24:00,680 / INFO: Episode 80, Ave step reward -2.279500000000009
2026-08-01 14:24:08,136 / INFO: Episode 350, Ave step reward -123.03252340362634
2026-08-01 14:24:09,043 / INFO: Episode 350, Ave step reward -121.95666865240784
2026-08-01 14:24:10,820 / INFO: Episode 380, Ave step reward -123.4
2026-08-01 14:24:12,948 / INFO: Episode 350, Ave step reward -122.65254237288134
2026-08-01 14:24:16,135 / INFO: Episode 100, Ave step reward -2.2585000000000095
2026-08-01 14:24:16,202 / INFO: Episode 390, Ave step reward -27.68838970425301
2026-08-01 14:24:16,925 / INFO: Episode 380, Ave step reward -123.00334745762711
2026-08-01 14:24:18,945 / INFO: Episode 90, Ave step reward -2.247500000000009
2026-08-01 14:24:19,379 / INFO: Episode 380, Ave step reward -122.90612362041782
2026-08-01 14:24:19,564 / INFO: Episode 350, Ave step reward -122.21916365871911
2026-08-01 14:24:19,610 / INFO: Episode 350, Ave step reward -122.45166996810043
2026-08-01 14:24:20,875 / INFO: Episode 380, Ave step reward -122.60444613089112
2026-08-01 14:24:30,410 / INFO: Episode 360, Ave step reward -123.04916996810043
2026-08-01 14:24:30,953 / INFO: Episode 360, Ave step reward -122.41431687627701
2026-08-01 14:24:32,281 / INFO: Episode 390, Ave step reward -122.89916996810045
2026-08-01 14:24:34,096 / INFO: Episode 360, Ave step reward -123.00542307096727
2026-08-01 14:24:37,038 / INFO: Episode 400, Ave step reward -26.716731439858226
2026-08-01 14:24:37,261 / INFO: Episode 110, Ave step reward -2.40600000000001
2026-08-01 14:24:38,334 / INFO: Episode 390, Ave step reward -122.68694613089112
2026-08-01 14:24:39,659 / INFO: Episode 100, Ave step reward -2.2440000000000087
2026-08-01 14:24:42,332 / INFO: Episode 360, Ave step reward -122.34378296063319
2026-08-01 14:24:43,679 / INFO: Episode 390, Ave step reward -123.28889380530974
2026-08-01 14:24:44,613 / INFO: Episode 360, Ave step reward -122.63997396498851
2026-08-01 14:24:44,948 / INFO: Episode 390, Ave step reward -123.03751742572754
2026-08-01 14:24:52,775 / INFO: Episode 370, Ave step reward -123.12777616279071
2026-08-01 14:24:54,033 / INFO: Episode 370, Ave step reward -122.6605523255814
2026-08-01 14:24:54,430 / INFO: Episode 400, Ave step reward -123.05042307096727
2026-08-01 14:24:56,026 / INFO: Episode 370, Ave step reward -122.79724126293684
2026-08-01 14:24:57,514 / INFO: Episode 410, Ave step reward -26.952125637269173
2026-08-01 14:24:58,882 / INFO: Episode 400, Ave step reward -123.5702761627907
2026-08-01 14:24:59,069 / INFO: Episode 120, Ave step reward -2.34000000000001
2026-08-01 14:25:00,194 / INFO: Episode 110, Ave step reward -2.246000000000009
2026-08-01 14:25:04,603 / INFO: Episode 370, Ave step reward -122.35124633967611
2026-08-01 14:25:04,651 / INFO: Episode 400, Ave step reward -123.04251742572755
2026-08-01 14:25:05,915 / INFO: Episode 400, Ave step reward -123.2575
2026-08-01 14:25:06,993 / INFO: Episode 370, Ave step reward -122.08278761061948
2026-08-01 14:25:14,783 / INFO: Episode 380, Ave step reward -122.1701643339041
2026-08-01 14:25:15,244 / INFO: Episode 380, Ave step reward -122.74000000000002
2026-08-01 14:25:15,756 / INFO: Episode 380, Ave step reward -123.17279358851825
2026-08-01 14:25:15,904 / INFO: Episode 410, Ave step reward -123.045
2026-08-01 14:25:17,801 / INFO: Episode 420, Ave step reward -26.94519693210559
2026-08-01 14:25:19,401 / INFO: Episode 410, Ave step reward -123.44555232558139
2026-08-01 14:25:20,121 / INFO: Episode 120, Ave step reward -2.2875000000000094
2026-08-01 14:25:21,535 / INFO: Episode 130, Ave step reward -2.33400000000001
2026-08-01 14:25:23,404 / INFO: Episode 410, Ave step reward -123.295
2026-08-01 14:25:23,652 / INFO: Episode 410, Ave step reward -123.535
2026-08-01 14:25:23,970 / INFO: Episode 380, Ave step reward -123.12699541743137
2026-08-01 14:25:27,969 / INFO: Episode 380, Ave step reward -122.74806377341015
2026-08-01 14:25:34,078 / INFO: Episode 390, Ave step reward -122.7325
2026-08-01 14:25:34,984 / INFO: Episode 390, Ave step reward -123.00238817111341
2026-08-01 14:25:36,738 / INFO: Episode 390, Ave step reward -122.91779358851825
2026-08-01 14:25:36,763 / INFO: Episode 430, Ave step reward -26.230050535682768
2026-08-01 14:25:37,919 / INFO: Episode 420, Ave step reward -122.40596941864986
2026-08-01 14:25:38,547 / INFO: Episode 420, Ave step reward -123.13792307096726
2026-08-01 14:25:41,216 / INFO: Episode 130, Ave step reward -2.159500000000009
2026-08-01 14:25:43,423 / INFO: Episode 140, Ave step reward -2.2820000000000094
2026-08-01 14:25:43,955 / INFO: Episode 420, Ave step reward -123.58778761061946
2026-08-01 14:25:44,165 / INFO: Episode 420, Ave step reward -121.81001742572755
2026-08-01 14:25:44,918 / INFO: Episode 390, Ave step reward -121.82667533252238
2026-08-01 14:25:48,248 / INFO: Episode 390, Ave step reward -123.01500000000001
2026-08-01 14:25:53,945 / INFO: Episode 400, Ave step reward -123.21222252151672
2026-08-01 14:25:56,060 / INFO: Episode 400, Ave step reward -123.0108284883721
2026-08-01 14:25:56,152 / INFO: Episode 400, Ave step reward -123.15292307096728
2026-08-01 14:25:57,058 / INFO: Episode 430, Ave step reward -122.15889380530975
2026-08-01 14:25:57,393 / INFO: Episode 440, Ave step reward -26.928648925027925
2026-08-01 14:25:58,654 / INFO: Episode 430, Ave step reward -123.255
2026-08-01 14:26:00,157 / INFO: Episode 140, Ave step reward -2.251500000000009
2026-08-01 14:26:03,593 / INFO: Episode 430, Ave step reward -123.2525
2026-08-01 14:26:03,944 / INFO: Episode 150, Ave step reward -2.35250000000001
2026-08-01 14:26:04,834 / INFO: Episode 430, Ave step reward -123.23777616279068
2026-08-01 14:26:06,285 / INFO: Episode 400, Ave step reward -122.95957561334015
2026-08-01 14:26:06,538 / INFO: Episode 400, Ave step reward -121.91722305191732
2026-08-01 14:26:13,015 / INFO: Episode 410, Ave step reward -122.04084745762711
2026-08-01 14:26:16,955 / INFO: Episode 440, Ave step reward -122.63429945054945
2026-08-01 14:26:17,153 / INFO: Episode 410, Ave step reward -122.99027616279069
2026-08-01 14:26:17,245 / INFO: Episode 410, Ave step reward -123.00889380530974
2026-08-01 14:26:17,355 / INFO: Episode 450, Ave step reward -26.93909086535375
2026-08-01 14:26:20,637 / INFO: Episode 440, Ave step reward -123.5340407134863
2026-08-01 14:26:21,445 / INFO: Episode 150, Ave step reward -2.273000000000009
2026-08-01 14:26:25,130 / INFO: Episode 160, Ave step reward -2.233500000000009
2026-08-01 14:26:25,814 / INFO: Episode 440, Ave step reward -123.55362362041782
2026-08-01 14:26:26,083 / INFO: Episode 440, Ave step reward -123.33389380530974
2026-08-01 14:26:27,695 / INFO: Episode 410, Ave step reward -123.28000000000002
2026-08-01 14:26:28,851 / INFO: Episode 410, Ave step reward -122.36230245682471
2026-08-01 14:26:36,329 / INFO: Episode 420, Ave step reward -123.26138651171837
2026-08-01 14:26:36,693 / INFO: Episode 460, Ave step reward -25.49005091949808
2026-08-01 14:26:36,952 / INFO: Episode 420, Ave step reward -123.01596941864989
2026-08-01 14:26:36,971 / INFO: Episode 450, Ave step reward -123.4190407134863
2026-08-01 14:26:38,146 / INFO: Episode 420, Ave step reward -123.2455523255814
2026-08-01 14:26:41,090 / INFO: Episode 160, Ave step reward -2.4910000000000108
2026-08-01 14:26:42,232 / INFO: Episode 450, Ave step reward -123.2330523255814
2026-08-01 14:26:46,652 / INFO: Episode 170, Ave step reward -2.3310000000000097
2026-08-01 14:26:47,273 / INFO: Episode 450, Ave step reward -123.49679945054945
2026-08-01 14:26:48,732 / INFO: Episode 450, Ave step reward -123.67834745762711
2026-08-01 14:26:48,988 / INFO: Episode 420, Ave step reward -122.78000000000002
2026-08-01 14:26:51,426 / INFO: Episode 420, Ave step reward -123.13944688912665
2026-08-01 14:26:57,902 / INFO: Episode 460, Ave step reward -123.48916996810046
2026-08-01 14:26:58,160 / INFO: Episode 470, Ave step reward -25.49032695435034
2026-08-01 14:26:58,357 / INFO: Episode 430, Ave step reward -122.97584745762714
2026-08-01 14:26:58,962 / INFO: Episode 430, Ave step reward -123.485
2026-08-01 14:26:59,994 / INFO: Episode 430, Ave step reward -122.98527616279071
2026-08-01 14:27:02,689 / INFO: Episode 170, Ave step reward -2.226500000000009
2026-08-01 14:27:03,467 / INFO: Episode 460, Ave step reward -123.4752761627907
2026-08-01 14:27:06,868 / INFO: Episode 180, Ave step reward -2.248000000000009
2026-08-01 14:27:09,316 / INFO: Episode 430, Ave step reward -122.97916996810045
2026-08-01 14:27:09,328 / INFO: Episode 460, Ave step reward -123.1830523255814
2026-08-01 14:27:09,957 / INFO: Episode 460, Ave step reward -123.54389380530975
2026-08-01 14:27:13,586 / INFO: Episode 430, Ave step reward -122.80329814403044
2026-08-01 14:27:16,344 / INFO: Episode 480, Ave step reward -25.74032695435034
2026-08-01 14:27:17,722 / INFO: Episode 440, Ave step reward -123.25027616279068
2026-08-01 14:27:18,692 / INFO: Episode 470, Ave step reward -123.43
2026-08-01 14:27:18,725 / INFO: Episode 440, Ave step reward -123.42707561334015
2026-08-01 14:27:19,350 / INFO: Episode 440, Ave step reward -123.47027616279068
2026-08-01 14:27:22,462 / INFO: Episode 180, Ave step reward -2.36850000000001
2026-08-01 14:27:24,581 / INFO: Episode 190, Ave step reward -2.253000000000009
2026-08-01 14:27:24,815 / INFO: Episode 470, Ave step reward -123.535
2026-08-01 14:27:28,984 / INFO: Episode 440, Ave step reward -123.20250000000001
2026-08-01 14:27:29,685 / INFO: Episode 470, Ave step reward -122.95499270640863
2026-08-01 14:27:29,893 / INFO: Episode 470, Ave step reward -123.485
2026-08-01 14:27:31,263 / INFO: Episode 440, Ave step reward -122.59307050954445
2026-08-01 14:27:34,801 / INFO: Episode 490, Ave step reward -25.735326698473465
2026-08-01 14:27:36,923 / INFO: Episode 450, Ave step reward -123.52224126293684
2026-08-01 14:27:37,929 / INFO: Episode 450, Ave step reward -123.25416996810043
2026-08-01 14:27:39,174 / INFO: Episode 450, Ave step reward -122.45277616279073
2026-08-01 14:27:39,882 / INFO: Episode 480, Ave step reward -123.485
2026-08-01 14:27:41,524 / INFO: Episode 190, Ave step reward -2.2750000000000092
2026-08-01 14:27:42,912 / INFO: Episode 200, Ave step reward -2.249500000000009
2026-08-01 14:27:45,104 / INFO: Episode 480, Ave step reward -123.635
2026-08-01 14:27:48,801 / INFO: Episode 480, Ave step reward -123.53362362041781
2026-08-01 14:27:49,145 / INFO: Episode 450, Ave step reward -122.77500000000002
2026-08-01 14:27:50,643 / INFO: Episode 480, Ave step reward -123.54
2026-08-01 14:27:51,467 / INFO: Episode 450, Ave step reward -122.64458189566503
2026-08-01 14:27:54,398 / INFO: Episode 500, Ave step reward -26.22532644259659
2026-08-01 14:27:56,394 / INFO: Episode 460, Ave step reward -123.46707561334013
2026-08-01 14:27:57,346 / INFO: Episode 460, Ave step reward -123.53
2026-08-01 14:27:58,989 / INFO: Episode 460, Ave step reward -123.2927761627907
2026-08-01 14:27:59,877 / INFO: Episode 490, Ave step reward -123.37027616279069
2026-08-01 14:28:00,653 / INFO: Episode 200, Ave step reward -2.2445000000000093
2026-08-01 14:28:02,577 / INFO: Episode 210, Ave step reward -2.33450000000001
2026-08-01 14:28:04,041 / INFO: Episode 490, Ave step reward -123.07514690817656
2026-08-01 14:28:07,312 / INFO: Episode 490, Ave step reward -123.29027616279069
2026-08-01 14:28:10,133 / INFO: Episode 460, Ave step reward -123.5402761627907
2026-08-01 14:28:11,316 / INFO: Episode 490, Ave step reward -123.505
2026-08-01 14:28:11,854 / INFO: Episode 460, Ave step reward -123.02958189566503
2026-08-01 14:28:17,099 / INFO: Episode 470, Ave step reward -122.8725
2026-08-01 14:28:17,162 / INFO: Episode 470, Ave step reward -123.24277616279069
2026-08-01 14:28:19,153 / INFO: Episode 470, Ave step reward -123.26000000000002
2026-08-01 14:28:19,228 / INFO: Episode 500, Ave step reward -123.42
2026-08-01 14:28:20,217 / INFO: Episode 210, Ave step reward -2.34900000000001
2026-08-01 14:28:22,679 / INFO: Episode 220, Ave step reward -2.2445000000000093
2026-08-01 14:28:24,868 / INFO: Episode 500, Ave step reward -123.01527616279071
2026-08-01 14:28:27,677 / INFO: Episode 500, Ave step reward -123.07834745762712
2026-08-01 14:28:30,552 / INFO: Episode 470, Ave step reward -123.29834745762713
2026-08-01 14:28:32,347 / INFO: Episode 500, Ave step reward -123.53039835164834
2026-08-01 14:28:32,938 / INFO: Episode 470, Ave step reward -122.62107430682111
2026-08-01 14:28:38,133 / INFO: Episode 480, Ave step reward -123.49389380530974
2026-08-01 14:28:38,609 / INFO: Episode 480, Ave step reward -123.43027616279069
2026-08-01 14:28:41,115 / INFO: Episode 220, Ave step reward -2.34000000000001
2026-08-01 14:28:41,326 / INFO: Episode 480, Ave step reward -123.55555232558142
2026-08-01 14:28:44,508 / INFO: Episode 230, Ave step reward -2.2085000000000092
2026-08-01 14:28:54,084 / INFO: Episode 480, Ave step reward -123.46500000000002
2026-08-01 14:28:55,780 / INFO: Episode 480, Ave step reward -122.84329814403041
2026-08-01 14:29:00,766 / INFO: Episode 490, Ave step reward -123.3
2026-08-01 14:29:01,155 / INFO: Episode 490, Ave step reward -123.265
2026-08-01 14:29:02,219 / INFO: Episode 230, Ave step reward -2.4335000000000107
2026-08-01 14:29:03,146 / INFO: Episode 490, Ave step reward -123.50000000000001
2026-08-01 14:29:04,611 / INFO: Episode 240, Ave step reward -2.36150000000001
2026-08-01 14:29:13,264 / INFO: Episode 490, Ave step reward -123.56000000000002
2026-08-01 14:29:15,598 / INFO: Episode 490, Ave step reward -122.7650975945799
2026-08-01 14:29:19,336 / INFO: Episode 500, Ave step reward -123.54
2026-08-01 14:29:19,946 / INFO: Episode 240, Ave step reward -2.2500000000000093
2026-08-01 14:29:20,320 / INFO: Episode 500, Ave step reward -123.23084745762712
2026-08-01 14:29:22,250 / INFO: Episode 500, Ave step reward -122.99679945054946
2026-08-01 14:29:22,525 / INFO: Episode 250, Ave step reward -2.2085000000000092
2026-08-01 14:29:32,311 / INFO: Episode 500, Ave step reward -123.31389380530975
2026-08-01 14:29:35,362 / INFO: Episode 500, Ave step reward -123.16214939893423
2026-08-01 14:29:38,084 / INFO: Episode 250, Ave step reward -2.32200000000001
2026-08-01 14:29:41,565 / INFO: Episode 260, Ave step reward -2.2625000000000095
2026-08-01 14:29:55,718 / INFO: Episode 260, Ave step reward -2.2030000000000087
2026-08-01 14:30:00,297 / INFO: Episode 270, Ave step reward -2.187000000000009
2026-08-01 14:30:15,029 / INFO: Episode 270, Ave step reward -2.36850000000001
2026-08-01 14:30:20,230 / INFO: Episode 280, Ave step reward -2.253500000000009
2026-08-01 14:30:33,821 / INFO: Episode 280, Ave step reward -2.1510000000000087
2026-08-01 14:30:38,703 / INFO: Episode 290, Ave step reward -2.2140000000000093
2026-08-01 14:30:52,065 / INFO: Episode 290, Ave step reward -2.2085000000000092
2026-08-01 14:30:58,568 / INFO: Episode 300, Ave step reward -2.1815000000000087
2026-08-01 14:31:12,188 / INFO: Episode 300, Ave step reward -2.2140000000000093
2026-08-01 14:31:17,454 / INFO: Episode 310, Ave step reward -2.2500000000000093
2026-08-01 14:31:30,435 / INFO: Episode 310, Ave step reward -2.1310000000000087
2026-08-01 14:31:36,423 / INFO: Episode 320, Ave step reward -2.196000000000009
2026-08-01 14:31:48,792 / INFO: Episode 320, Ave step reward -2.3165000000000098
2026-08-01 14:31:55,306 / INFO: Episode 330, Ave step reward -2.3200000000000096
2026-08-01 14:32:05,916 / INFO: RL utililty: -598.5911717177756
2026-08-01 14:32:07,952 / INFO: Episode 330, Ave step reward -2.36700000000001
2026-08-01 14:32:15,397 / INFO: Episode 340, Ave step reward -2.42800000000001
2026-08-01 14:32:27,266 / INFO: Episode 340, Ave step reward -2.3110000000000097
2026-08-01 14:32:33,909 / INFO: Episode 350, Ave step reward -2.196000000000009
2026-08-01 14:32:42,003 / INFO: RL utililty: -2469.7180781066554
2026-08-01 14:32:45,875 / INFO: Episode 350, Ave step reward -2.2950000000000097
2026-08-01 14:32:53,157 / INFO: Episode 360, Ave step reward -2.2625000000000095
2026-08-01 14:33:04,645 / INFO: Episode 360, Ave step reward -2.2680000000000096
2026-08-01 14:33:07,721 / INFO: RL utililty: -2472.2734566412346
2026-08-01 14:33:08,576 / INFO: RL utililty: -2471.8754984376765
2026-08-01 14:33:12,342 / INFO: Episode 370, Ave step reward -2.3040000000000096
2026-08-01 14:33:16,849 / INFO: RL utililty: -2472.2225723991173
2026-08-01 14:33:23,475 / INFO: Episode 370, Ave step reward -2.34350000000001
2026-08-01 14:33:31,636 / INFO: Episode 380, Ave step reward -2.2950000000000097
2026-08-01 14:33:42,822 / INFO: Episode 380, Ave step reward -2.205000000000009
2026-08-01 14:33:50,516 / INFO: RL utililty: -2472.320027313976
2026-08-01 14:33:51,220 / INFO: Episode 390, Ave step reward -2.2500000000000093
2026-08-01 14:33:52,652 / INFO: RL utililty: -2471.5218159739366
2026-08-01 14:33:57,133 / INFO: RL utililty: -2472.0865414617324
2026-08-01 14:34:02,192 / INFO: Episode 390, Ave step reward -2.37600000000001
2026-08-01 14:34:08,351 / INFO: RL utililty: -2472.0016306151792
2026-08-01 14:34:10,952 / INFO: Episode 400, Ave step reward -2.142000000000009
2026-08-01 14:34:21,868 / INFO: Episode 400, Ave step reward -2.1330000000000084
2026-08-01 14:34:24,794 / INFO: RL utililty: -2464.223303791203
2026-08-01 14:34:31,361 / INFO: Episode 410, Ave step reward -2.2950000000000097
2026-08-01 14:34:41,206 / INFO: Episode 410, Ave step reward -2.3310000000000097
2026-08-01 14:34:51,195 / INFO: Episode 420, Ave step reward -2.0915000000000084
2026-08-01 14:35:00,173 / INFO: Episode 420, Ave step reward -2.28600000000001
2026-08-01 14:35:10,705 / INFO: Episode 430, Ave step reward -2.4030000000000102
2026-08-01 14:35:13,612 / INFO: Non-strategic (Uniform) utility: -2427.1995823359375
defend-9-0_0
2026-08-01 14:35:19,584 / INFO: Episode 430, Ave step reward -2.2950000000000097
2026-08-01 14:35:30,422 / INFO: Episode 440, Ave step reward -2.3040000000000096
2026-08-01 14:35:34,682 / INFO: Episode 30, Ave step reward -2.3995000000000095
2026-08-01 14:35:39,242 / INFO: Episode 440, Ave step reward -2.42800000000001
2026-08-01 14:35:46,307 / INFO: Non-strategic (Uniform) utility: -2426.9783169016964
2026-08-01 14:35:50,636 / INFO: Episode 450, Ave step reward -2.232000000000009
2026-08-01 14:35:53,731 / INFO: Episode 40, Ave step reward -2.249500000000009
2026-08-01 14:36:00,298 / INFO: Episode 450, Ave step reward -2.2590000000000092
2026-08-01 14:36:12,356 / INFO: Episode 460, Ave step reward -2.223000000000009
2026-08-01 14:36:12,576 / INFO: Episode 50, Ave step reward -2.3210000000000095
2026-08-01 14:36:13,826 / INFO: Non-strategic (Uniform) utility: -2427.354504387668
2026-08-01 14:36:15,931 / INFO: Non-strategic (Uniform) utility: -2427.2497759423577
defend-6-0_0
defend-11-0_0
2026-08-01 14:36:20,641 / INFO: Episode 460, Ave step reward -2.2805000000000093
2026-08-01 14:36:22,590 / INFO: Non-strategic (Uniform) utility: -2427.172455046049
defend-5-0_0
2026-08-01 14:36:32,395 / INFO: Episode 60, Ave step reward -2.276000000000009
2026-08-01 14:36:34,539 / INFO: Episode 470, Ave step reward -2.2140000000000093
2026-08-01 14:36:36,187 / INFO: Episode 30, Ave step reward -2.315500000000009
2026-08-01 14:36:39,039 / INFO: Episode 30, Ave step reward -2.48100000000001
2026-08-01 14:36:42,054 / INFO: Episode 470, Ave step reward -2.2680000000000096
2026-08-01 14:36:44,725 / INFO: Episode 30, Ave step reward -2.3875000000000095
2026-08-01 14:36:51,807 / INFO: Episode 70, Ave step reward -2.206000000000009
2026-08-01 14:36:54,628 / INFO: Episode 40, Ave step reward -2.328000000000009
2026-08-01 14:36:54,671 / INFO: Episode 480, Ave step reward -2.3040000000000096
2026-08-01 14:36:57,062 / INFO: Non-strategic (Uniform) utility: -2427.0758518061725
2026-08-01 14:36:57,286 / INFO: Episode 40, Ave step reward -2.2725000000000093
defend-10-0_0
2026-08-01 14:37:01,134 / INFO: Non-strategic (Uniform) utility: -2426.962939242834
2026-08-01 14:37:01,951 / INFO: Episode 480, Ave step reward -2.34900000000001
2026-08-01 14:37:02,338 / INFO: Episode 40, Ave step reward -2.224000000000009
defend-8-0_0
2026-08-01 14:37:05,748 / INFO: Non-strategic (Uniform) utility: -2427.34436416215
2026-08-01 14:37:10,875 / INFO: Episode 80, Ave step reward -2.1075000000000084
2026-08-01 14:37:12,780 / INFO: Episode 50, Ave step reward -2.1875000000000084
2026-08-01 14:37:14,337 / INFO: Episode 490, Ave step reward -2.2500000000000093
2026-08-01 14:37:15,205 / INFO: Episode 50, Ave step reward -2.249500000000009
2026-08-01 14:37:16,941 / INFO: Episode 30, Ave step reward -2.317500000000009
2026-08-01 14:37:17,309 / INFO: Non-strategic (Uniform) utility: -2427.148800383854
defend-3-0_0
2026-08-01 14:37:20,292 / INFO: Episode 50, Ave step reward -2.35550000000001
2026-08-01 14:37:20,335 / INFO: Episode 30, Ave step reward -2.39250000000001
2026-08-01 14:37:20,846 / INFO: Episode 490, Ave step reward -2.3940000000000103
2026-08-01 14:37:29,307 / INFO: Episode 90, Ave step reward -2.1865000000000085
2026-08-01 14:37:30,502 / INFO: Episode 60, Ave step reward -2.237000000000009
2026-08-01 14:37:33,274 / INFO: Episode 500, Ave step reward -2.4390000000000107
2026-08-01 14:37:33,395 / INFO: Episode 60, Ave step reward -2.233000000000009
2026-08-01 14:37:33,636 / INFO: Non-strategic (Uniform) utility: -2427.2574411083892
2026-08-01 14:37:33,730 / INFO: Episode 40, Ave step reward -2.1895000000000087
defend-7-0_0
2026-08-01 14:37:37,330 / INFO: Episode 30, Ave step reward -2.3465000000000096
2026-08-01 14:37:37,750 / INFO: Episode 40, Ave step reward -2.331500000000009
2026-08-01 14:37:38,155 / INFO: Episode 60, Ave step reward -2.301500000000009
2026-08-01 14:37:39,491 / INFO: Episode 500, Ave step reward -2.4120000000000106
2026-08-01 14:37:47,522 / INFO: Episode 100, Ave step reward -2.248000000000009
2026-08-01 14:37:48,435 / INFO: Episode 70, Ave step reward -2.2820000000000094
2026-08-01 14:37:50,492 / INFO: Episode 50, Ave step reward -2.231500000000009
2026-08-01 14:37:50,642 / INFO: Episode 70, Ave step reward -2.4365000000000103
2026-08-01 14:37:53,571 / INFO: Episode 30, Ave step reward -2.301500000000009
2026-08-01 14:37:54,555 / INFO: Episode 40, Ave step reward -2.3570000000000095
2026-08-01 14:37:55,209 / INFO: Episode 50, Ave step reward -2.4515000000000096
2026-08-01 14:37:55,984 / INFO: Episode 70, Ave step reward -2.141000000000008
2026-08-01 14:38:05,462 / INFO: Episode 110, Ave step reward -2.37550000000001
2026-08-01 14:38:06,081 / INFO: Episode 80, Ave step reward -2.3230000000000093
2026-08-01 14:38:07,873 / INFO: Episode 60, Ave step reward -2.3450000000000095
2026-08-01 14:38:08,506 / INFO: Episode 80, Ave step reward -2.2905000000000095
2026-08-01 14:38:10,884 / INFO: Episode 40, Ave step reward -2.288500000000009
2026-08-01 14:38:11,670 / INFO: Episode 50, Ave step reward -2.2380000000000084
2026-08-01 14:38:12,298 / INFO: Episode 60, Ave step reward -2.3715000000000086
2026-08-01 14:38:13,832 / INFO: Episode 80, Ave step reward -2.263500000000009
2026-08-01 14:38:22,902 / INFO: Episode 120, Ave step reward -2.289000000000009
2026-08-01 14:38:24,132 / INFO: Episode 90, Ave step reward -2.3250000000000095
2026-08-01 14:38:25,073 / INFO: Episode 70, Ave step reward -2.2655000000000087
2026-08-01 14:38:25,763 / INFO: Episode 90, Ave step reward -2.227500000000009
2026-08-01 14:38:27,722 / INFO: Episode 50, Ave step reward -2.337000000000009
2026-08-01 14:38:28,401 / INFO: Episode 60, Ave step reward -2.2600000000000087
2026-08-01 14:38:29,659 / INFO: Episode 70, Ave step reward -2.301500000000008
2026-08-01 14:38:31,265 / INFO: Episode 90, Ave step reward -2.2350000000000088
2026-08-01 14:38:41,087 / INFO: Episode 130, Ave step reward -2.1725000000000088
2026-08-01 14:38:41,512 / INFO: Episode 100, Ave step reward -2.1130000000000084
2026-08-01 14:38:42,406 / INFO: Episode 80, Ave step reward -2.3935000000000097
2026-08-01 14:38:43,033 / INFO: Episode 100, Ave step reward -2.1505000000000085
2026-08-01 14:38:44,251 / INFO: Episode 60, Ave step reward -2.2800000000000096
2026-08-01 14:38:45,824 / INFO: Episode 70, Ave step reward -2.118000000000008
2026-08-01 14:38:47,482 / INFO: Episode 80, Ave step reward -2.3925000000000085
2026-08-01 14:38:48,711 / INFO: Episode 100, Ave step reward -2.36150000000001
2026-08-01 14:38:59,115 / INFO: Episode 140, Ave step reward -2.35950000000001
2026-08-01 14:38:59,260 / INFO: Episode 110, Ave step reward -2.3160000000000096
2026-08-01 14:39:00,098 / INFO: Episode 110, Ave step reward -2.201000000000009
2026-08-01 14:39:00,219 / INFO: Episode 90, Ave step reward -2.226000000000009
2026-08-01 14:39:01,659 / INFO: Episode 70, Ave step reward -2.3030000000000093
2026-08-01 14:39:03,211 / INFO: Episode 80, Ave step reward -2.5050000000000106
2026-08-01 14:39:05,294 / INFO: Episode 90, Ave step reward -2.236500000000008
2026-08-01 14:39:06,954 / INFO: Episode 110, Ave step reward -2.2190000000000087
2026-08-01 14:39:18,220 / INFO: Episode 150, Ave step reward -2.1725000000000088
2026-08-01 14:39:18,431 / INFO: Episode 120, Ave step reward -2.3125000000000093
2026-08-01 14:39:18,516 / INFO: Episode 100, Ave step reward -2.2660000000000093
2026-08-01 14:39:19,023 / INFO: Episode 120, Ave step reward -2.249500000000009
2026-08-01 14:39:20,200 / INFO: Episode 80, Ave step reward -2.3215000000000092
2026-08-01 14:39:22,149 / INFO: Episode 90, Ave step reward -2.249500000000009
2026-08-01 14:39:24,876 / INFO: Episode 100, Ave step reward -2.360500000000009
2026-08-01 14:39:26,143 / INFO: Episode 120, Ave step reward -2.2855000000000096
2026-08-01 14:39:36,846 / INFO: Episode 110, Ave step reward -2.228000000000009
2026-08-01 14:39:37,020 / INFO: Episode 130, Ave step reward -2.233500000000009
2026-08-01 14:39:37,296 / INFO: Episode 160, Ave step reward -2.206500000000009
2026-08-01 14:39:37,658 / INFO: Episode 130, Ave step reward -2.2910000000000097
2026-08-01 14:39:38,994 / INFO: Episode 90, Ave step reward -2.3375000000000092
2026-08-01 14:39:40,595 / INFO: Episode 100, Ave step reward -2.3215000000000097
2026-08-01 14:39:44,066 / INFO: Episode 110, Ave step reward -2.2610000000000072
2026-08-01 14:39:44,955 / INFO: Episode 130, Ave step reward -2.2135000000000087
2026-08-01 14:39:55,377 / INFO: Episode 120, Ave step reward -2.206500000000009
2026-08-01 14:39:56,068 / INFO: Episode 140, Ave step reward -2.2190000000000087
2026-08-01 14:39:56,144 / INFO: Episode 140, Ave step reward -2.2085000000000092
2026-08-01 14:39:56,576 / INFO: Episode 170, Ave step reward -2.2410000000000094
2026-08-01 14:39:57,509 / INFO: Episode 100, Ave step reward -2.3445000000000094
2026-08-01 14:39:59,051 / INFO: Episode 110, Ave step reward -2.1920000000000086
2026-08-01 14:40:03,010 / INFO: Episode 120, Ave step reward -2.3725000000000076
2026-08-01 14:40:03,451 / INFO: Episode 140, Ave step reward -2.246000000000009
2026-08-01 14:40:13,669 / INFO: Episode 130, Ave step reward -2.2695000000000096
2026-08-01 14:40:14,235 / INFO: Episode 150, Ave step reward -2.2965000000000093
2026-08-01 14:40:14,346 / INFO: Episode 150, Ave step reward -2.1670000000000087
2026-08-01 14:40:15,023 / INFO: Episode 110, Ave step reward -2.2410000000000094
2026-08-01 14:40:15,146 / INFO: Episode 180, Ave step reward -2.37400000000001
2026-08-01 14:40:16,811 / INFO: Episode 120, Ave step reward -2.3250000000000095
2026-08-01 14:40:20,665 / INFO: Episode 130, Ave step reward -2.3485000000000076
2026-08-01 14:40:21,163 / INFO: Episode 150, Ave step reward -2.1615000000000086
2026-08-01 14:40:31,404 / INFO: Episode 140, Ave step reward -2.3055000000000097
2026-08-01 14:40:31,926 / INFO: Episode 160, Ave step reward -2.1670000000000087
2026-08-01 14:40:32,292 / INFO: Episode 160, Ave step reward -2.34000000000001
2026-08-01 14:40:32,976 / INFO: Episode 120, Ave step reward -2.2980000000000094
2026-08-01 14:40:33,065 / INFO: Episode 190, Ave step reward -2.2785000000000095
2026-08-01 14:40:34,719 / INFO: Episode 130, Ave step reward -2.0680000000000085
2026-08-01 14:40:38,656 / INFO: Episode 140, Ave step reward -2.416500000000008
2026-08-01 14:40:39,490 / INFO: Episode 160, Ave step reward -2.255000000000009
2026-08-01 14:40:49,581 / INFO: Episode 150, Ave step reward -2.222500000000009
2026-08-01 14:40:50,061 / INFO: Episode 170, Ave step reward -2.3110000000000097
2026-08-01 14:40:50,293 / INFO: Episode 170, Ave step reward -2.39750000000001
2026-08-01 14:40:51,152 / INFO: Episode 130, Ave step reward -2.2890000000000095
2026-08-01 14:40:51,382 / INFO: Episode 200, Ave step reward -2.3270000000000097
2026-08-01 14:40:53,008 / INFO: Episode 140, Ave step reward -2.1525000000000087
2026-08-01 14:40:53,221 / INFO: RL utililty: -43.14246331086763
2026-08-01 14:40:56,900 / INFO: Episode 150, Ave step reward -2.3575000000000075
2026-08-01 14:40:57,414 / INFO: Episode 170, Ave step reward -2.2300000000000093
2026-08-01 14:41:06,922 / INFO: Episode 160, Ave step reward -2.1185000000000085
2026-08-01 14:41:08,151 / INFO: Episode 180, Ave step reward -2.4710000000000103
2026-08-01 14:41:08,449 / INFO: Episode 180, Ave step reward -2.233500000000009
2026-08-01 14:41:09,367 / INFO: Episode 140, Ave step reward -2.38300000000001
2026-08-01 14:41:09,733 / INFO: Episode 210, Ave step reward -2.057000000000008
2026-08-01 14:41:11,304 / INFO: Episode 150, Ave step reward -2.2840000000000096
2026-08-01 14:41:15,312 / INFO: Episode 180, Ave step reward -2.2445000000000093
2026-08-01 14:41:15,910 / INFO: Episode 160, Ave step reward -2.535000000000008
2026-08-01 14:41:25,398 / INFO: Episode 170, Ave step reward -2.36500000000001
2026-08-01 14:41:26,702 / INFO: Episode 190, Ave step reward -2.206500000000009
2026-08-01 14:41:26,995 / INFO: Episode 190, Ave step reward -2.2030000000000087
2026-08-01 14:41:28,219 / INFO: Episode 150, Ave step reward -2.4315000000000104
2026-08-01 14:41:28,356 / INFO: Episode 220, Ave step reward -2.3040000000000096
2026-08-01 14:41:29,566 / INFO: Episode 160, Ave step reward -2.205000000000009
2026-08-01 14:41:34,195 / INFO: Episode 190, Ave step reward -2.163500000000009
2026-08-01 14:41:34,931 / INFO: Episode 170, Ave step reward -2.501500000000008
2026-08-01 14:41:43,549 / INFO: Episode 180, Ave step reward -2.2965000000000093
2026-08-01 14:41:45,364 / INFO: Episode 200, Ave step reward -2.223000000000009
2026-08-01 14:41:45,459 / INFO: Episode 200, Ave step reward -2.3470000000000097
2026-08-01 14:41:46,650 / INFO: Episode 160, Ave step reward -2.3235000000000094
2026-08-01 14:41:46,943 / INFO: Episode 230, Ave step reward -2.1455000000000086
2026-08-01 14:41:48,084 / INFO: Episode 170, Ave step reward -2.2660000000000093
2026-08-01 14:41:52,575 / INFO: Episode 200, Ave step reward -2.2750000000000092
2026-08-01 14:41:54,087 / INFO: Episode 180, Ave step reward -2.299500000000007
2026-08-01 14:42:02,135 / INFO: Episode 190, Ave step reward -2.206500000000009
2026-08-01 14:42:03,899 / INFO: Episode 210, Ave step reward -2.1365000000000087
2026-08-01 14:42:04,026 / INFO: Episode 210, Ave step reward -2.194000000000009
2026-08-01 14:42:04,592 / INFO: Episode 170, Ave step reward -2.37750000000001
2026-08-01 14:42:05,638 / INFO: Episode 240, Ave step reward -2.205000000000009
2026-08-01 14:42:06,576 / INFO: Episode 180, Ave step reward -2.1185000000000085
2026-08-01 14:42:10,814 / INFO: Episode 210, Ave step reward -2.2840000000000096
2026-08-01 14:42:12,843 / INFO: Episode 190, Ave step reward -2.3960000000000075
2026-08-01 14:42:12,935 / INFO: RL utililty: -42.96852365687435
2026-08-01 14:42:20,558 / INFO: Episode 200, Ave step reward -2.1775000000000087
2026-08-01 14:42:21,856 / INFO: RL utililty: -42.770173615692606
2026-08-01 14:42:22,186 / INFO: Episode 220, Ave step reward -2.3235000000000094
2026-08-01 14:42:23,085 / INFO: Episode 220, Ave step reward -2.3290000000000095
2026-08-01 14:42:23,117 / INFO: Episode 180, Ave step reward -2.34000000000001
2026-08-01 14:42:24,213 / INFO: Episode 250, Ave step reward -2.2625000000000095
2026-08-01 14:42:25,381 / INFO: Episode 190, Ave step reward -2.32900000000001
2026-08-01 14:42:29,660 / INFO: Episode 220, Ave step reward -2.34350000000001
2026-08-01 14:42:32,100 / INFO: Episode 200, Ave step reward -2.3080000000000074
2026-08-01 14:42:36,666 / INFO: RL utililty: -43.472077920152806
2026-08-01 14:42:39,664 / INFO: Episode 210, Ave step reward -2.1275000000000084
2026-08-01 14:42:41,135 / INFO: Episode 230, Ave step reward -2.2930000000000095
2026-08-01 14:42:41,717 / INFO: Episode 190, Ave step reward -2.2355000000000094
2026-08-01 14:42:41,805 / INFO: Episode 230, Ave step reward -2.2355000000000094
2026-08-01 14:42:43,029 / INFO: Episode 260, Ave step reward -2.28600000000001
2026-08-01 14:42:44,644 / INFO: Episode 200, Ave step reward -2.2680000000000096
2026-08-01 14:42:48,833 / INFO: Episode 230, Ave step reward -2.35600000000001
2026-08-01 14:42:51,571 / INFO: Episode 210, Ave step reward -2.284000000000008
2026-08-01 14:42:58,645 / INFO: Episode 220, Ave step reward -2.185000000000009
2026-08-01 14:43:00,604 / INFO: Episode 240, Ave step reward -2.2750000000000092
2026-08-01 14:43:00,827 / INFO: Episode 200, Ave step reward -2.4030000000000102
2026-08-01 14:43:00,895 / INFO: Episode 240, Ave step reward -2.1365000000000087
2026-08-01 14:43:01,780 / INFO: Episode 270, Ave step reward -2.1220000000000083
2026-08-01 14:43:03,970 / INFO: Episode 210, Ave step reward -2.3020000000000094
2026-08-01 14:43:08,127 / INFO: Episode 240, Ave step reward -2.2895000000000096
2026-08-01 14:43:11,052 / INFO: Episode 220, Ave step reward -2.2885000000000066
2026-08-01 14:43:17,151 / INFO: Episode 230, Ave step reward -2.2770000000000095
2026-08-01 14:43:19,472 / INFO: Episode 250, Ave step reward -2.1725000000000088
2026-08-01 14:43:19,888 / INFO: Episode 250, Ave step reward -2.1365000000000087
2026-08-01 14:43:19,991 / INFO: Episode 210, Ave step reward -2.36150000000001
2026-08-01 14:43:20,263 / INFO: Episode 280, Ave step reward -2.3165000000000098
2026-08-01 14:43:22,165 / INFO: Episode 220, Ave step reward -2.1525000000000087
2026-08-01 14:43:27,592 / INFO: Episode 250, Ave step reward -2.0610000000000084
2026-08-01 14:43:30,199 / INFO: Episode 230, Ave step reward -2.406500000000008
2026-08-01 14:43:36,618 / INFO: Episode 240, Ave step reward -1.9980000000000078
2026-08-01 14:43:39,168 / INFO: Episode 220, Ave step reward -2.2840000000000096
2026-08-01 14:43:39,247 / INFO: Episode 260, Ave step reward -2.205000000000009
2026-08-01 14:43:39,463 / INFO: Episode 260, Ave step reward -2.1150000000000087
2026-08-01 14:43:39,966 / INFO: Episode 290, Ave step reward -2.2680000000000096
2026-08-01 14:43:42,057 / INFO: Episode 230, Ave step reward -2.460500000000011
2026-08-01 14:43:47,315 / INFO: Episode 260, Ave step reward -2.33450000000001
2026-08-01 14:43:49,945 / INFO: Episode 240, Ave step reward -2.469500000000008
2026-08-01 14:43:55,475 / INFO: Episode 250, Ave step reward -2.36150000000001
2026-08-01 14:43:57,902 / INFO: Episode 270, Ave step reward -2.233500000000009
2026-08-01 14:43:57,984 / INFO: Episode 270, Ave step reward -2.1510000000000087
2026-08-01 14:43:58,138 / INFO: Episode 230, Ave step reward -2.1510000000000087
2026-08-01 14:43:58,358 / INFO: Episode 300, Ave step reward -2.2590000000000092
2026-08-01 14:44:00,826 / INFO: Episode 240, Ave step reward -2.1455000000000086
2026-08-01 14:44:06,188 / INFO: Episode 270, Ave step reward -2.223000000000009
2026-08-01 14:44:06,697 / INFO: Non-strategic (Uniform) utility: -42.770189738575105
2026-08-01 14:44:09,456 / INFO: Episode 250, Ave step reward -2.4430000000000067
2026-08-01 14:44:14,398 / INFO: Episode 260, Ave step reward -2.2985000000000095
2026-08-01 14:44:16,542 / INFO: Episode 280, Ave step reward -2.3255000000000097
2026-08-01 14:44:16,992 / INFO: Episode 240, Ave step reward -2.3165000000000098
2026-08-01 14:44:17,307 / INFO: Episode 280, Ave step reward -2.3255000000000097
2026-08-01 14:44:17,311 / INFO: Episode 310, Ave step reward -2.2770000000000095
2026-08-01 14:44:20,213 / INFO: Episode 250, Ave step reward -2.2950000000000097
2026-08-01 14:44:25,106 / INFO: Episode 280, Ave step reward -2.205000000000009
2026-08-01 14:44:29,667 / INFO: Episode 260, Ave step reward -2.5810000000000066
2026-08-01 14:44:33,294 / INFO: Episode 270, Ave step reward -2.2820000000000094
2026-08-01 14:44:36,016 / INFO: Episode 290, Ave step reward -2.4840000000000106
2026-08-01 14:44:36,542 / INFO: Episode 250, Ave step reward -2.36500000000001
2026-08-01 14:44:36,931 / INFO: Episode 290, Ave step reward -2.163500000000009
2026-08-01 14:44:37,005 / INFO: Episode 320, Ave step reward -2.190500000000009
2026-08-01 14:44:40,094 / INFO: Episode 260, Ave step reward -2.39700000000001
2026-08-01 14:44:45,252 / INFO: Episode 290, Ave step reward -2.2805000000000093
2026-08-01 14:44:49,046 / INFO: Episode 270, Ave step reward -2.146000000000006
2026-08-01 14:44:52,111 / INFO: Episode 280, Ave step reward -2.37600000000001
2026-08-01 14:44:54,913 / INFO: Episode 300, Ave step reward -2.40100000000001
2026-08-01 14:44:55,751 / INFO: Episode 260, Ave step reward -2.4210000000000105
2026-08-01 14:44:56,132 / INFO: Episode 300, Ave step reward -2.160000000000009
2026-08-01 14:44:56,823 / INFO: Episode 330, Ave step reward -2.3940000000000103
2026-08-01 14:44:59,401 / INFO: Episode 270, Ave step reward -2.3020000000000094
2026-08-01 14:45:04,200 / INFO: Episode 300, Ave step reward -2.2895000000000096
2026-08-01 14:45:08,918 / INFO: Episode 280, Ave step reward -2.329000000000007
2026-08-01 14:45:10,175 / INFO: Episode 290, Ave step reward -2.3290000000000095
2026-08-01 14:45:13,987 / INFO: Episode 310, Ave step reward -2.2840000000000096
2026-08-01 14:45:14,815 / INFO: Episode 270, Ave step reward -2.3090000000000095
2026-08-01 14:45:15,100 / INFO: Episode 310, Ave step reward -2.185000000000009
2026-08-01 14:45:15,926 / INFO: Episode 340, Ave step reward -2.232000000000009
2026-08-01 14:45:18,746 / INFO: Episode 280, Ave step reward -2.163500000000009
2026-08-01 14:45:22,577 / INFO: Episode 310, Ave step reward -2.33450000000001
2026-08-01 14:45:27,628 / INFO: Non-strategic (Uniform) utility: -42.68378328071127
2026-08-01 14:45:28,141 / INFO: Episode 300, Ave step reward -2.42800000000001
2026-08-01 14:45:28,483 / INFO: Episode 290, Ave step reward -2.447500000000008
attack-0-0_1
2026-08-01 14:45:32,497 / INFO: Episode 320, Ave step reward -2.3310000000000097
2026-08-01 14:45:33,469 / INFO: Episode 280, Ave step reward -2.1005000000000082
2026-08-01 14:45:33,504 / INFO: Episode 320, Ave step reward -2.232000000000009
2026-08-01 14:45:34,922 / INFO: Episode 350, Ave step reward -2.2445000000000093
2026-08-01 14:45:36,543 / INFO: Non-strategic (Uniform) utility: -42.95665578142405
2026-08-01 14:45:37,400 / INFO: Episode 290, Ave step reward -2.1510000000000087
2026-08-01 14:45:41,481 / INFO: Episode 320, Ave step reward -2.2660000000000093
2026-08-01 14:45:45,280 / INFO: Episode 30, Ave step reward -104.69821377798506
2026-08-01 14:45:46,693 / INFO: Episode 310, Ave step reward -2.35250000000001
2026-08-01 14:45:47,156 / INFO: Episode 300, Ave step reward -2.303000000000006
2026-08-01 14:45:51,001 / INFO: Episode 330, Ave step reward -2.2140000000000093
2026-08-01 14:45:51,511 / INFO: Episode 330, Ave step reward -2.2805000000000093
2026-08-01 14:45:51,592 / INFO: Non-strategic (Uniform) utility: -42.79352146294386
2026-08-01 14:45:52,275 / INFO: Episode 290, Ave step reward -2.2500000000000093
attack-1-0_1
2026-08-01 14:45:53,432 / INFO: Episode 360, Ave step reward -2.199500000000009
2026-08-01 14:45:55,601 / INFO: Episode 300, Ave step reward -2.2140000000000093
2026-08-01 14:45:59,882 / INFO: Episode 330, Ave step reward -2.2750000000000092
2026-08-01 14:46:02,749 / INFO: Episode 40, Ave step reward -105.86851022572337
2026-08-01 14:46:05,034 / INFO: Episode 320, Ave step reward -2.0880000000000085
2026-08-01 14:46:06,129 / INFO: Episode 310, Ave step reward -2.5120000000000076
2026-08-01 14:46:08,800 / INFO: Episode 340, Ave step reward -2.36700000000001
2026-08-01 14:46:09,492 / INFO: Episode 30, Ave step reward -103.74889774105563
2026-08-01 14:46:09,501 / INFO: Episode 340, Ave step reward -2.2950000000000097
2026-08-01 14:46:10,660 / INFO: Episode 300, Ave step reward -2.196000000000009
2026-08-01 14:46:11,121 / INFO: Episode 370, Ave step reward -2.4245000000000103
2026-08-01 14:46:13,733 / INFO: Episode 310, Ave step reward -2.232000000000009
2026-08-01 14:46:17,171 / INFO: Episode 340, Ave step reward -2.1150000000000087
2026-08-01 14:46:19,684 / INFO: Episode 50, Ave step reward -108.05721388995232
2026-08-01 14:46:22,335 / INFO: Episode 330, Ave step reward -2.2140000000000093
2026-08-01 14:46:24,050 / INFO: Episode 320, Ave step reward -2.3880000000000075
2026-08-01 14:46:26,899 / INFO: Episode 40, Ave step reward -105.61259458803823
2026-08-01 14:46:27,254 / INFO: Episode 350, Ave step reward -2.2770000000000095
2026-08-01 14:46:27,596 / INFO: Episode 350, Ave step reward -2.4570000000000105
2026-08-01 14:46:28,992 / INFO: Episode 310, Ave step reward -2.197500000000009
2026-08-01 14:46:29,171 / INFO: Episode 380, Ave step reward -2.2500000000000093
2026-08-01 14:46:32,551 / INFO: Episode 320, Ave step reward -2.1725000000000088
2026-08-01 14:46:36,002 / INFO: Episode 350, Ave step reward -2.2410000000000094
2026-08-01 14:46:36,670 / INFO: Episode 60, Ave step reward -108.33317505242647
2026-08-01 14:46:40,690 / INFO: Episode 340, Ave step reward -2.190500000000009
2026-08-01 14:46:42,902 / INFO: Episode 330, Ave step reward -2.3305000000000065
2026-08-01 14:46:44,086 / INFO: Episode 50, Ave step reward -105.09764557020351
2026-08-01 14:46:45,677 / INFO: Episode 360, Ave step reward -2.232000000000009
2026-08-01 14:46:45,998 / INFO: Episode 360, Ave step reward -2.34900000000001
2026-08-01 14:46:47,577 / INFO: Episode 320, Ave step reward -2.1510000000000087
2026-08-01 14:46:47,596 / INFO: Episode 390, Ave step reward -2.2590000000000092
2026-08-01 14:46:50,762 / INFO: Episode 330, Ave step reward -2.2085000000000092
2026-08-01 14:46:53,630 / INFO: Episode 70, Ave step reward -112.94724434026507
2026-08-01 14:46:53,739 / INFO: Episode 360, Ave step reward -2.169000000000009
2026-08-01 14:46:58,852 / INFO: Episode 350, Ave step reward -2.3940000000000103
2026-08-01 14:47:00,819 / INFO: Episode 60, Ave step reward -111.56304792122872
2026-08-01 14:47:01,072 / INFO: Episode 340, Ave step reward -2.384000000000008
2026-08-01 14:47:03,588 / INFO: Episode 370, Ave step reward -2.35250000000001
2026-08-01 14:47:03,930 / INFO: Episode 370, Ave step reward -2.2355000000000094
2026-08-01 14:47:05,202 / INFO: Episode 330, Ave step reward -2.2950000000000097
2026-08-01 14:47:05,739 / INFO: Episode 400, Ave step reward -2.2625000000000095
2026-08-01 14:47:09,248 / INFO: Episode 340, Ave step reward -2.3165000000000098
2026-08-01 14:47:10,735 / INFO: Episode 80, Ave step reward -111.05161060288088
2026-08-01 14:47:11,744 / INFO: Episode 370, Ave step reward -2.3200000000000096
2026-08-01 14:47:17,096 / INFO: Episode 360, Ave step reward -2.35800000000001
2026-08-01 14:47:18,142 / INFO: Episode 70, Ave step reward -107.77031540726668
2026-08-01 14:47:20,315 / INFO: Episode 350, Ave step reward -2.2785000000000064
2026-08-01 14:47:21,445 / INFO: Episode 380, Ave step reward -2.1330000000000084
2026-08-01 14:47:21,787 / INFO: Episode 380, Ave step reward -2.169000000000009
2026-08-01 14:47:22,866 / INFO: Episode 340, Ave step reward -2.34350000000001
2026-08-01 14:47:23,116 / INFO: Episode 410, Ave step reward -1.9980000000000078
2026-08-01 14:47:27,097 / INFO: Episode 90, Ave step reward -113.06689747875087
2026-08-01 14:47:27,392 / INFO: Episode 350, Ave step reward -2.3940000000000103
2026-08-01 14:47:28,873 / INFO: Episode 380, Ave step reward -2.28600000000001
2026-08-01 14:47:34,522 / INFO: Episode 370, Ave step reward -2.3470000000000097
2026-08-01 14:47:35,128 / INFO: Episode 80, Ave step reward -110.70095842488568
2026-08-01 14:47:38,648 / INFO: Episode 360, Ave step reward -2.4140000000000077
2026-08-01 14:47:38,819 / INFO: Episode 390, Ave step reward -2.1510000000000087
2026-08-01 14:47:39,008 / INFO: Episode 390, Ave step reward -2.2410000000000094
2026-08-01 14:47:41,002 / INFO: Episode 420, Ave step reward -2.196000000000009
2026-08-01 14:47:41,089 / INFO: Episode 350, Ave step reward -2.32000000000001
2026-08-01 14:47:43,828 / INFO: Episode 100, Ave step reward -112.62317428499898
2026-08-01 14:47:44,980 / INFO: Episode 360, Ave step reward -2.205000000000009
2026-08-01 14:47:46,148 / INFO: Episode 390, Ave step reward -2.3940000000000103
2026-08-01 14:47:52,037 / INFO: Episode 380, Ave step reward -2.2680000000000096
2026-08-01 14:47:52,202 / INFO: Episode 90, Ave step reward -113.3187371983864
2026-08-01 14:47:56,585 / INFO: Episode 400, Ave step reward -2.0880000000000085
2026-08-01 14:47:56,789 / INFO: Episode 370, Ave step reward -2.3290000000000073
2026-08-01 14:47:56,791 / INFO: Episode 400, Ave step reward -2.34900000000001
2026-08-01 14:47:58,363 / INFO: Episode 430, Ave step reward -2.1185000000000085
2026-08-01 14:47:58,718 / INFO: Episode 360, Ave step reward -2.40650000000001
2026-08-01 14:48:01,435 / INFO: Episode 110, Ave step reward -114.61655550622352
2026-08-01 14:48:02,634 / INFO: Episode 370, Ave step reward -2.35800000000001
2026-08-01 14:48:04,420 / INFO: Episode 400, Ave step reward -2.196000000000009
2026-08-01 14:48:09,097 / INFO: Episode 100, Ave step reward -113.66223370016013
2026-08-01 14:48:09,241 / INFO: Episode 390, Ave step reward -2.205000000000009
2026-08-01 14:48:14,638 / INFO: Episode 410, Ave step reward -2.2500000000000093
2026-08-01 14:48:14,684 / INFO: Episode 410, Ave step reward -2.37600000000001
2026-08-01 14:48:15,186 / INFO: Episode 380, Ave step reward -2.3245000000000067
2026-08-01 14:48:15,765 / INFO: Episode 440, Ave step reward -2.034000000000008
2026-08-01 14:48:16,407 / INFO: Episode 370, Ave step reward -2.205000000000009
2026-08-01 14:48:19,202 / INFO: Episode 120, Ave step reward -117.66087608267333
2026-08-01 14:48:20,796 / INFO: Episode 380, Ave step reward -2.2500000000000093
2026-08-01 14:48:22,160 / INFO: Episode 410, Ave step reward -2.28600000000001
2026-08-01 14:48:27,035 / INFO: Episode 110, Ave step reward -113.32854507878358
2026-08-01 14:48:27,845 / INFO: Episode 400, Ave step reward -2.223000000000009
2026-08-01 14:48:33,033 / INFO: Episode 420, Ave step reward -2.2985000000000095
2026-08-01 14:48:33,221 / INFO: Episode 420, Ave step reward -2.2770000000000095
2026-08-01 14:48:33,871 / INFO: Episode 450, Ave step reward -2.178000000000009
2026-08-01 14:48:34,077 / INFO: Episode 390, Ave step reward -2.513000000000007
2026-08-01 14:48:35,087 / INFO: Episode 380, Ave step reward -2.2140000000000093
2026-08-01 14:48:37,053 / INFO: Episode 130, Ave step reward -114.13795529103716
2026-08-01 14:48:39,322 / INFO: Episode 390, Ave step reward -2.4245000000000103
2026-08-01 14:48:40,283 / INFO: Episode 420, Ave step reward -2.2590000000000092
2026-08-01 14:48:44,600 / INFO: Episode 120, Ave step reward -114.17809239845634
2026-08-01 14:48:45,699 / INFO: Episode 410, Ave step reward -2.32200000000001
2026-08-01 14:48:50,870 / INFO: Episode 430, Ave step reward -2.187000000000009
2026-08-01 14:48:51,155 / INFO: Episode 430, Ave step reward -2.2410000000000094
2026-08-01 14:48:51,840 / INFO: Episode 460, Ave step reward -2.2500000000000093
2026-08-01 14:48:52,812 / INFO: Episode 400, Ave step reward -2.516000000000007
2026-08-01 14:48:54,007 / INFO: Episode 390, Ave step reward -2.39750000000001
2026-08-01 14:48:54,765 / INFO: Episode 140, Ave step reward -118.91283571288946
2026-08-01 14:48:57,470 / INFO: Episode 400, Ave step reward -2.32200000000001
2026-08-01 14:48:58,178 / INFO: Episode 430, Ave step reward -2.2590000000000092
2026-08-01 14:49:02,875 / INFO: Episode 130, Ave step reward -116.55231978229065
2026-08-01 14:49:03,510 / INFO: Episode 420, Ave step reward -2.3310000000000097
2026-08-01 14:49:08,610 / INFO: Episode 440, Ave step reward -2.1330000000000084
2026-08-01 14:49:08,926 / INFO: Episode 440, Ave step reward -2.2410000000000094
2026-08-01 14:49:09,080 / INFO: Episode 470, Ave step reward -2.32200000000001
2026-08-01 14:49:11,062 / INFO: Episode 410, Ave step reward -2.465500000000008
2026-08-01 14:49:11,480 / INFO: Episode 150, Ave step reward -117.34796076096718
2026-08-01 14:49:12,352 / INFO: Episode 400, Ave step reward -2.232000000000009
2026-08-01 14:49:15,181 / INFO: Episode 410, Ave step reward -2.3850000000000104
2026-08-01 14:49:15,264 / INFO: Episode 440, Ave step reward -2.2500000000000093
2026-08-01 14:49:18,895 / INFO: RL utililty: -2472.5319017393763
2026-08-01 14:49:20,260 / INFO: Episode 140, Ave step reward -115.69321139671518
2026-08-01 14:49:21,253 / INFO: Episode 430, Ave step reward -2.1060000000000083
2026-08-01 14:49:26,211 / INFO: Episode 450, Ave step reward -2.160000000000009
2026-08-01 14:49:26,405 / INFO: Episode 480, Ave step reward -2.2140000000000093
2026-08-01 14:49:26,739 / INFO: Episode 450, Ave step reward -2.223000000000009
2026-08-01 14:49:28,785 / INFO: Episode 160, Ave step reward -119.1496062898826
2026-08-01 14:49:28,941 / INFO: Episode 420, Ave step reward -2.4330000000000065
2026-08-01 14:49:30,189 / INFO: Episode 410, Ave step reward -2.205000000000009
2026-08-01 14:49:32,631 / INFO: Episode 450, Ave step reward -2.223000000000009
2026-08-01 14:49:33,245 / INFO: Episode 420, Ave step reward -2.3310000000000097
2026-08-01 14:49:38,418 / INFO: Episode 150, Ave step reward -115.89311473490022
2026-08-01 14:49:38,988 / INFO: Episode 440, Ave step reward -2.3040000000000096
2026-08-01 14:49:44,256 / INFO: Episode 460, Ave step reward -2.2950000000000097
2026-08-01 14:49:44,344 / INFO: Episode 460, Ave step reward -2.28600000000001
2026-08-01 14:49:44,512 / INFO: Episode 490, Ave step reward -2.0880000000000085
2026-08-01 14:49:46,822 / INFO: Episode 170, Ave step reward -118.65618005183785
2026-08-01 14:49:47,609 / INFO: Episode 430, Ave step reward -2.3120000000000065
2026-08-01 14:49:47,701 / INFO: Episode 420, Ave step reward -2.35800000000001
2026-08-01 14:49:50,829 / INFO: Episode 460, Ave step reward -2.31300000000001
2026-08-01 14:49:51,200 / INFO: Episode 430, Ave step reward -2.1330000000000084
2026-08-01 14:49:57,053 / INFO: Episode 160, Ave step reward -118.11089350840086
2026-08-01 14:49:57,773 / INFO: Episode 450, Ave step reward -2.194000000000009
2026-08-01 14:50:03,048 / INFO: Episode 470, Ave step reward -2.226500000000009
2026-08-01 14:50:03,316 / INFO: Episode 470, Ave step reward -2.28600000000001
2026-08-01 14:50:03,784 / INFO: Episode 500, Ave step reward -2.160000000000009
2026-08-01 14:50:05,269 / INFO: Episode 180, Ave step reward -119.1591192328401
2026-08-01 14:50:06,683 / INFO: Episode 430, Ave step reward -2.31300000000001
2026-08-01 14:50:07,431 / INFO: Episode 440, Ave step reward -2.4690000000000074
2026-08-01 14:50:10,077 / INFO: Episode 470, Ave step reward -2.232000000000009
2026-08-01 14:50:10,081 / INFO: Episode 440, Ave step reward -2.2500000000000093
2026-08-01 14:50:10,766 / INFO: RL utililty: -2469.547757592642
2026-08-01 14:50:14,820 / INFO: Episode 170, Ave step reward -119.65242016334845
2026-08-01 14:50:15,521 / INFO: Episode 460, Ave step reward -2.1150000000000087
2026-08-01 14:50:22,343 / INFO: Episode 480, Ave step reward -2.2590000000000092
2026-08-01 14:50:22,715 / INFO: Episode 480, Ave step reward -2.0700000000000083
2026-08-01 14:50:23,857 / INFO: Episode 190, Ave step reward -119.08822263738429
2026-08-01 14:50:26,729 / INFO: Episode 440, Ave step reward -2.2500000000000093
2026-08-01 14:50:27,861 / INFO: Episode 450, Ave step reward -2.514500000000008
2026-08-01 14:50:30,338 / INFO: Episode 480, Ave step reward -2.0880000000000085
2026-08-01 14:50:30,504 / INFO: Episode 450, Ave step reward -2.1150000000000087
2026-08-01 14:50:35,182 / INFO: Episode 180, Ave step reward -118.14981562805326
2026-08-01 14:50:35,987 / INFO: Episode 470, Ave step reward -2.2355000000000094
2026-08-01 14:50:43,195 / INFO: Episode 490, Ave step reward -2.178000000000009
2026-08-01 14:50:44,017 / INFO: Episode 490, Ave step reward -2.31300000000001
2026-08-01 14:50:44,570 / INFO: Episode 200, Ave step reward -119.24936522705715
2026-08-01 14:50:47,322 / INFO: Episode 450, Ave step reward -2.205000000000009
2026-08-01 14:50:49,302 / INFO: Episode 460, Ave step reward -2.3765000000000063
2026-08-01 14:50:51,376 / INFO: Episode 490, Ave step reward -2.28600000000001
2026-08-01 14:50:51,581 / INFO: Episode 460, Ave step reward -2.160000000000009
2026-08-01 14:50:55,748 / INFO: Episode 190, Ave step reward -120.58178798204546
2026-08-01 14:50:57,051 / INFO: Episode 480, Ave step reward -2.142000000000009
2026-08-01 14:51:03,684 / INFO: Episode 500, Ave step reward -2.223000000000009
2026-08-01 14:51:03,901 / INFO: Episode 500, Ave step reward -2.28600000000001
2026-08-01 14:51:04,757 / INFO: Episode 210, Ave step reward -120.10463933835155
2026-08-01 14:51:07,519 / INFO: Episode 460, Ave step reward -2.1510000000000087
2026-08-01 14:51:09,840 / INFO: Episode 470, Ave step reward -2.561500000000007
2026-08-01 14:51:11,063 / INFO: Episode 500, Ave step reward -2.31300000000001
2026-08-01 14:51:11,161 / INFO: Episode 470, Ave step reward -2.196000000000009
2026-08-01 14:51:15,648 / INFO: Episode 200, Ave step reward -120.03334305487961
2026-08-01 14:51:17,024 / INFO: Episode 490, Ave step reward -2.2140000000000093
2026-08-01 14:51:24,306 / INFO: Episode 220, Ave step reward -121.49128043289569
2026-08-01 14:51:27,363 / INFO: Episode 470, Ave step reward -2.1150000000000087
2026-08-01 14:51:30,066 / INFO: Episode 480, Ave step reward -2.4515000000000073
2026-08-01 14:51:30,856 / INFO: Episode 480, Ave step reward -2.2500000000000093
2026-08-01 14:51:35,558 / INFO: Episode 210, Ave step reward -118.96613089333393
2026-08-01 14:51:36,877 / INFO: Episode 500, Ave step reward -2.232000000000009
2026-08-01 14:51:43,642 / INFO: Episode 230, Ave step reward -120.532102943369
2026-08-01 14:51:47,754 / INFO: Episode 480, Ave step reward -2.37600000000001
2026-08-01 14:51:51,140 / INFO: Episode 490, Ave step reward -2.415500000000006
2026-08-01 14:51:51,363 / INFO: Episode 490, Ave step reward -2.160000000000009
2026-08-01 14:51:55,686 / INFO: Episode 220, Ave step reward -123.08541970377843
2026-08-01 14:52:03,459 / INFO: Episode 240, Ave step reward -120.60597539654867
2026-08-01 14:52:07,990 / INFO: Episode 490, Ave step reward -2.205000000000009
2026-08-01 14:52:11,600 / INFO: Episode 500, Ave step reward -2.4190000000000067
2026-08-01 14:52:11,617 / INFO: Episode 500, Ave step reward -2.34900000000001
2026-08-01 14:52:15,974 / INFO: Episode 230, Ave step reward -119.68098530084997
2026-08-01 14:52:23,556 / INFO: Episode 250, Ave step reward -121.30779204499076
2026-08-01 14:52:28,902 / INFO: Episode 500, Ave step reward -2.187000000000009
2026-08-01 14:52:34,152 / INFO: Non-strategic (Uniform) utility: -2427.215464012948
defend-4-0_1
2026-08-01 14:52:36,528 / INFO: Episode 240, Ave step reward -120.62570936589414
2026-08-01 14:52:43,482 / INFO: Episode 260, Ave step reward -119.85639248961714
2026-08-01 14:52:52,734 / INFO: Episode 30, Ave step reward -2.2040000000000086
2026-08-01 14:52:56,188 / INFO: Episode 250, Ave step reward -122.77362076119778
2026-08-01 14:53:02,701 / INFO: Episode 270, Ave step reward -121.31806245771757
2026-08-01 14:53:10,500 / INFO: Episode 40, Ave step reward -2.2470000000000088
2026-08-01 14:53:15,892 / INFO: Episode 260, Ave step reward -121.13807390554635
2026-08-01 14:53:22,420 / INFO: Episode 280, Ave step reward -122.22403319206003
2026-08-01 14:53:27,290 / INFO: Non-strategic (Uniform) utility: -2427.1962759882394
defend-2-0_1
2026-08-01 14:53:28,535 / INFO: Episode 50, Ave step reward -2.42200000000001
2026-08-01 14:53:35,526 / INFO: Episode 270, Ave step reward -121.64499845647254
2026-08-01 14:53:41,751 / INFO: Episode 290, Ave step reward -122.20596212505849
2026-08-01 14:53:46,504 / INFO: Episode 30, Ave step reward -2.1860000000000084
2026-08-01 14:53:46,940 / INFO: Episode 60, Ave step reward -2.2815000000000087
2026-08-01 14:53:55,374 / INFO: Episode 280, Ave step reward -122.27209326690259
2026-08-01 14:54:01,599 / INFO: Episode 300, Ave step reward -122.71751742572755
2026-08-01 14:54:03,928 / INFO: Episode 40, Ave step reward -2.279500000000009
2026-08-01 14:54:05,170 / INFO: Episode 70, Ave step reward -2.310500000000009
2026-08-01 14:54:14,891 / INFO: Episode 290, Ave step reward -122.01279358851825
2026-08-01 14:54:20,719 / INFO: Episode 310, Ave step reward -122.80749270640861
2026-08-01 14:54:22,128 / INFO: Episode 50, Ave step reward -2.233500000000009
2026-08-01 14:54:23,144 / INFO: Episode 80, Ave step reward -2.3790000000000098
2026-08-01 14:54:35,275 / INFO: Episode 300, Ave step reward -121.64682832410574
2026-08-01 14:54:40,444 / INFO: Episode 320, Ave step reward -121.95918739382797
2026-08-01 14:54:40,448 / INFO: Episode 60, Ave step reward -2.3105000000000095
2026-08-01 14:54:42,151 / INFO: Episode 90, Ave step reward -2.4330000000000105
2026-08-01 14:54:51,107 / INFO: RL utililty: -42.61811160773508
2026-08-01 14:54:55,041 / INFO: Episode 310, Ave step reward -122.45375155933938
2026-08-01 14:54:58,990 / INFO: Episode 70, Ave step reward -2.2600000000000087
2026-08-01 14:55:00,480 / INFO: Episode 330, Ave step reward -122.32819923375796
2026-08-01 14:55:01,075 / INFO: Episode 100, Ave step reward -2.36100000000001
2026-08-01 14:55:14,885 / INFO: Episode 320, Ave step reward -122.17957561334015
2026-08-01 14:55:17,760 / INFO: Episode 80, Ave step reward -2.222500000000009
2026-08-01 14:55:20,231 / INFO: Episode 110, Ave step reward -2.38100000000001
2026-08-01 14:55:20,300 / INFO: Episode 340, Ave step reward -122.38569923375798
2026-08-01 14:55:35,304 / INFO: Episode 330, Ave step reward -122.99416996810041
2026-08-01 14:55:36,799 / INFO: Episode 90, Ave step reward -2.1885000000000088
2026-08-01 14:55:39,787 / INFO: Episode 120, Ave step reward -2.2210000000000094
2026-08-01 14:55:40,294 / INFO: Episode 350, Ave step reward -122.755
2026-08-01 14:55:42,458 / INFO: RL utililty: -42.478261393288555
2026-08-01 14:55:47,235 / INFO: RL utililty: -42.74299352512081
2026-08-01 14:55:52,153 / INFO: RL utililty: -43.33349129576545
2026-08-01 14:55:55,525 / INFO: Episode 340, Ave step reward -123.0345930390677
2026-08-01 14:55:55,759 / INFO: Episode 100, Ave step reward -2.1310000000000087
2026-08-01 14:55:59,458 / INFO: Episode 130, Ave step reward -2.310500000000009
2026-08-01 14:56:01,335 / INFO: Episode 360, Ave step reward -122.37305232558141
2026-08-01 14:56:08,684 / INFO: RL utililty: -43.05187033119235
2026-08-01 14:56:15,640 / INFO: Episode 110, Ave step reward -2.251500000000009
2026-08-01 14:56:16,539 / INFO: Episode 350, Ave step reward -122.81679945054944
2026-08-01 14:56:18,691 / INFO: Episode 140, Ave step reward -2.1075000000000084
2026-08-01 14:56:21,710 / INFO: Episode 370, Ave step reward -123.01679945054944
2026-08-01 14:56:35,025 / INFO: Episode 120, Ave step reward -2.273000000000009
2026-08-01 14:56:37,029 / INFO: Episode 360, Ave step reward -122.06679945054944
2026-08-01 14:56:38,297 / INFO: Episode 150, Ave step reward -2.219000000000009
2026-08-01 14:56:41,815 / INFO: Episode 380, Ave step reward -122.75862362041782
2026-08-01 14:56:52,796 / INFO: RL utililty: -42.895049369466946
2026-08-01 14:56:55,170 / INFO: Episode 130, Ave step reward -2.2570000000000094
2026-08-01 14:56:57,708 / INFO: Episode 370, Ave step reward -122.98
2026-08-01 14:56:58,698 / INFO: Episode 160, Ave step reward -2.188000000000008
2026-08-01 14:57:02,802 / INFO: Episode 390, Ave step reward -122.67429945054944
2026-08-01 14:57:03,361 / INFO: RL utililty: -43.026481972955324
2026-08-01 14:57:15,023 / INFO: Episode 140, Ave step reward -2.3145000000000095
2026-08-01 14:57:18,331 / INFO: Episode 380, Ave step reward -123.07527616279069
2026-08-01 14:57:18,578 / INFO: Episode 170, Ave step reward -2.36500000000001
2026-08-01 14:57:18,968 / INFO: RL utililty: -45.64210471411741
2026-08-01 14:57:23,332 / INFO: Episode 400, Ave step reward -123.52
2026-08-01 14:57:35,436 / INFO: Episode 150, Ave step reward -2.253000000000009
2026-08-01 14:57:38,953 / INFO: Episode 180, Ave step reward -2.178000000000009
2026-08-01 14:57:38,997 / INFO: Episode 390, Ave step reward -123.52527616279069
2026-08-01 14:57:44,036 / INFO: Episode 410, Ave step reward -123.1477761627907
2026-08-01 14:57:55,509 / INFO: Episode 160, Ave step reward -2.462000000000011
2026-08-01 14:57:59,512 / INFO: Episode 190, Ave step reward -2.1330000000000084
2026-08-01 14:58:00,128 / INFO: Episode 400, Ave step reward -123.00735177613086
2026-08-01 14:58:02,311 / INFO: Non-strategic (Uniform) utility: -42.69918118992144
attack-9-0_1
2026-08-01 14:58:05,495 / INFO: Episode 420, Ave step reward -123.18929945054944
2026-08-01 14:58:15,796 / INFO: Episode 170, Ave step reward -2.215500000000009
2026-08-01 14:58:20,030 / INFO: Episode 200, Ave step reward -2.2570000000000094
2026-08-01 14:58:20,767 / INFO: Episode 30, Ave step reward -98.34701831861244
2026-08-01 14:58:21,124 / INFO: Episode 410, Ave step reward -121.50279358851826
2026-08-01 14:58:26,414 / INFO: Episode 430, Ave step reward -123.03679945054944
2026-08-01 14:58:35,814 / INFO: Episode 180, Ave step reward -2.2785000000000095
2026-08-01 14:58:39,229 / INFO: Episode 40, Ave step reward -102.74997825555836
2026-08-01 14:58:40,751 / INFO: Episode 210, Ave step reward -2.215500000000009
2026-08-01 14:58:42,234 / INFO: Episode 420, Ave step reward -122.94929945054945
2026-08-01 14:58:47,130 / INFO: Episode 440, Ave step reward -122.98
2026-08-01 14:58:53,528 / INFO: Non-strategic (Uniform) utility: -42.911736498893454
attack-11-0_1
2026-08-01 14:58:56,769 / INFO: Episode 190, Ave step reward -2.28600000000001
2026-08-01 14:58:57,534 / INFO: Non-strategic (Uniform) utility: -42.55469535116611
2026-08-01 14:58:58,287 / INFO: Episode 50, Ave step reward -103.10603889886399
attack-6-0_1
2026-08-01 14:59:01,108 / INFO: Non-strategic (Uniform) utility: -42.56514964104835
2026-08-01 14:59:01,414 / INFO: Episode 220, Ave step reward -2.206500000000009
attack-5-0_1
2026-08-01 14:59:03,497 / INFO: Episode 430, Ave step reward -123.22666996810045
2026-08-01 14:59:08,006 / INFO: Episode 450, Ave step reward -123.19027616279071
2026-08-01 14:59:11,447 / INFO: Episode 30, Ave step reward -103.66759751862737
2026-08-01 14:59:15,239 / INFO: Episode 30, Ave step reward -104.88301897469812
2026-08-01 14:59:16,092 / INFO: Episode 200, Ave step reward -2.2085000000000092
2026-08-01 14:59:16,632 / INFO: Episode 60, Ave step reward -100.37447917563958
2026-08-01 14:59:19,332 / INFO: Episode 30, Ave step reward -100.42092614279007
2026-08-01 14:59:19,684 / INFO: Non-strategic (Uniform) utility: -43.12987852493157
attack-10-0_1
2026-08-01 14:59:21,041 / INFO: Episode 230, Ave step reward -2.160000000000009
2026-08-01 14:59:22,455 / INFO: Episode 440, Ave step reward -123.28306377341016
2026-08-01 14:59:26,926 / INFO: Episode 460, Ave step reward -123.23
2026-08-01 14:59:28,726 / INFO: Episode 40, Ave step reward -108.17594004646816
2026-08-01 14:59:32,625 / INFO: Episode 40, Ave step reward -104.45872399826528
2026-08-01 14:59:34,734 / INFO: Episode 70, Ave step reward -109.32705145591949
2026-08-01 14:59:34,866 / INFO: Episode 210, Ave step reward -2.1545000000000085
2026-08-01 14:59:36,773 / INFO: Episode 40, Ave step reward -100.68083487898495
2026-08-01 14:59:37,432 / INFO: Episode 30, Ave step reward -98.07611521266564
2026-08-01 14:59:39,352 / INFO: Episode 240, Ave step reward -2.2085000000000092
2026-08-01 14:59:41,538 / INFO: Episode 450, Ave step reward -122.99514690817655
2026-08-01 14:59:45,887 / INFO: Episode 470, Ave step reward -123.24416996810044
2026-08-01 14:59:46,112 / INFO: Episode 50, Ave step reward -110.55807079621101
2026-08-01 14:59:49,470 / INFO: Episode 50, Ave step reward -105.17785958313408
2026-08-01 14:59:52,344 / INFO: Episode 80, Ave step reward -112.19676196610399
2026-08-01 14:59:53,528 / INFO: Episode 220, Ave step reward -2.2140000000000093
2026-08-01 14:59:53,529 / INFO: Episode 50, Ave step reward -106.61677448111521
2026-08-01 14:59:54,767 / INFO: Episode 40, Ave step reward -101.64897184717431
2026-08-01 14:59:57,618 / INFO: Episode 250, Ave step reward -2.2590000000000092
2026-08-01 14:59:59,634 / INFO: Episode 460, Ave step reward -122.71973396934548
2026-08-01 15:00:01,764 / INFO: Non-strategic (Uniform) utility: -42.67310417272614
2026-08-01 15:00:03,472 / INFO: Episode 60, Ave step reward -107.04560922361978
2026-08-01 15:00:04,280 / INFO: Episode 480, Ave step reward -123.2602761627907
2026-08-01 15:00:07,177 / INFO: Episode 60, Ave step reward -105.4296462385384
2026-08-01 15:00:11,041 / INFO: Episode 90, Ave step reward -112.65997419121818
2026-08-01 15:00:11,098 / INFO: Episode 60, Ave step reward -110.16775192916016
2026-08-01 15:00:12,476 / INFO: Episode 50, Ave step reward -106.97735224159726
2026-08-01 15:00:12,871 / INFO: Episode 230, Ave step reward -2.232000000000009
2026-08-01 15:00:14,022 / INFO: Non-strategic (Uniform) utility: -42.352498361193945
attack-7-0_1
2026-08-01 15:00:16,117 / INFO: Episode 260, Ave step reward -2.2770000000000095
2026-08-01 15:00:19,026 / INFO: Episode 470, Ave step reward -122.9230523255814
2026-08-01 15:00:21,420 / INFO: Episode 70, Ave step reward -108.79582276832686
2026-08-01 15:00:23,411 / INFO: Episode 490, Ave step reward -123.24
2026-08-01 15:00:24,237 / INFO: Episode 70, Ave step reward -110.45411356669898
2026-08-01 15:00:28,385 / INFO: Episode 100, Ave step reward -112.36146194401726
2026-08-01 15:00:28,992 / INFO: Episode 70, Ave step reward -111.15486163908162
2026-08-01 15:00:29,683 / INFO: Episode 60, Ave step reward -108.72077817504241
2026-08-01 15:00:29,843 / INFO: Non-strategic (Uniform) utility: -43.133766314700054
attack-8-0_1
2026-08-01 15:00:30,912 / INFO: Episode 240, Ave step reward -2.1345000000000085
2026-08-01 15:00:31,320 / INFO: Episode 30, Ave step reward -101.47621333355218
2026-08-01 15:00:34,285 / INFO: Episode 270, Ave step reward -2.2805000000000093
2026-08-01 15:00:37,068 / INFO: Episode 480, Ave step reward -123.57169491525423
2026-08-01 15:00:39,079 / INFO: Episode 80, Ave step reward -112.52536349858805
2026-08-01 15:00:41,153 / INFO: Episode 500, Ave step reward -123.2925
2026-08-01 15:00:41,429 / INFO: Episode 80, Ave step reward -110.87172020473534
2026-08-01 15:00:44,927 / INFO: Episode 110, Ave step reward -114.86007229294488
2026-08-01 15:00:46,212 / INFO: Episode 80, Ave step reward -110.42336666566557
2026-08-01 15:00:46,532 / INFO: Episode 70, Ave step reward -111.36807704329514
2026-08-01 15:00:47,283 / INFO: Episode 40, Ave step reward -91.78209104554519
2026-08-01 15:00:47,413 / INFO: Episode 30, Ave step reward -100.84420018051655
2026-08-01 15:00:48,360 / INFO: Episode 250, Ave step reward -2.34900000000001
2026-08-01 15:00:51,898 / INFO: Episode 280, Ave step reward -2.2895000000000096
2026-08-01 15:00:54,997 / INFO: Episode 490, Ave step reward -123.0325
2026-08-01 15:00:56,441 / INFO: Episode 90, Ave step reward -115.29643071920962
2026-08-01 15:00:58,367 / INFO: Episode 90, Ave step reward -115.20305784620523
2026-08-01 15:01:02,281 / INFO: Episode 120, Ave step reward -116.01718300625025
2026-08-01 15:01:03,115 / INFO: Episode 80, Ave step reward -114.23898790394438
2026-08-01 15:01:03,125 / INFO: Episode 90, Ave step reward -114.44463696642507
2026-08-01 15:01:03,775 / INFO: Episode 50, Ave step reward -83.20463711129683
2026-08-01 15:01:03,967 / INFO: Episode 40, Ave step reward -89.32286010168718
2026-08-01 15:01:06,213 / INFO: Episode 260, Ave step reward -2.1490000000000085
2026-08-01 15:01:09,178 / INFO: Episode 290, Ave step reward -2.2590000000000092
2026-08-01 15:01:12,879 / INFO: Episode 500, Ave step reward -122.9825
2026-08-01 15:01:13,291 / INFO: Episode 100, Ave step reward -113.19837345128813
2026-08-01 15:01:15,128 / INFO: Episode 100, Ave step reward -114.27651444903475
2026-08-01 15:01:19,635 / INFO: Episode 130, Ave step reward -115.43731641510179
2026-08-01 15:01:19,639 / INFO: Episode 90, Ave step reward -114.91403815030598
2026-08-01 15:01:20,188 / INFO: Episode 60, Ave step reward -78.07486453517961
2026-08-01 15:01:20,342 / INFO: Episode 100, Ave step reward -114.0832632182281
2026-08-01 15:01:20,871 / INFO: Episode 50, Ave step reward -92.05289002825698
2026-08-01 15:01:24,637 / INFO: Episode 270, Ave step reward -2.34900000000001
2026-08-01 15:01:27,263 / INFO: Episode 300, Ave step reward -2.2770000000000095
2026-08-01 15:01:31,043 / INFO: Episode 110, Ave step reward -115.86948015394717
2026-08-01 15:01:32,320 / INFO: Episode 110, Ave step reward -118.25284009496173
2026-08-01 15:01:37,930 / INFO: Episode 70, Ave step reward -71.55193399747074
2026-08-01 15:01:38,022 / INFO: Episode 100, Ave step reward -112.53880176435048
2026-08-01 15:01:38,587 / INFO: Episode 140, Ave step reward -116.5664244818522
2026-08-01 15:01:38,631 / INFO: Episode 60, Ave step reward -95.61570013044314
2026-08-01 15:01:38,909 / INFO: Episode 110, Ave step reward -114.64502936084989
2026-08-01 15:01:43,303 / INFO: Episode 280, Ave step reward -2.187000000000009
2026-08-01 15:01:45,960 / INFO: Episode 310, Ave step reward -2.32200000000001
2026-08-01 15:01:50,187 / INFO: Episode 120, Ave step reward -114.74012687013388
2026-08-01 15:01:50,761 / INFO: Episode 120, Ave step reward -113.54112228404996
2026-08-01 15:01:55,130 / INFO: Episode 80, Ave step reward -65.41939353713667
2026-08-01 15:01:55,845 / INFO: Episode 110, Ave step reward -113.24895956114216
2026-08-01 15:01:56,070 / INFO: Episode 70, Ave step reward -106.42428386053126
2026-08-01 15:01:56,900 / INFO: Episode 120, Ave step reward -116.46706680784511
2026-08-01 15:01:57,060 / INFO: Episode 150, Ave step reward -116.61545351967483
2026-08-01 15:02:01,232 / INFO: Episode 290, Ave step reward -2.33800000000001
2026-08-01 15:02:04,525 / INFO: Episode 320, Ave step reward -2.019500000000008
2026-08-01 15:02:08,064 / INFO: Episode 130, Ave step reward -116.07148975039107
2026-08-01 15:02:09,377 / INFO: Episode 130, Ave step reward -115.63494174331343
2026-08-01 15:02:12,339 / INFO: Episode 90, Ave step reward -66.01121923106246
2026-08-01 15:02:13,543 / INFO: Episode 80, Ave step reward -105.61047592028517
2026-08-01 15:02:13,708 / INFO: Episode 120, Ave step reward -115.43773538413069
2026-08-01 15:02:14,710 / INFO: Episode 160, Ave step reward -119.87418891668018
2026-08-01 15:02:14,801 / INFO: Episode 130, Ave step reward -116.76919335105151
2026-08-01 15:02:19,106 / INFO: Episode 300, Ave step reward -2.2680000000000096
2026-08-01 15:02:22,972 / INFO: Episode 330, Ave step reward -2.2715000000000094
2026-08-01 15:02:26,155 / INFO: Episode 140, Ave step reward -118.66096342007582
2026-08-01 15:02:26,825 / INFO: Episode 140, Ave step reward -115.83436082430961
2026-08-01 15:02:29,197 / INFO: Episode 100, Ave step reward -66.9582998610782
2026-08-01 15:02:31,302 / INFO: Episode 130, Ave step reward -115.8283859869746
2026-08-01 15:02:31,485 / INFO: Episode 90, Ave step reward -109.36298893149467
2026-08-01 15:02:32,108 / INFO: Episode 170, Ave step reward -118.63196639516347
2026-08-01 15:02:32,774 / INFO: Episode 140, Ave step reward -118.66754810227002
2026-08-01 15:02:37,251 / INFO: Episode 310, Ave step reward -2.2895000000000096
2026-08-01 15:02:41,324 / INFO: Episode 340, Ave step reward -2.0880000000000085
2026-08-01 15:02:44,004 / INFO: Episode 150, Ave step reward -118.54076784881043
2026-08-01 15:02:44,787 / INFO: Episode 150, Ave step reward -116.35352349881867
2026-08-01 15:02:46,034 / INFO: Episode 110, Ave step reward -61.79743163633547
2026-08-01 15:02:48,957 / INFO: Episode 140, Ave step reward -115.24851804639971
2026-08-01 15:02:49,389 / INFO: Episode 100, Ave step reward -107.78794896468158
2026-08-01 15:02:50,185 / INFO: Episode 180, Ave step reward -118.55298548028605
2026-08-01 15:02:50,429 / INFO: Episode 150, Ave step reward -116.77381265296563
2026-08-01 15:02:55,704 / INFO: Episode 320, Ave step reward -2.1400000000000086
2026-08-01 15:02:59,642 / INFO: Episode 350, Ave step reward -2.34000000000001
2026-08-01 15:03:02,229 / INFO: Episode 160, Ave step reward -117.42228493083554
2026-08-01 15:03:02,738 / INFO: Episode 160, Ave step reward -118.29963670696635
2026-08-01 15:03:03,136 / INFO: Episode 120, Ave step reward -57.819779990027136
2026-08-01 15:03:07,182 / INFO: Episode 150, Ave step reward -119.11296240592851
2026-08-01 15:03:07,600 / INFO: Episode 110, Ave step reward -106.84713397839778
2026-08-01 15:03:07,762 / INFO: Episode 160, Ave step reward -117.64242039118335
2026-08-01 15:03:08,782 / INFO: Episode 190, Ave step reward -120.34579515976921
2026-08-01 15:03:14,083 / INFO: Episode 330, Ave step reward -2.3040000000000096
2026-08-01 15:03:17,316 / INFO: Episode 360, Ave step reward -2.226500000000009
2026-08-01 15:03:19,829 / INFO: Episode 170, Ave step reward -117.9968170834366
2026-08-01 15:03:20,131 / INFO: Episode 170, Ave step reward -118.9292149516917
2026-08-01 15:03:20,452 / INFO: Episode 130, Ave step reward -52.370716360589455
2026-08-01 15:03:24,865 / INFO: Episode 160, Ave step reward -118.55611351674125
2026-08-01 15:03:24,943 / INFO: Episode 120, Ave step reward -108.84443227359883
2026-08-01 15:03:25,318 / INFO: Episode 170, Ave step reward -119.45626561787803
2026-08-01 15:03:27,266 / INFO: Episode 200, Ave step reward -118.94222513222668
2026-08-01 15:03:31,875 / INFO: Episode 340, Ave step reward -2.2715000000000094
2026-08-01 15:03:35,356 / INFO: Episode 370, Ave step reward -2.2680000000000096
2026-08-01 15:03:37,728 / INFO: Episode 140, Ave step reward -50.21529232955083
2026-08-01 15:03:37,749 / INFO: Episode 180, Ave step reward -118.55806711992378
2026-08-01 15:03:38,016 / INFO: Episode 180, Ave step reward -119.88391566540861
2026-08-01 15:03:43,037 / INFO: Episode 130, Ave step reward -110.22216834811155
2026-08-01 15:03:43,198 / INFO: Episode 170, Ave step reward -118.73506559780762
2026-08-01 15:03:43,882 / INFO: Episode 180, Ave step reward -119.51979820232567
2026-08-01 15:03:45,831 / INFO: Episode 210, Ave step reward -119.57335604623584
2026-08-01 15:03:50,071 / INFO: Episode 350, Ave step reward -2.253500000000009
2026-08-01 15:03:53,453 / INFO: Episode 380, Ave step reward -2.2625000000000095
2026-08-01 15:03:54,880 / INFO: Episode 150, Ave step reward -46.362691863413545
2026-08-01 15:03:55,929 / INFO: Episode 190, Ave step reward -117.77542568167719
2026-08-01 15:03:56,012 / INFO: Episode 190, Ave step reward -121.53132126224956
2026-08-01 15:04:00,736 / INFO: Episode 140, Ave step reward -109.72000555081365
2026-08-01 15:04:01,267 / INFO: Episode 180, Ave step reward -118.19807316763263
2026-08-01 15:04:01,793 / INFO: Episode 190, Ave step reward -119.12988508405846
2026-08-01 15:04:04,431 / INFO: Episode 220, Ave step reward -118.72044179171216
2026-08-01 15:04:08,162 / INFO: Episode 360, Ave step reward -2.35800000000001
2026-08-01 15:04:11,695 / INFO: Episode 390, Ave step reward -2.2680000000000096
2026-08-01 15:04:12,391 / INFO: Episode 160, Ave step reward -45.67176864448143
2026-08-01 15:04:13,200 / INFO: Episode 200, Ave step reward -118.63668607813538
2026-08-01 15:04:14,446 / INFO: Episode 200, Ave step reward -118.65810744130886
2026-08-01 15:04:18,505 / INFO: Episode 150, Ave step reward -109.04915963686094
2026-08-01 15:04:19,252 / INFO: Episode 190, Ave step reward -118.2602764397604
2026-08-01 15:04:19,894 / INFO: Episode 200, Ave step reward -120.75445960954093
2026-08-01 15:04:21,559 / INFO: Episode 230, Ave step reward -122.6573692018584
2026-08-01 15:04:26,432 / INFO: Episode 370, Ave step reward -2.2590000000000092
2026-08-01 15:04:30,049 / INFO: Episode 400, Ave step reward -2.2410000000000094
2026-08-01 15:04:30,313 / INFO: Episode 170, Ave step reward -40.45620769298476
2026-08-01 15:04:31,397 / INFO: Episode 210, Ave step reward -120.51209564977763
2026-08-01 15:04:32,504 / INFO: Episode 210, Ave step reward -120.08920970959657
2026-08-01 15:04:36,686 / INFO: Episode 160, Ave step reward -109.48057726984256
2026-08-01 15:04:38,047 / INFO: Episode 210, Ave step reward -119.48769371542922
2026-08-01 15:04:38,320 / INFO: Episode 200, Ave step reward -120.21626330481307
2026-08-01 15:04:40,546 / INFO: Episode 240, Ave step reward -121.46959149554021
2026-08-01 15:04:44,537 / INFO: Episode 380, Ave step reward -2.205000000000009
2026-08-01 15:04:48,531 / INFO: Episode 180, Ave step reward -39.36090217226527
2026-08-01 15:04:48,848 / INFO: Episode 410, Ave step reward -2.187000000000009
2026-08-01 15:04:49,519 / INFO: Episode 220, Ave step reward -120.16488662758594
2026-08-01 15:04:51,686 / INFO: Episode 220, Ave step reward -120.44847385302118
2026-08-01 15:04:55,073 / INFO: Episode 170, Ave step reward -111.61841853468967
2026-08-01 15:04:56,746 / INFO: Episode 220, Ave step reward -122.45863973045277
2026-08-01 15:04:57,009 / INFO: Episode 210, Ave step reward -119.31910524411146
2026-08-01 15:04:58,844 / INFO: Episode 250, Ave step reward -122.10431687627698
2026-08-01 15:05:02,598 / INFO: Episode 390, Ave step reward -2.2140000000000093
2026-08-01 15:05:06,661 / INFO: Episode 190, Ave step reward -39.53674467814389
2026-08-01 15:05:07,027 / INFO: Episode 420, Ave step reward -2.223000000000009
2026-08-01 15:05:07,608 / INFO: Episode 230, Ave step reward -120.20047534814991
2026-08-01 15:05:09,791 / INFO: Episode 230, Ave step reward -119.31425732457305
2026-08-01 15:05:13,004 / INFO: Episode 180, Ave step reward -109.35990375389554
2026-08-01 15:05:15,187 / INFO: Episode 220, Ave step reward -120.32933305612204
2026-08-01 15:05:15,267 / INFO: Episode 230, Ave step reward -122.7551393867503
2026-08-01 15:05:17,219 / INFO: Episode 260, Ave step reward -121.48628795432194
2026-08-01 15:05:17,855 / INFO: RL utililty: -2420.08006894111
2026-08-01 15:05:20,437 / INFO: Episode 400, Ave step reward -2.2950000000000097
2026-08-01 15:05:23,628 / INFO: Episode 200, Ave step reward -40.27505638213243
2026-08-01 15:05:24,769 / INFO: Episode 240, Ave step reward -121.53796805455859
2026-08-01 15:05:24,886 / INFO: Episode 430, Ave step reward -2.2770000000000095
2026-08-01 15:05:27,041 / INFO: Episode 240, Ave step reward -122.17139117392455
2026-08-01 15:05:31,225 / INFO: Episode 190, Ave step reward -109.98949443856732
2026-08-01 15:05:32,701 / INFO: Episode 230, Ave step reward -122.05848451063719
2026-08-01 15:05:33,175 / INFO: RL utililty: -2471.517875899823
2026-08-01 15:05:33,563 / INFO: Episode 240, Ave step reward -120.59818441874036
2026-08-01 15:05:35,345 / INFO: Episode 270, Ave step reward -122.11624558144058
2026-08-01 15:05:37,813 / INFO: Episode 410, Ave step reward -2.34350000000001
2026-08-01 15:05:40,003 / INFO: Episode 210, Ave step reward -38.91075092067944
2026-08-01 15:05:42,424 / INFO: Episode 440, Ave step reward -2.31300000000001
2026-08-01 15:05:42,642 / INFO: Episode 250, Ave step reward -121.01706546052874
2026-08-01 15:05:44,812 / INFO: Episode 250, Ave step reward -121.18391720893605
2026-08-01 15:05:48,831 / INFO: Episode 200, Ave step reward -111.96952301209758
2026-08-01 15:05:49,853 / INFO: Episode 240, Ave step reward -121.64658184048513
2026-08-01 15:05:52,263 / INFO: Episode 250, Ave step reward -122.21601622590259
2026-08-01 15:05:53,441 / INFO: Episode 280, Ave step reward -121.67488817111342
2026-08-01 15:05:56,149 / INFO: Episode 420, Ave step reward -2.2985000000000095
2026-08-01 15:05:58,112 / INFO: Episode 220, Ave step reward -34.2390654795859
2026-08-01 15:06:00,081 / INFO: Episode 450, Ave step reward -2.187000000000009
2026-08-01 15:06:00,161 / INFO: Episode 260, Ave step reward -121.17349282227622
2026-08-01 15:06:02,914 / INFO: Episode 260, Ave step reward -122.13193883729974
2026-08-01 15:06:06,676 / INFO: Episode 210, Ave step reward -110.62311865919317
2026-08-01 15:06:08,255 / INFO: Episode 250, Ave step reward -120.48267299232292
2026-08-01 15:06:10,338 / INFO: Episode 260, Ave step reward -121.87504105718875
2026-08-01 15:06:10,458 / INFO: RL utililty: -2472.0383499383925
2026-08-01 15:06:11,334 / INFO: Episode 290, Ave step reward -123.49486322395961
2026-08-01 15:06:14,405 / INFO: Episode 430, Ave step reward -2.232000000000009
2026-08-01 15:06:15,278 / INFO: Episode 230, Ave step reward -37.28161724799548
2026-08-01 15:06:18,055 / INFO: Episode 460, Ave step reward -2.4840000000000106
2026-08-01 15:06:18,107 / INFO: Episode 270, Ave step reward -120.16974724083565
2026-08-01 15:06:21,166 / INFO: Episode 270, Ave step reward -122.09918739382798
2026-08-01 15:06:25,495 / INFO: Episode 220, Ave step reward -111.15486719087149
2026-08-01 15:06:26,675 / INFO: Episode 260, Ave step reward -121.39974599495314
2026-08-01 15:06:29,463 / INFO: Episode 270, Ave step reward -122.4925288735563
2026-08-01 15:06:29,894 / INFO: Episode 300, Ave step reward -122.48497971505239
2026-08-01 15:06:32,746 / INFO: Episode 440, Ave step reward -2.163500000000009
2026-08-01 15:06:33,107 / INFO: Episode 240, Ave step reward -34.28046719112829
2026-08-01 15:06:36,538 / INFO: Episode 470, Ave step reward -2.35800000000001
2026-08-01 15:06:37,197 / INFO: Episode 280, Ave step reward -122.11103519515757
2026-08-01 15:06:39,930 / INFO: Episode 280, Ave step reward -121.97875155933936
2026-08-01 15:06:44,031 / INFO: Episode 230, Ave step reward -113.2885650994838
2026-08-01 15:06:45,829 / INFO: Episode 270, Ave step reward -121.96728209229073
2026-08-01 15:06:47,901 / INFO: Episode 280, Ave step reward -121.6798692018584
2026-08-01 15:06:48,257 / INFO: Episode 310, Ave step reward -122.64834016403574
2026-08-01 15:06:51,357 / INFO: Episode 450, Ave step reward -2.36150000000001
2026-08-01 15:06:51,364 / INFO: Episode 250, Ave step reward -33.14406766445731
2026-08-01 15:06:55,187 / INFO: Episode 480, Ave step reward -2.1060000000000083
2026-08-01 15:06:55,634 / INFO: Episode 290, Ave step reward -122.89919337172678
2026-08-01 15:06:58,754 / INFO: Episode 290, Ave step reward -121.69837633118343
2026-08-01 15:07:02,583 / INFO: Episode 240, Ave step reward -111.36141857948645
2026-08-01 15:07:04,318 / INFO: Episode 280, Ave step reward -122.76224001705432
2026-08-01 15:07:06,433 / INFO: Episode 290, Ave step reward -120.58666996810044
2026-08-01 15:07:07,267 / INFO: Episode 320, Ave step reward -122.21612362041782
2026-08-01 15:07:09,620 / INFO: Episode 260, Ave step reward -32.28379175820422
2026-08-01 15:07:10,138 / INFO: Episode 460, Ave step reward -2.34900000000001
2026-08-01 15:07:13,522 / INFO: Episode 490, Ave step reward -2.196000000000009
2026-08-01 15:07:14,088 / INFO: Episode 300, Ave step reward -122.08084016403575
2026-08-01 15:07:16,906 / INFO: Episode 300, Ave step reward -121.9554217552747
2026-08-01 15:07:20,690 / INFO: Episode 250, Ave step reward -113.2235982921355
2026-08-01 15:07:22,866 / INFO: Episode 290, Ave step reward -121.5205700489539
2026-08-01 15:07:24,474 / INFO: Episode 300, Ave step reward -122.40777461926322
2026-08-01 15:07:25,561 / INFO: Episode 330, Ave step reward -123.00804348846259
2026-08-01 15:07:27,208 / INFO: Episode 270, Ave step reward -30.380334139184747
2026-08-01 15:07:27,418 / INFO: Episode 470, Ave step reward -2.1150000000000087
2026-08-01 15:07:31,522 / INFO: Episode 500, Ave step reward -2.232000000000009
2026-08-01 15:07:31,776 / INFO: Episode 310, Ave step reward -122.7005523255814
2026-08-01 15:07:35,492 / INFO: Episode 310, Ave step reward -122.82027616279069
2026-08-01 15:07:39,435 / INFO: Episode 260, Ave step reward -113.36761872658246
2026-08-01 15:07:41,313 / INFO: Episode 300, Ave step reward -122.94374456339294
2026-08-01 15:07:43,551 / INFO: Episode 310, Ave step reward -122.22902174423126
2026-08-01 15:07:44,316 / INFO: Episode 340, Ave step reward -121.9544825258737
2026-08-01 15:07:45,666 / INFO: Episode 280, Ave step reward -33.012998506093574
2026-08-01 15:07:45,783 / INFO: Episode 480, Ave step reward -2.196000000000009
2026-08-01 15:07:49,681 / INFO: Episode 320, Ave step reward -121.3216512266803
2026-08-01 15:07:54,855 / INFO: Episode 320, Ave step reward -122.8025
2026-08-01 15:07:57,903 / INFO: Episode 270, Ave step reward -111.63884189651449
2026-08-01 15:08:00,255 / INFO: Episode 310, Ave step reward -121.8677748470981
2026-08-01 15:08:02,595 / INFO: Episode 320, Ave step reward -122.66528629492689
2026-08-01 15:08:03,113 / INFO: Episode 350, Ave step reward -122.20027616279069
2026-08-01 15:08:03,683 / INFO: Episode 290, Ave step reward -30.11952908314165
2026-08-01 15:08:04,360 / INFO: Episode 490, Ave step reward -2.232000000000009
2026-08-01 15:08:07,936 / INFO: Episode 330, Ave step reward -122.70697107804492
2026-08-01 15:08:13,711 / INFO: Episode 330, Ave step reward -123.07348086647866
2026-08-01 15:08:17,080 / INFO: Episode 280, Ave step reward -113.4482673993471
2026-08-01 15:08:19,926 / INFO: Episode 320, Ave step reward -123.09903946760377
2026-08-01 15:08:21,171 / INFO: Episode 330, Ave step reward -121.81415122668031
2026-08-01 15:08:21,994 / INFO: Episode 300, Ave step reward -29.664494359955274
2026-08-01 15:08:22,459 / INFO: Episode 360, Ave step reward -122.85014690817655
2026-08-01 15:08:23,202 / INFO: Episode 500, Ave step reward -2.2985000000000095
2026-08-01 15:08:26,656 / INFO: Episode 340, Ave step reward -122.48304503199005
2026-08-01 15:08:28,808 / INFO: Non-strategic (Uniform) utility: -2426.8100925212952
2026-08-01 15:08:32,950 / INFO: Episode 340, Ave step reward -122.35387506388959
2026-08-01 15:08:36,559 / INFO: Episode 290, Ave step reward -113.43169009707519
2026-08-01 15:08:39,144 / INFO: Episode 330, Ave step reward -122.8087633048131
2026-08-01 15:08:40,092 / INFO: Episode 310, Ave step reward -29.120999162831495
2026-08-01 15:08:40,574 / INFO: Episode 340, Ave step reward -123.22207561334012
2026-08-01 15:08:41,866 / INFO: Episode 370, Ave step reward -123.255
2026-08-01 15:08:42,190 / INFO: Non-strategic (Uniform) utility: -2427.1554888244123
2026-08-01 15:08:45,634 / INFO: Episode 350, Ave step reward -121.95166996810045
2026-08-01 15:08:52,380 / INFO: Episode 350, Ave step reward -122.59
2026-08-01 15:08:55,709 / INFO: Episode 300, Ave step reward -112.95504443838794
2026-08-01 15:08:58,237 / INFO: Episode 320, Ave step reward -29.666293938773563
2026-08-01 15:08:59,176 / INFO: Episode 340, Ave step reward -122.20418769147292
2026-08-01 15:08:59,643 / INFO: Episode 350, Ave step reward -122.9963997832085
2026-08-01 15:09:01,190 / INFO: Episode 380, Ave step reward -122.50179945054944
2026-08-01 15:09:04,797 / INFO: Episode 360, Ave step reward -122.12139978320853
2026-08-01 15:09:11,601 / INFO: Episode 360, Ave step reward -123.38334745762711
2026-08-01 15:09:14,677 / INFO: Episode 310, Ave step reward -112.91534780466529
2026-08-01 15:09:17,061 / INFO: Episode 330, Ave step reward -28.411018545595542
2026-08-01 15:09:18,036 / INFO: Episode 350, Ave step reward -122.28057004895389
2026-08-01 15:09:18,779 / INFO: Episode 360, Ave step reward -121.7570930390677
2026-08-01 15:09:20,121 / INFO: Episode 390, Ave step reward -123.02277616279069
2026-08-01 15:09:20,247 / INFO: Non-strategic (Uniform) utility: -2427.062484529947
2026-08-01 15:09:23,716 / INFO: Episode 370, Ave step reward -121.31474126293686
2026-08-01 15:09:30,824 / INFO: Episode 370, Ave step reward -123.00069923375796
2026-08-01 15:09:33,675 / INFO: Episode 320, Ave step reward -112.37136042774019
2026-08-01 15:09:35,532 / INFO: Episode 340, Ave step reward -27.86644916669177
2026-08-01 15:09:36,798 / INFO: Episode 360, Ave step reward -122.70557004895389
2026-08-01 15:09:37,484 / INFO: Episode 370, Ave step reward -122.91166996810043
2026-08-01 15:09:38,933 / INFO: Episode 400, Ave step reward -123.07527616279069
2026-08-01 15:09:42,314 / INFO: Episode 380, Ave step reward -122.77861609899155
2026-08-01 15:09:49,478 / INFO: Episode 380, Ave step reward -123.31889978320852
2026-08-01 15:09:52,324 / INFO: Episode 330, Ave step reward -112.83770367205659
2026-08-01 15:09:53,450 / INFO: Episode 350, Ave step reward -29.899500594391665
2026-08-01 15:09:55,422 / INFO: Episode 370, Ave step reward -122.93292182508475
2026-08-01 15:09:56,653 / INFO: Episode 380, Ave step reward -122.79639380530975
2026-08-01 15:09:58,040 / INFO: Episode 410, Ave step reward -123.09334591409964
2026-08-01 15:10:01,010 / INFO: Episode 390, Ave step reward -122.86974126293686
2026-08-01 15:10:09,091 / INFO: Episode 390, Ave step reward -123.49679945054945
2026-08-01 15:10:10,901 / INFO: Episode 340, Ave step reward -113.3951410398422
2026-08-01 15:10:11,432 / INFO: Episode 360, Ave step reward -26.928648797657303
2026-08-01 15:10:14,125 / INFO: Episode 380, Ave step reward -122.516417506581
2026-08-01 15:10:15,155 / INFO: Episode 390, Ave step reward -122.96694635872602
2026-08-01 15:10:16,704 / INFO: Episode 420, Ave step reward -123.05027616279068
2026-08-01 15:10:19,451 / INFO: Episode 400, Ave step reward -123.29389380530972
2026-08-01 15:10:28,292 / INFO: Episode 400, Ave step reward -122.7975
2026-08-01 15:10:29,829 / INFO: Episode 370, Ave step reward -27.261172875632283
2026-08-01 15:10:30,259 / INFO: Episode 350, Ave step reward -113.49816658025996
2026-08-01 15:10:32,816 / INFO: Episode 390, Ave step reward -122.7227938861632
2026-08-01 15:10:33,956 / INFO: Episode 400, Ave step reward -123.07
2026-08-01 15:10:35,455 / INFO: Episode 430, Ave step reward -122.92277616279071
2026-08-01 15:10:38,062 / INFO: Episode 410, Ave step reward -122.37735177613085
2026-08-01 15:10:47,775 / INFO: Episode 380, Ave step reward -28.3402137173874
2026-08-01 15:10:47,925 / INFO: Episode 410, Ave step reward -123.26429945054944
2026-08-01 15:10:49,019 / INFO: Episode 360, Ave step reward -112.76645586913659
2026-08-01 15:10:51,737 / INFO: Episode 400, Ave step reward -122.95391750658102
2026-08-01 15:10:52,497 / INFO: Episode 410, Ave step reward -123.04416996810043
2026-08-01 15:10:54,241 / INFO: Episode 440, Ave step reward -123.5355523255814
2026-08-01 15:10:56,743 / INFO: Episode 420, Ave step reward -122.51779358851826
2026-08-01 15:11:05,607 / INFO: Episode 390, Ave step reward -27.879348962301474
2026-08-01 15:11:07,067 / INFO: Episode 420, Ave step reward -122.7325
2026-08-01 15:11:07,941 / INFO: Episode 370, Ave step reward -113.14944436223446
2026-08-01 15:11:10,428 / INFO: Episode 410, Ave step reward -123.2352938861632
2026-08-01 15:11:11,328 / INFO: Episode 420, Ave step reward -123.52
2026-08-01 15:11:12,799 / INFO: Episode 450, Ave step reward -122.91029358851826
2026-08-01 15:11:15,249 / INFO: Episode 430, Ave step reward -123.3786236204178
2026-08-01 15:11:23,536 / INFO: Episode 400, Ave step reward -26.463397867260646
2026-08-01 15:11:25,899 / INFO: Episode 430, Ave step reward -123.01639380530973
2026-08-01 15:11:27,137 / INFO: Episode 380, Ave step reward -112.36740881396537
2026-08-01 15:11:29,386 / INFO: Episode 420, Ave step reward -122.70751617984503
2026-08-01 15:11:29,876 / INFO: Episode 430, Ave step reward -123.28527616279071
2026-08-01 15:11:31,697 / INFO: Episode 460, Ave step reward -123.18584745762712
2026-08-01 15:11:33,971 / INFO: Episode 440, Ave step reward -123.51916996810043
2026-08-01 15:11:41,719 / INFO: Episode 410, Ave step reward -26.228944214943258
2026-08-01 15:11:45,846 / INFO: Episode 440, Ave step reward -123.31944613089112
2026-08-01 15:11:46,457 / INFO: Episode 390, Ave step reward -113.50932113163873
2026-08-01 15:11:48,570 / INFO: Episode 440, Ave step reward -123.2275
2026-08-01 15:11:48,795 / INFO: Episode 430, Ave step reward -122.96585765957337
2026-08-01 15:11:50,466 / INFO: Episode 470, Ave step reward -123.34527616279068
2026-08-01 15:11:53,069 / INFO: Episode 450, Ave step reward -122.99
2026-08-01 15:11:59,477 / INFO: Episode 420, Ave step reward -27.179913248786804
2026-08-01 15:12:04,780 / INFO: Episode 450, Ave step reward -122.86679945054944
2026-08-01 15:12:05,385 / INFO: Episode 400, Ave step reward -112.89970250767661
2026-08-01 15:12:07,343 / INFO: Episode 450, Ave step reward -123.32707561334014
2026-08-01 15:12:08,024 / INFO: Episode 440, Ave step reward -123.27614134379031
2026-08-01 15:12:08,751 / INFO: Episode 480, Ave step reward -123.28502887355633
2026-08-01 15:12:10,755 / INFO: Episode 460, Ave step reward -123.535
2026-08-01 15:12:17,277 / INFO: Episode 430, Ave step reward -26.960602478677348
2026-08-01 15:12:23,150 / INFO: Episode 460, Ave step reward -123.64679945054944
2026-08-01 15:12:24,166 / INFO: RL utililty: -42.89231501624776
2026-08-01 15:12:25,185 / INFO: Episode 410, Ave step reward -112.576368081617
2026-08-01 15:12:25,826 / INFO: Episode 460, Ave step reward -123.51
2026-08-01 15:12:27,145 / INFO: Episode 450, Ave step reward -123.53307004895389
2026-08-01 15:12:27,824 / INFO: Episode 490, Ave step reward -122.525
2026-08-01 15:12:29,374 / INFO: Episode 470, Ave step reward -122.90084745762711
2026-08-01 15:12:34,873 / INFO: Episode 440, Ave step reward -25.730326957230574
2026-08-01 15:12:42,802 / INFO: Episode 470, Ave step reward -123.605
2026-08-01 15:12:45,030 / INFO: Episode 470, Ave step reward -123.5455523255814
2026-08-01 15:12:45,147 / INFO: Episode 420, Ave step reward -113.08010380487589
2026-08-01 15:12:47,340 / INFO: Episode 460, Ave step reward -122.9652938861632
2026-08-01 15:12:47,432 / INFO: Episode 500, Ave step reward -123.495
2026-08-01 15:12:49,059 / INFO: Episode 480, Ave step reward -123.18
2026-08-01 15:12:53,568 / INFO: Episode 450, Ave step reward -26.97005028136475
2026-08-01 15:13:02,918 / INFO: Episode 480, Ave step reward -123.63444613089112
2026-08-01 15:13:04,897 / INFO: Episode 480, Ave step reward -123.59
2026-08-01 15:13:04,910 / INFO: Episode 430, Ave step reward -113.03281518327664
2026-08-01 15:13:07,009 / INFO: Episode 470, Ave step reward -123.52959333671264
2026-08-01 15:13:09,179 / INFO: Episode 490, Ave step reward -123.24862362041782
2026-08-01 15:13:11,917 / INFO: Episode 460, Ave step reward -26.230050666171092
2026-08-01 15:13:19,614 / INFO: RL utililty: -42.79898733448221
2026-08-01 15:13:22,995 / INFO: Episode 490, Ave step reward -123.23
2026-08-01 15:13:24,542 / INFO: Episode 440, Ave step reward -113.35735036775961
2026-08-01 15:13:24,638 / INFO: Episode 490, Ave step reward -123.49527616279069
2026-08-01 15:13:27,071 / INFO: Episode 480, Ave step reward -122.99639278726208
2026-08-01 15:13:28,138 / INFO: Episode 500, Ave step reward -123.115
2026-08-01 15:13:30,461 / INFO: Episode 470, Ave step reward -26.235050537902303
2026-08-01 15:13:31,285 / INFO: RL utililty: -42.670374545457925
2026-08-01 15:13:43,123 / INFO: Episode 500, Ave step reward -123.29527616279069
2026-08-01 15:13:43,823 / INFO: RL utililty: -42.55741677565612
2026-08-01 15:13:44,648 / INFO: Episode 500, Ave step reward -123.6202761627907
2026-08-01 15:13:44,850 / INFO: Episode 450, Ave step reward -113.23353248050282
2026-08-01 15:13:47,001 / INFO: Episode 490, Ave step reward -123.30696385426361
2026-08-01 15:13:49,550 / INFO: Episode 480, Ave step reward -26.100050409633518
2026-08-01 15:14:05,301 / INFO: Episode 460, Ave step reward -113.0116501820952
2026-08-01 15:14:07,340 / INFO: Episode 500, Ave step reward -123.55307004895388
2026-08-01 15:14:09,382 / INFO: Episode 490, Ave step reward -25.49005092270865
2026-08-01 15:14:19,205 / INFO: RL utililty: -42.85380763056265
2026-08-01 15:14:25,346 / INFO: Episode 470, Ave step reward -113.24857983916522
2026-08-01 15:14:28,525 / INFO: Episode 500, Ave step reward -26.149626151242455
2026-08-01 15:14:44,498 / INFO: Episode 480, Ave step reward -112.62937993812993
2026-08-01 15:15:04,068 / INFO: Episode 490, Ave step reward -113.07790333108166
2026-08-01 15:15:23,442 / INFO: Episode 500, Ave step reward -113.12434449505379
2026-08-01 15:15:35,660 / INFO: Non-strategic (Uniform) utility: -43.11092393818581
2026-08-01 15:16:26,031 / INFO: Non-strategic (Uniform) utility: -42.45444460697939
2026-08-01 15:16:38,476 / INFO: Non-strategic (Uniform) utility: -42.30779589468445
2026-08-01 15:16:51,236 / INFO: Non-strategic (Uniform) utility: -42.89632686872836
2026-08-01 15:17:25,224 / INFO: RL utililty: -2472.226941384765
2026-08-01 15:17:26,462 / INFO: Non-strategic (Uniform) utility: -42.4786848990747
2026-08-01 15:17:49,486 / INFO: RL utililty: -2470.9896850119694
2026-08-01 15:18:11,821 / INFO: RL utililty: -2472.031051818949
2026-08-01 15:18:18,413 / INFO: RL utililty: -2472.722243147309
2026-08-01 15:18:22,687 / INFO: RL utililty: -598.5493742284388
2026-08-01 15:18:43,445 / INFO: RL utililty: -2471.818347755974
2026-08-01 15:20:02,378 / INFO: RL utililty: -2270.358799096141
2026-08-01 15:20:28,620 / INFO: Non-strategic (Uniform) utility: -2427.0753098254145
defend-9-0_1
2026-08-01 15:20:46,305 / INFO: Episode 30, Ave step reward -2.310000000000009
2026-08-01 15:20:58,754 / INFO: Non-strategic (Uniform) utility: -2426.9257433451908
defend-6-0_1
2026-08-01 15:21:03,048 / INFO: Episode 40, Ave step reward -2.4430000000000103
2026-08-01 15:21:12,491 / INFO: Non-strategic (Uniform) utility: -2427.1356036937486
defend-5-0_1
2026-08-01 15:21:17,909 / INFO: Episode 30, Ave step reward -2.39000000000001
2026-08-01 15:21:18,716 / INFO: Non-strategic (Uniform) utility: -2426.972488450777
defend-11-0_1
2026-08-01 15:21:20,336 / INFO: Episode 50, Ave step reward -2.270500000000009
2026-08-01 15:21:24,740 / INFO: Non-strategic (Uniform) utility: -2427.2580912972367
defend-7-0_1
2026-08-01 15:21:31,122 / INFO: Episode 30, Ave step reward -2.317500000000009
2026-08-01 15:21:35,389 / INFO: Episode 40, Ave step reward -2.338500000000009
2026-08-01 15:21:38,031 / INFO: Episode 30, Ave step reward -2.4055000000000097
2026-08-01 15:21:38,046 / INFO: Episode 60, Ave step reward -2.213500000000009
2026-08-01 15:21:42,586 / INFO: Non-strategic (Uniform) utility: -2427.166583034797
2026-08-01 15:21:43,320 / INFO: Episode 30, Ave step reward -2.3050000000000095
defend-10-0_1
2026-08-01 15:21:48,389 / INFO: Episode 40, Ave step reward -2.2610000000000086
2026-08-01 15:21:53,139 / INFO: Episode 50, Ave step reward -2.220000000000008
2026-08-01 15:21:55,435 / INFO: Episode 40, Ave step reward -2.39650000000001
2026-08-01 15:21:55,465 / INFO: Episode 70, Ave step reward -2.1915000000000084
2026-08-01 15:22:00,835 / INFO: Episode 40, Ave step reward -2.4490000000000105
2026-08-01 15:22:01,636 / INFO: Episode 30, Ave step reward -2.3210000000000095
2026-08-01 15:22:05,950 / INFO: Episode 50, Ave step reward -2.32500000000001
2026-08-01 15:22:10,600 / INFO: Episode 60, Ave step reward -2.35950000000001
2026-08-01 15:22:12,598 / INFO: Episode 80, Ave step reward -2.3250000000000095
2026-08-01 15:22:12,647 / INFO: Episode 50, Ave step reward -2.114500000000008
2026-08-01 15:22:18,357 / INFO: Episode 50, Ave step reward -2.4040000000000097
2026-08-01 15:22:18,581 / INFO: Episode 40, Ave step reward -2.1645000000000083
2026-08-01 15:22:23,540 / INFO: Episode 60, Ave step reward -2.1790000000000083
2026-08-01 15:22:27,781 / INFO: Episode 70, Ave step reward -2.1685000000000083
2026-08-01 15:22:29,144 / INFO: Episode 90, Ave step reward -2.287000000000009
2026-08-01 15:22:29,860 / INFO: Episode 60, Ave step reward -2.44550000000001
2026-08-01 15:22:35,910 / INFO: Episode 60, Ave step reward -2.4510000000000103
2026-08-01 15:22:35,952 / INFO: Episode 50, Ave step reward -2.37750000000001
2026-08-01 15:22:41,372 / INFO: Episode 70, Ave step reward -2.166500000000008
2026-08-01 15:22:45,670 / INFO: Episode 80, Ave step reward -2.1665000000000085
2026-08-01 15:22:46,324 / INFO: Episode 100, Ave step reward -2.3480000000000096
2026-08-01 15:22:46,899 / INFO: Episode 70, Ave step reward -2.096500000000008
2026-08-01 15:22:52,887 / INFO: Episode 70, Ave step reward -2.2075000000000085
2026-08-01 15:22:53,638 / INFO: Episode 60, Ave step reward -2.200500000000009
2026-08-01 15:22:59,305 / INFO: Episode 80, Ave step reward -2.37000000000001
2026-08-01 15:23:03,197 / INFO: Episode 110, Ave step reward -2.3110000000000097
2026-08-01 15:23:03,537 / INFO: Episode 90, Ave step reward -2.1505000000000085
2026-08-01 15:23:04,690 / INFO: Episode 80, Ave step reward -2.254500000000009
2026-08-01 15:23:09,082 / INFO: Non-strategic (Uniform) utility: -2427.2812875189043
defend-8-0_1
2026-08-01 15:23:10,492 / INFO: Episode 80, Ave step reward -2.215500000000009
2026-08-01 15:23:10,934 / INFO: Episode 70, Ave step reward -2.3410000000000095
2026-08-01 15:23:16,603 / INFO: Episode 90, Ave step reward -2.3430000000000093
2026-08-01 15:23:19,221 / INFO: Episode 120, Ave step reward -2.4565000000000103
2026-08-01 15:23:21,109 / INFO: Episode 100, Ave step reward -2.1970000000000085
2026-08-01 15:23:22,195 / INFO: Episode 90, Ave step reward -2.237000000000009
2026-08-01 15:23:27,648 / INFO: Episode 30, Ave step reward -2.3300000000000094
2026-08-01 15:23:27,791 / INFO: Episode 90, Ave step reward -2.3630000000000098
2026-08-01 15:23:28,669 / INFO: Episode 80, Ave step reward -2.3085000000000093
2026-08-01 15:23:34,211 / INFO: Episode 100, Ave step reward -2.37050000000001
2026-08-01 15:23:35,841 / INFO: Episode 130, Ave step reward -2.273000000000009
2026-08-01 15:23:38,592 / INFO: Episode 110, Ave step reward -2.3575000000000097
2026-08-01 15:23:40,224 / INFO: Episode 100, Ave step reward -2.204500000000009
2026-08-01 15:23:44,200 / INFO: Episode 40, Ave step reward -2.242000000000009
2026-08-01 15:23:45,356 / INFO: Episode 100, Ave step reward -2.4870000000000108
2026-08-01 15:23:46,039 / INFO: Episode 90, Ave step reward -2.152000000000008
2026-08-01 15:23:51,639 / INFO: Episode 140, Ave step reward -2.3090000000000095
2026-08-01 15:23:51,880 / INFO: Episode 110, Ave step reward -2.3415000000000097
2026-08-01 15:23:55,762 / INFO: Episode 120, Ave step reward -2.1035000000000084
2026-08-01 15:23:57,644 / INFO: Episode 110, Ave step reward -2.242500000000009
2026-08-01 15:24:01,641 / INFO: Episode 50, Ave step reward -2.2455000000000087
2026-08-01 15:24:02,991 / INFO: Episode 110, Ave step reward -2.33450000000001
2026-08-01 15:24:03,799 / INFO: Episode 100, Ave step reward -2.33250000000001
2026-08-01 15:24:08,265 / INFO: Episode 150, Ave step reward -2.3430000000000093
2026-08-01 15:24:10,210 / INFO: Episode 120, Ave step reward -2.5680000000000107
2026-08-01 15:24:13,538 / INFO: Episode 130, Ave step reward -2.43300000000001
2026-08-01 15:24:15,526 / INFO: Episode 120, Ave step reward -2.212000000000009
2026-08-01 15:24:19,058 / INFO: Episode 60, Ave step reward -2.40400000000001
2026-08-01 15:24:20,537 / INFO: Episode 120, Ave step reward -2.226000000000009
2026-08-01 15:24:21,670 / INFO: Episode 110, Ave step reward -2.229500000000009
2026-08-01 15:24:24,973 / INFO: Episode 160, Ave step reward -2.2785000000000095
2026-08-01 15:24:28,097 / INFO: Episode 130, Ave step reward -2.2765000000000093
2026-08-01 15:24:31,268 / INFO: Episode 140, Ave step reward -2.42950000000001
2026-08-01 15:24:33,843 / INFO: Episode 130, Ave step reward -2.218500000000009
2026-08-01 15:24:36,595 / INFO: Episode 70, Ave step reward -2.2725000000000093
2026-08-01 15:24:38,323 / INFO: Episode 130, Ave step reward -2.226000000000009
2026-08-01 15:24:39,793 / INFO: Episode 120, Ave step reward -2.253500000000009
2026-08-01 15:24:40,915 / INFO: Episode 170, Ave step reward -2.39750000000001
2026-08-01 15:24:45,545 / INFO: Episode 140, Ave step reward -2.3505000000000096
2026-08-01 15:24:48,035 / INFO: Episode 150, Ave step reward -2.228000000000009
2026-08-01 15:24:51,466 / INFO: Episode 140, Ave step reward -2.2785000000000095
2026-08-01 15:24:53,360 / INFO: Episode 80, Ave step reward -2.3535000000000093
2026-08-01 15:24:55,679 / INFO: Episode 140, Ave step reward -2.158000000000009
2026-08-01 15:24:56,884 / INFO: Episode 180, Ave step reward -2.561000000000011
2026-08-01 15:24:57,260 / INFO: Episode 130, Ave step reward -2.42050000000001
2026-08-01 15:25:02,978 / INFO: Episode 150, Ave step reward -2.3165000000000098
2026-08-01 15:25:05,842 / INFO: Episode 160, Ave step reward -2.2300000000000093
2026-08-01 15:25:09,633 / INFO: Episode 150, Ave step reward -2.30750000000001
2026-08-01 15:25:10,864 / INFO: Episode 90, Ave step reward -2.3845000000000103
2026-08-01 15:25:13,432 / INFO: Episode 150, Ave step reward -2.221000000000009
2026-08-01 15:25:13,609 / INFO: Episode 190, Ave step reward -2.2785000000000095
2026-08-01 15:25:15,053 / INFO: Episode 140, Ave step reward -2.3290000000000095
2026-08-01 15:25:21,242 / INFO: Episode 160, Ave step reward -2.2085000000000092
2026-08-01 15:25:24,022 / INFO: Episode 170, Ave step reward -2.2750000000000092
2026-08-01 15:25:27,919 / INFO: Episode 160, Ave step reward -2.33800000000001
2026-08-01 15:25:28,100 / INFO: Episode 100, Ave step reward -2.222500000000009
2026-08-01 15:25:29,956 / INFO: Episode 200, Ave step reward -2.2820000000000094
2026-08-01 15:25:30,896 / INFO: Episode 160, Ave step reward -2.37750000000001
2026-08-01 15:25:33,521 / INFO: Episode 150, Ave step reward -2.3125000000000098
2026-08-01 15:25:38,846 / INFO: Episode 170, Ave step reward -2.26600000000001
2026-08-01 15:25:42,078 / INFO: Episode 180, Ave step reward -2.2590000000000092
2026-08-01 15:25:45,474 / INFO: Episode 110, Ave step reward -2.224500000000009
2026-08-01 15:25:45,774 / INFO: Episode 170, Ave step reward -2.2605000000000093
2026-08-01 15:25:46,806 / INFO: Episode 210, Ave step reward -2.4245000000000103
2026-08-01 15:25:48,964 / INFO: Episode 170, Ave step reward -2.1705000000000085
2026-08-01 15:25:51,151 / INFO: Episode 160, Ave step reward -2.39550000000001
2026-08-01 15:25:56,752 / INFO: Episode 180, Ave step reward -2.2625000000000095
2026-08-01 15:26:00,219 / INFO: Episode 190, Ave step reward -2.212000000000009
2026-08-01 15:26:02,689 / INFO: Episode 120, Ave step reward -2.3090000000000095
2026-08-01 15:26:03,193 / INFO: Episode 220, Ave step reward -2.40650000000001
2026-08-01 15:26:03,531 / INFO: Episode 180, Ave step reward -2.30750000000001
2026-08-01 15:26:07,243 / INFO: Episode 180, Ave step reward -2.2300000000000093
2026-08-01 15:26:09,398 / INFO: Episode 170, Ave step reward -2.2785000000000095
2026-08-01 15:26:14,842 / INFO: Episode 190, Ave step reward -2.35050000000001
2026-08-01 15:26:17,608 / INFO: Episode 200, Ave step reward -2.2660000000000093
2026-08-01 15:26:19,389 / INFO: Episode 230, Ave step reward -2.2085000000000092
2026-08-01 15:26:20,455 / INFO: Episode 130, Ave step reward -2.094500000000008
2026-08-01 15:26:20,595 / INFO: Episode 190, Ave step reward -2.2590000000000092
2026-08-01 15:26:25,343 / INFO: Episode 190, Ave step reward -2.2985000000000095
2026-08-01 15:26:26,707 / INFO: Episode 180, Ave step reward -2.264000000000009
2026-08-01 15:26:32,466 / INFO: Episode 200, Ave step reward -2.2355000000000094
2026-08-01 15:26:35,306 / INFO: Episode 210, Ave step reward -2.1220000000000083
2026-08-01 15:26:35,408 / INFO: Episode 240, Ave step reward -2.4785000000000106
2026-08-01 15:26:37,719 / INFO: Episode 140, Ave step reward -2.35400000000001
2026-08-01 15:26:37,976 / INFO: Episode 200, Ave step reward -2.223000000000009
2026-08-01 15:26:43,013 / INFO: Episode 200, Ave step reward -2.1510000000000087
2026-08-01 15:26:43,943 / INFO: Episode 190, Ave step reward -2.185000000000009
2026-08-01 15:26:50,308 / INFO: Episode 210, Ave step reward -2.4190000000000103
2026-08-01 15:26:50,660 / INFO: Episode 250, Ave step reward -2.1815000000000087
2026-08-01 15:26:52,927 / INFO: Episode 220, Ave step reward -2.239000000000009
2026-08-01 15:26:55,402 / INFO: Episode 150, Ave step reward -2.199500000000009
2026-08-01 15:26:55,530 / INFO: Episode 210, Ave step reward -2.1330000000000084
2026-08-01 15:27:00,628 / INFO: Episode 210, Ave step reward -2.158000000000009
2026-08-01 15:27:01,443 / INFO: Episode 200, Ave step reward -2.248000000000009
2026-08-01 15:27:06,821 / INFO: Episode 260, Ave step reward -2.42800000000001
2026-08-01 15:27:07,961 / INFO: Episode 220, Ave step reward -2.3290000000000095
2026-08-01 15:27:10,558 / INFO: Episode 230, Ave step reward -2.34150000000001
2026-08-01 15:27:13,567 / INFO: Episode 220, Ave step reward -2.253500000000009
2026-08-01 15:27:13,582 / INFO: Episode 160, Ave step reward -2.2245000000000092
2026-08-01 15:27:18,051 / INFO: Episode 220, Ave step reward -2.2855000000000096
2026-08-01 15:27:19,701 / INFO: Episode 210, Ave step reward -2.194000000000009
2026-08-01 15:27:23,019 / INFO: Episode 270, Ave step reward -2.34900000000001
2026-08-01 15:27:25,277 / INFO: Episode 230, Ave step reward -2.37600000000001
2026-08-01 15:27:28,058 / INFO: Episode 240, Ave step reward -2.2355000000000094
2026-08-01 15:27:30,244 / INFO: Episode 170, Ave step reward -2.35250000000001
2026-08-01 15:27:31,265 / INFO: Episode 230, Ave step reward -2.1400000000000086
2026-08-01 15:27:35,805 / INFO: Episode 230, Ave step reward -2.2625000000000095
2026-08-01 15:27:37,544 / INFO: Episode 220, Ave step reward -2.1830000000000087
2026-08-01 15:27:38,787 / INFO: Episode 280, Ave step reward -2.4730000000000105
2026-08-01 15:27:43,038 / INFO: Episode 240, Ave step reward -2.4045000000000103
2026-08-01 15:27:45,598 / INFO: Episode 250, Ave step reward -2.2805000000000093
2026-08-01 15:27:47,986 / INFO: Episode 180, Ave step reward -2.5000000000000107
2026-08-01 15:27:48,959 / INFO: Episode 240, Ave step reward -2.2965000000000098
2026-08-01 15:27:53,757 / INFO: Episode 240, Ave step reward -2.2300000000000093
2026-08-01 15:27:55,234 / INFO: Episode 290, Ave step reward -2.3020000000000094
2026-08-01 15:27:55,676 / INFO: Episode 230, Ave step reward -2.055500000000008
2026-08-01 15:28:00,468 / INFO: Episode 250, Ave step reward -2.3020000000000094
2026-08-01 15:28:02,870 / INFO: Episode 260, Ave step reward -2.1220000000000083
2026-08-01 15:28:06,012 / INFO: Episode 190, Ave step reward -2.163500000000009
2026-08-01 15:28:06,057 / INFO: Episode 250, Ave step reward -2.169000000000009
2026-08-01 15:28:10,711 / INFO: Episode 300, Ave step reward -2.37950000000001
2026-08-01 15:28:10,727 / INFO: Episode 250, Ave step reward -2.4390000000000107
2026-08-01 15:28:12,826 / INFO: Episode 240, Ave step reward -2.199500000000009
2026-08-01 15:28:18,253 / INFO: Episode 260, Ave step reward -2.34000000000001
2026-08-01 15:28:20,061 / INFO: Episode 270, Ave step reward -2.37050000000001
2026-08-01 15:28:23,554 / INFO: Episode 260, Ave step reward -2.1130000000000084
2026-08-01 15:28:23,970 / INFO: Episode 200, Ave step reward -2.3000000000000096
2026-08-01 15:28:26,514 / INFO: Episode 310, Ave step reward -2.2085000000000092
2026-08-01 15:28:28,481 / INFO: Episode 260, Ave step reward -2.3940000000000103
2026-08-01 15:28:31,069 / INFO: Episode 250, Ave step reward -2.1510000000000087
2026-08-01 15:28:36,497 / INFO: Episode 270, Ave step reward -2.2625000000000095
2026-08-01 15:28:38,232 / INFO: Episode 280, Ave step reward -2.1815000000000087
2026-08-01 15:28:41,172 / INFO: Episode 270, Ave step reward -2.3040000000000096
2026-08-01 15:28:41,999 / INFO: Episode 210, Ave step reward -2.33250000000001
2026-08-01 15:28:42,154 / INFO: Episode 320, Ave step reward -2.35250000000001
2026-08-01 15:28:46,148 / INFO: Episode 270, Ave step reward -2.3110000000000097
2026-08-01 15:28:48,431 / INFO: Episode 260, Ave step reward -2.3145000000000095
2026-08-01 15:28:54,177 / INFO: Episode 280, Ave step reward -2.2985000000000095
2026-08-01 15:28:56,261 / INFO: Episode 290, Ave step reward -2.36150000000001
2026-08-01 15:28:57,454 / INFO: Episode 330, Ave step reward -2.3255000000000097
2026-08-01 15:28:58,945 / INFO: Episode 280, Ave step reward -2.223000000000009
2026-08-01 15:28:59,427 / INFO: Episode 220, Ave step reward -2.2590000000000092
2026-08-01 15:29:03,725 / INFO: Episode 280, Ave step reward -2.2445000000000093
2026-08-01 15:29:06,210 / INFO: Episode 270, Ave step reward -2.2500000000000093
2026-08-01 15:29:12,480 / INFO: Episode 290, Ave step reward -2.232000000000009
2026-08-01 15:29:13,693 / INFO: Episode 340, Ave step reward -2.40650000000001
2026-08-01 15:29:14,309 / INFO: Episode 300, Ave step reward -2.4155000000000104
2026-08-01 15:29:16,949 / INFO: Episode 290, Ave step reward -2.1150000000000087
2026-08-01 15:29:17,420 / INFO: Episode 230, Ave step reward -2.3020000000000094
2026-08-01 15:29:21,940 / INFO: Episode 290, Ave step reward -2.0610000000000084
2026-08-01 15:29:24,592 / INFO: Episode 280, Ave step reward -2.2890000000000095
2026-08-01 15:29:29,567 / INFO: Episode 350, Ave step reward -2.3165000000000098
2026-08-01 15:29:30,045 / INFO: Episode 300, Ave step reward -2.32200000000001
2026-08-01 15:29:31,528 / INFO: Episode 310, Ave step reward -2.2660000000000093
2026-08-01 15:29:34,839 / INFO: Episode 300, Ave step reward -2.196000000000009
2026-08-01 15:29:35,272 / INFO: Episode 240, Ave step reward -2.1150000000000087
2026-08-01 15:29:39,235 / INFO: Episode 300, Ave step reward -2.3470000000000097
2026-08-01 15:29:42,159 / INFO: Episode 290, Ave step reward -2.2750000000000092
2026-08-01 15:29:44,801 / INFO: Episode 360, Ave step reward -2.35800000000001
2026-08-01 15:29:47,740 / INFO: Episode 310, Ave step reward -2.3200000000000096
2026-08-01 15:29:48,815 / INFO: Episode 320, Ave step reward -2.4155000000000104
2026-08-01 15:29:51,971 / INFO: Episode 310, Ave step reward -2.36700000000001
2026-08-01 15:29:53,233 / INFO: Episode 250, Ave step reward -2.248000000000009
2026-08-01 15:29:57,431 / INFO: Episode 310, Ave step reward -2.2985000000000095
2026-08-01 15:30:00,311 / INFO: Episode 300, Ave step reward -2.178000000000009
2026-08-01 15:30:00,936 / INFO: Episode 370, Ave step reward -2.4030000000000102
2026-08-01 15:30:06,023 / INFO: Episode 320, Ave step reward -2.42800000000001
2026-08-01 15:30:07,092 / INFO: Episode 330, Ave step reward -2.2500000000000093
2026-08-01 15:30:08,142 / INFO: find_mixed_NE: 1 equilibria found. Defender utility range: min=-42.8966, max=-42.8966, mean=-42.8966
###########################################################################################
Iteration 1
Current defender payoff matrix:
[[-43.0442574  -54.5248856 ]
 [-42.89662095 -54.88299117]]
Current attacker payoff matrix:
[[-2261.80080657 -2469.70839382]
 [-2261.88282683 -2469.50944628]]
Attacker's mixed strategy: [1.0, 0.0]
Defender's mixed strategy: [0.0, 1.0]
2026-08-01 15:30:08,156 / INFO: Iteration 1: def=-42.89662094510963 att=-2261.8828268252328
attack-4-1_0
2026-08-01 15:30:10,596 / INFO: Episode 320, Ave step reward -2.1545000000000085
2026-08-01 15:30:11,942 / INFO: Episode 260, Ave step reward -2.1095000000000086
2026-08-01 15:30:16,999 / INFO: Episode 320, Ave step reward -2.33800000000001
2026-08-01 15:30:18,740 / INFO: Episode 380, Ave step reward -2.4570000000000105
2026-08-01 15:30:19,999 / INFO: Episode 310, Ave step reward -2.4245000000000103
2026-08-01 15:30:24,684 / INFO: Episode 330, Ave step reward -2.3850000000000104
2026-08-01 15:30:25,501 / INFO: Episode 340, Ave step reward -2.0970000000000084
2026-08-01 15:30:29,387 / INFO: Episode 330, Ave step reward -2.232000000000009
2026-08-01 15:30:30,377 / INFO: Episode 270, Ave step reward -2.2300000000000093
2026-08-01 15:30:34,271 / INFO: Episode 30, Ave step reward -100.91336224224278
2026-08-01 15:30:34,912 / INFO: Episode 390, Ave step reward -2.3040000000000096
2026-08-01 15:30:34,995 / INFO: Episode 330, Ave step reward -2.4300000000000104
2026-08-01 15:30:37,380 / INFO: Episode 320, Ave step reward -2.3940000000000103
2026-08-01 15:30:42,313 / INFO: Episode 340, Ave step reward -2.2770000000000095
2026-08-01 15:30:43,691 / INFO: Episode 350, Ave step reward -2.2140000000000093
2026-08-01 15:30:46,914 / INFO: Episode 340, Ave step reward -2.2770000000000095
2026-08-01 15:30:47,253 / INFO: Episode 280, Ave step reward -2.2300000000000093
2026-08-01 15:30:50,856 / INFO: Episode 400, Ave step reward -2.190500000000009
2026-08-01 15:30:52,165 / INFO: Episode 340, Ave step reward -2.2985000000000095
2026-08-01 15:30:52,264 / INFO: Episode 40, Ave step reward -102.83415847731601
2026-08-01 15:30:54,666 / INFO: Episode 330, Ave step reward -2.034000000000008
2026-08-01 15:30:59,463 / INFO: Episode 350, Ave step reward -2.2140000000000093
2026-08-01 15:31:01,222 / INFO: Episode 360, Ave step reward -2.226500000000009
2026-08-01 15:31:04,218 / INFO: Episode 290, Ave step reward -2.248000000000009
2026-08-01 15:31:04,385 / INFO: Episode 350, Ave step reward -2.142000000000009
2026-08-01 15:31:06,321 / INFO: Episode 410, Ave step reward -2.4785000000000106
2026-08-01 15:31:09,425 / INFO: Episode 350, Ave step reward -2.33800000000001
2026-08-01 15:31:10,044 / INFO: Episode 50, Ave step reward -106.67114877312615
2026-08-01 15:31:12,377 / INFO: Episode 340, Ave step reward -2.2140000000000093
2026-08-01 15:31:14,605 / INFO: find_mixed_NE: 1 equilibria found. Defender utility range: min=-42.5487, max=-42.5487, mean=-42.5487
###########################################################################################
Iteration 1
Current defender payoff matrix:
[[-42.78375662 -55.26820854]
 [-42.54865731 -55.1792903 ]]
Current attacker payoff matrix:
[[-2261.94552923 -2469.29543663]
 [-2262.07613995 -2469.34483565]]
Attacker's mixed strategy: [1.0, 0.0]
Defender's mixed strategy: [0.0, 1.0]
2026-08-01 15:31:14,615 / INFO: Iteration 1: def=-42.54865731259355 att=-2262.076139954408
attack-2-1_0
2026-08-01 15:31:17,066 / INFO: Episode 360, Ave step reward -2.2950000000000097
2026-08-01 15:31:18,803 / INFO: Episode 370, Ave step reward -2.35800000000001
2026-08-01 15:31:21,923 / INFO: Episode 300, Ave step reward -2.33800000000001
2026-08-01 15:31:22,019 / INFO: Episode 420, Ave step reward -2.4210000000000105
2026-08-01 15:31:22,651 / INFO: Episode 360, Ave step reward -2.32200000000001
2026-08-01 15:31:27,874 / INFO: Episode 360, Ave step reward -2.2895000000000096
2026-08-01 15:31:28,768 / INFO: Episode 60, Ave step reward -108.91569419721732
2026-08-01 15:31:30,856 / INFO: Episode 350, Ave step reward -2.1185000000000085
2026-08-01 15:31:34,444 / INFO: Episode 370, Ave step reward -2.187000000000009
2026-08-01 15:31:36,298 / INFO: Episode 380, Ave step reward -2.2140000000000093
2026-08-01 15:31:37,610 / INFO: Episode 430, Ave step reward -2.3850000000000104
2026-08-01 15:31:39,864 / INFO: Episode 310, Ave step reward -2.1510000000000087
2026-08-01 15:31:40,095 / INFO: Episode 30, Ave step reward -101.73905309973112
2026-08-01 15:31:40,163 / INFO: Episode 370, Ave step reward -2.3310000000000097
2026-08-01 15:31:45,110 / INFO: Episode 370, Ave step reward -2.178000000000009
2026-08-01 15:31:47,220 / INFO: Episode 70, Ave step reward -107.94707138452328
2026-08-01 15:31:48,378 / INFO: Episode 360, Ave step reward -2.2355000000000094
2026-08-01 15:31:52,336 / INFO: Episode 380, Ave step reward -2.28600000000001
2026-08-01 15:31:53,641 / INFO: Episode 440, Ave step reward -2.187000000000009
2026-08-01 15:31:54,174 / INFO: Episode 390, Ave step reward -2.33450000000001
2026-08-01 15:31:58,153 / INFO: Episode 320, Ave step reward -2.2140000000000093
2026-08-01 15:31:58,672 / INFO: Episode 380, Ave step reward -2.160000000000009
2026-08-01 15:31:59,208 / INFO: Episode 40, Ave step reward -103.94468142693545
2026-08-01 15:32:03,333 / INFO: Episode 380, Ave step reward -2.1725000000000088
2026-08-01 15:32:04,690 / INFO: find_mixed_NE: 1 equilibria found. Defender utility range: min=-42.7928, max=-42.7928, mean=-42.7928
###########################################################################################
Iteration 1
Current defender payoff matrix:
[[-42.82935    -52.70826268]
 [-42.79278441 -52.73344797]]
Current attacker payoff matrix:
[[-2261.92019957 -2470.71762877]
 [-2261.94051379 -2470.70363694]]
Attacker's mixed strategy: [1.0, 0.0]
Defender's mixed strategy: [0.0, 1.0]
2026-08-01 15:32:04,700 / INFO: Iteration 1: def=-42.79278440873519 att=-2261.9405137898852
2026-08-01 15:32:06,597 / INFO: Episode 370, Ave step reward -2.2895000000000096
2026-08-01 15:32:06,941 / INFO: Episode 80, Ave step reward -110.43488004912301
2026-08-01 15:32:09,040 / INFO: Episode 450, Ave step reward -2.3310000000000097
2026-08-01 15:32:09,897 / INFO: Episode 390, Ave step reward -2.142000000000009
2026-08-01 15:32:12,019 / INFO: Episode 400, Ave step reward -2.205000000000009
2026-08-01 15:32:16,489 / INFO: Episode 330, Ave step reward -2.2410000000000094
2026-08-01 15:32:16,676 / INFO: Episode 390, Ave step reward -2.3310000000000097
2026-08-01 15:32:17,948 / INFO: Episode 50, Ave step reward -103.17057359084104
2026-08-01 15:32:20,872 / INFO: Episode 390, Ave step reward -2.205000000000009
2026-08-01 15:32:24,223 / INFO: Episode 380, Ave step reward -2.232000000000009
2026-08-01 15:32:24,623 / INFO: Episode 460, Ave step reward -2.35800000000001
2026-08-01 15:32:25,645 / INFO: Episode 90, Ave step reward -115.35640498395318
2026-08-01 15:32:27,521 / INFO: Episode 400, Ave step reward -2.2590000000000092
2026-08-01 15:32:29,452 / INFO: Episode 410, Ave step reward -2.4300000000000104
2026-08-01 15:32:34,013 / INFO: Episode 340, Ave step reward -2.3940000000000103
2026-08-01 15:32:34,591 / INFO: Episode 400, Ave step reward -2.3940000000000103
2026-08-01 15:32:36,507 / INFO: Episode 60, Ave step reward -105.11714660421259
2026-08-01 15:32:38,793 / INFO: Episode 400, Ave step reward -2.2500000000000093
2026-08-01 15:32:40,080 / INFO: Episode 470, Ave step reward -2.35800000000001
2026-08-01 15:32:41,768 / INFO: Episode 390, Ave step reward -2.2770000000000095
2026-08-01 15:32:44,299 / INFO: Episode 100, Ave step reward -109.3446658606566
2026-08-01 15:32:45,752 / INFO: Episode 410, Ave step reward -2.2625000000000095
2026-08-01 15:32:47,039 / INFO: Episode 420, Ave step reward -2.34900000000001
2026-08-01 15:32:49,480 / INFO: find_mixed_NE: 1 equilibria found. Defender utility range: min=-42.7897, max=-42.7897, mean=-42.7897
###########################################################################################
Iteration 1
Current defender payoff matrix:
[[-42.86718772 -46.78776701]
 [-42.78970321 -46.24164773]]
Current attacker payoff matrix:
[[-2261.89917862 -2420.27189373]
 [-2261.94222557 -2420.57529333]]
Attacker's mixed strategy: [1.0, 0.0]
Defender's mixed strategy: [0.0, 1.0]
2026-08-01 15:32:49,490 / INFO: Iteration 1: def=-42.78970320899608 att=-2261.9422255675177
attack-3-1_0
2026-08-01 15:32:51,068 / INFO: Episode 350, Ave step reward -2.4480000000000106
2026-08-01 15:32:52,049 / INFO: Episode 410, Ave step reward -2.223000000000009
2026-08-01 15:32:54,441 / INFO: Episode 70, Ave step reward -106.11725698553035
2026-08-01 15:32:55,499 / INFO: Episode 480, Ave step reward -2.5380000000000114
2026-08-01 15:32:55,712 / INFO: Episode 410, Ave step reward -2.223000000000009
2026-08-01 15:32:59,638 / INFO: Episode 400, Ave step reward -2.2590000000000092
2026-08-01 15:33:03,081 / INFO: Episode 420, Ave step reward -2.1510000000000087
2026-08-01 15:33:03,465 / INFO: Episode 110, Ave step reward -112.09351154302112
2026-08-01 15:33:04,286 / INFO: Episode 430, Ave step reward -2.35800000000001
2026-08-01 15:33:07,595 / INFO: Episode 360, Ave step reward -2.2950000000000097
2026-08-01 15:33:09,327 / INFO: Episode 420, Ave step reward -2.3165000000000098
2026-08-01 15:33:10,311 / INFO: Episode 490, Ave step reward -2.2500000000000093
2026-08-01 15:33:12,248 / INFO: Episode 420, Ave step reward -2.2140000000000093
2026-08-01 15:33:12,930 / INFO: Episode 80, Ave step reward -111.14295555049584
2026-08-01 15:33:14,864 / INFO: Episode 30, Ave step reward -103.54844648003669
2026-08-01 15:33:17,029 / INFO: Episode 410, Ave step reward -2.3850000000000104
2026-08-01 15:33:20,197 / INFO: Episode 430, Ave step reward -2.33450000000001
2026-08-01 15:33:21,250 / INFO: Episode 440, Ave step reward -2.178000000000009
2026-08-01 15:33:22,145 / INFO: Episode 120, Ave step reward -114.26436652207444
2026-08-01 15:33:24,462 / INFO: Episode 370, Ave step reward -2.223000000000009
2026-08-01 15:33:25,140 / INFO: Episode 500, Ave step reward -2.4030000000000102
2026-08-01 15:33:25,924 / INFO: Episode 430, Ave step reward -2.3885000000000103
2026-08-01 15:33:29,738 / INFO: Episode 430, Ave step reward -2.28600000000001
2026-08-01 15:33:31,632 / INFO: Episode 90, Ave step reward -110.01212396251515
2026-08-01 15:33:33,238 / INFO: Episode 40, Ave step reward -102.74023357141783
2026-08-01 15:33:33,793 / INFO: find_mixed_NE: 1 equilibria found. Defender utility range: min=-42.3641, max=-42.3641, mean=-42.3641
###########################################################################################
Iteration 1
Current defender payoff matrix:
[[-42.49683172 -43.19152995]
 [-42.36409591 -42.81331226]]
Current attacker payoff matrix:
[[-2262.10493195 -2269.67210808]
 [-2262.17867407 -2269.88222902]]
Attacker's mixed strategy: [1.0, 0.0]
Defender's mixed strategy: [0.0, 1.0]
2026-08-01 15:33:33,802 / INFO: Iteration 1: def=-42.364095909632155 att=-2262.1786740671655
2026-08-01 15:33:34,644 / INFO: Episode 420, Ave step reward -2.2590000000000092
attack-1-1_0
2026-08-01 15:33:37,754 / INFO: Episode 440, Ave step reward -2.196000000000009
2026-08-01 15:33:39,268 / INFO: Episode 450, Ave step reward -2.2410000000000094
2026-08-01 15:33:41,999 / INFO: Episode 130, Ave step reward -116.73157554426618
2026-08-01 15:33:42,463 / INFO: Episode 380, Ave step reward -2.3040000000000096
2026-08-01 15:33:44,106 / INFO: Episode 440, Ave step reward -2.35800000000001
2026-08-01 15:33:47,268 / INFO: Episode 440, Ave step reward -2.2715000000000094
2026-08-01 15:33:51,693 / INFO: Episode 100, Ave step reward -111.55566334513902
2026-08-01 15:33:51,942 / INFO: Episode 50, Ave step reward -106.00594052281312
2026-08-01 15:33:52,508 / INFO: Episode 430, Ave step reward -2.2985000000000095
2026-08-01 15:33:55,408 / INFO: Episode 450, Ave step reward -2.31300000000001
2026-08-01 15:33:56,551 / INFO: Episode 460, Ave step reward -2.2590000000000092
2026-08-01 15:33:59,009 / INFO: Episode 30, Ave step reward -104.90830556882896
2026-08-01 15:33:59,944 / INFO: Episode 390, Ave step reward -2.1400000000000086
2026-08-01 15:34:01,012 / INFO: Episode 450, Ave step reward -2.28600000000001
2026-08-01 15:34:01,454 / INFO: Episode 140, Ave step reward -117.98018720888636
2026-08-01 15:34:04,116 / INFO: Episode 450, Ave step reward -2.2410000000000094
2026-08-01 15:34:09,712 / INFO: Episode 440, Ave step reward -2.34000000000001
2026-08-01 15:34:09,851 / INFO: Episode 60, Ave step reward -107.7227048940726
2026-08-01 15:34:10,178 / INFO: Episode 110, Ave step reward -112.30197571957586
2026-08-01 15:34:12,015 / INFO: Episode 460, Ave step reward -2.2680000000000096
2026-08-01 15:34:14,075 / INFO: Episode 470, Ave step reward -2.142000000000009
2026-08-01 15:34:17,138 / INFO: Episode 400, Ave step reward -2.187000000000009
2026-08-01 15:34:17,737 / INFO: Episode 40, Ave step reward -106.19341269576407
2026-08-01 15:34:18,397 / INFO: Episode 460, Ave step reward -2.2770000000000095
2026-08-01 15:34:21,181 / INFO: Episode 150, Ave step reward -117.11459170269987
2026-08-01 15:34:21,532 / INFO: Episode 460, Ave step reward -2.226500000000009
2026-08-01 15:34:27,865 / INFO: Episode 450, Ave step reward -2.2410000000000094
2026-08-01 15:34:28,796 / INFO: Episode 70, Ave step reward -110.07744331846463
2026-08-01 15:34:28,939 / INFO: Episode 120, Ave step reward -111.34703478238109
2026-08-01 15:34:29,198 / INFO: Episode 470, Ave step reward -2.2985000000000095
2026-08-01 15:34:31,825 / INFO: Episode 480, Ave step reward -2.32200000000001
2026-08-01 15:34:34,572 / INFO: Episode 410, Ave step reward -2.2590000000000092
2026-08-01 15:34:35,224 / INFO: Episode 470, Ave step reward -2.2590000000000092
2026-08-01 15:34:36,046 / INFO: Episode 50, Ave step reward -104.79758265291598
2026-08-01 15:34:39,015 / INFO: Episode 470, Ave step reward -2.3850000000000104
2026-08-01 15:34:39,900 / INFO: Episode 160, Ave step reward -119.52605523159505
2026-08-01 15:34:45,051 / INFO: Episode 460, Ave step reward -2.079000000000008
2026-08-01 15:34:46,335 / INFO: Episode 480, Ave step reward -2.169000000000009
2026-08-01 15:34:47,653 / INFO: Episode 80, Ave step reward -108.95730543549651
2026-08-01 15:34:47,913 / INFO: Episode 130, Ave step reward -116.58612752614506
2026-08-01 15:34:48,824 / INFO: Episode 490, Ave step reward -2.0970000000000084
2026-08-01 15:34:51,256 / INFO: Episode 420, Ave step reward -2.32200000000001
2026-08-01 15:34:52,886 / INFO: Episode 480, Ave step reward -2.3040000000000096
2026-08-01 15:34:54,449 / INFO: Episode 60, Ave step reward -108.21238027535273
2026-08-01 15:34:55,835 / INFO: Episode 480, Ave step reward -2.31300000000001
2026-08-01 15:34:59,344 / INFO: Episode 170, Ave step reward -119.50224124226162
2026-08-01 15:35:02,435 / INFO: Episode 470, Ave step reward -2.2590000000000092
2026-08-01 15:35:03,575 / INFO: Episode 490, Ave step reward -2.35800000000001
2026-08-01 15:35:06,209 / INFO: Episode 90, Ave step reward -111.31761335013363
2026-08-01 15:35:06,284 / INFO: Episode 500, Ave step reward -2.079000000000008
2026-08-01 15:35:07,320 / INFO: Episode 140, Ave step reward -117.91490142192829
2026-08-01 15:35:09,529 / INFO: Episode 430, Ave step reward -2.2500000000000093
2026-08-01 15:35:10,620 / INFO: Episode 490, Ave step reward -2.3310000000000097
2026-08-01 15:35:12,666 / INFO: Episode 70, Ave step reward -109.01555516252105
2026-08-01 15:35:13,144 / INFO: Episode 490, Ave step reward -1.9800000000000078
2026-08-01 15:35:19,347 / INFO: Episode 180, Ave step reward -119.28560351490633
2026-08-01 15:35:20,088 / INFO: Episode 480, Ave step reward -2.2680000000000096
2026-08-01 15:35:21,273 / INFO: Episode 500, Ave step reward -2.3310000000000097
2026-08-01 15:35:26,296 / INFO: Episode 100, Ave step reward -112.85732814306444
2026-08-01 15:35:27,336 / INFO: Episode 440, Ave step reward -2.2410000000000094
2026-08-01 15:35:27,733 / INFO: Episode 150, Ave step reward -119.62238974626467
2026-08-01 15:35:28,498 / INFO: Episode 500, Ave step reward -2.37050000000001
2026-08-01 15:35:31,035 / INFO: Episode 500, Ave step reward -2.2895000000000096
2026-08-01 15:35:31,193 / INFO: Episode 80, Ave step reward -113.33223110852028
2026-08-01 15:35:38,356 / INFO: Episode 490, Ave step reward -2.2140000000000093
2026-08-01 15:35:39,444 / INFO: Episode 190, Ave step reward -118.89487232053715
2026-08-01 15:35:45,853 / INFO: Episode 450, Ave step reward -2.142000000000009
2026-08-01 15:35:46,689 / INFO: Episode 110, Ave step reward -113.10281460766433
2026-08-01 15:35:48,477 / INFO: Episode 160, Ave step reward -120.13812225632651
2026-08-01 15:35:51,343 / INFO: Episode 90, Ave step reward -110.99881286012526
2026-08-01 15:35:56,737 / INFO: Episode 500, Ave step reward -2.043000000000008
2026-08-01 15:36:00,190 / INFO: Episode 200, Ave step reward -121.10389094608966
2026-08-01 15:36:04,645 / INFO: Episode 460, Ave step reward -2.160000000000009
2026-08-01 15:36:07,177 / INFO: Episode 120, Ave step reward -116.26867017916034
2026-08-01 15:36:09,379 / INFO: Episode 170, Ave step reward -119.77587785403566
2026-08-01 15:36:11,179 / INFO: Episode 100, Ave step reward -115.68473108945017
2026-08-01 15:36:21,067 / INFO: Episode 210, Ave step reward -119.16016124684919
2026-08-01 15:36:23,027 / INFO: Episode 470, Ave step reward -2.32200000000001
2026-08-01 15:36:27,185 / INFO: RL utililty: -45.278628240946226
2026-08-01 15:36:28,105 / INFO: Episode 130, Ave step reward -115.53495655833102
2026-08-01 15:36:30,885 / INFO: Episode 180, Ave step reward -118.89002601433627
2026-08-01 15:36:31,949 / INFO: Episode 110, Ave step reward -116.1993896978659
2026-08-01 15:36:42,492 / INFO: Episode 480, Ave step reward -2.37950000000001
2026-08-01 15:36:42,667 / INFO: Episode 220, Ave step reward -120.01026732567185
2026-08-01 15:36:49,361 / INFO: Episode 140, Ave step reward -114.60116597262389
2026-08-01 15:36:52,775 / INFO: Episode 190, Ave step reward -118.93950461380746
2026-08-01 15:36:53,352 / INFO: Episode 120, Ave step reward -114.83328167951426
2026-08-01 15:37:02,211 / INFO: Episode 490, Ave step reward -2.226500000000009
2026-08-01 15:37:04,231 / INFO: Episode 230, Ave step reward -119.56948432885983
2026-08-01 15:37:10,686 / INFO: Episode 150, Ave step reward -119.86659013144889
2026-08-01 15:37:14,639 / INFO: Episode 130, Ave step reward -114.73220244372877
2026-08-01 15:37:14,920 / INFO: Episode 200, Ave step reward -120.44707275412009
2026-08-01 15:37:20,808 / INFO: Episode 500, Ave step reward -2.2410000000000094
2026-08-01 15:37:25,569 / INFO: Episode 240, Ave step reward -121.28598684437742
2026-08-01 15:37:31,948 / INFO: Episode 160, Ave step reward -118.87933587715577
2026-08-01 15:37:35,837 / INFO: Episode 140, Ave step reward -117.9880886998887
2026-08-01 15:37:37,390 / INFO: Episode 210, Ave step reward -119.9954243659846
2026-08-01 15:37:47,490 / INFO: Episode 250, Ave step reward -121.60153916995885
2026-08-01 15:37:53,489 / INFO: Episode 170, Ave step reward -118.48878509510185
2026-08-01 15:37:57,410 / INFO: Episode 150, Ave step reward -118.11574996741311
2026-08-01 15:37:59,609 / INFO: Episode 220, Ave step reward -121.04083598912311
2026-08-01 15:38:09,322 / INFO: Episode 260, Ave step reward -120.90252340362635
2026-08-01 15:38:15,551 / INFO: Episode 180, Ave step reward -120.20141434971602
2026-08-01 15:38:19,077 / INFO: Episode 160, Ave step reward -118.08945317597235
2026-08-01 15:38:21,517 / INFO: Episode 230, Ave step reward -121.42825305446807
2026-08-01 15:38:30,819 / INFO: Episode 270, Ave step reward -121.94933430200457
2026-08-01 15:38:37,846 / INFO: Episode 190, Ave step reward -119.00209770127387
2026-08-01 15:38:41,125 / INFO: Episode 170, Ave step reward -120.11821380026548
2026-08-01 15:38:44,925 / INFO: Episode 240, Ave step reward -120.0975085886087
2026-08-01 15:38:48,533 / INFO: RL utililty: -2470.8703069216467
2026-08-01 15:38:53,358 / INFO: Episode 280, Ave step reward -121.65933430200454
2026-08-01 15:39:00,109 / INFO: Episode 200, Ave step reward -120.35846655942981
2026-08-01 15:39:03,141 / INFO: Episode 180, Ave step reward -118.48243913260349
2026-08-01 15:39:06,902 / INFO: Episode 250, Ave step reward -121.65394476679984
2026-08-01 15:39:15,379 / INFO: Episode 290, Ave step reward -121.36276755350673
2026-08-01 15:39:22,432 / INFO: Episode 210, Ave step reward -119.83793297526857
2026-08-01 15:39:25,154 / INFO: Episode 190, Ave step reward -120.83056711992376
2026-08-01 15:39:29,504 / INFO: Episode 260, Ave step reward -121.93221522792535
2026-08-01 15:39:38,663 / INFO: Episode 300, Ave step reward -122.29586488335467
2026-08-01 15:39:41,610 / INFO: RL utililty: -43.3073608895531
2026-08-01 15:39:44,075 / INFO: Non-strategic (Uniform) utility: -42.61872118409374
2026-08-01 15:39:44,491 / INFO: Episode 220, Ave step reward -120.48350819650749
2026-08-01 15:39:47,513 / INFO: Episode 200, Ave step reward -119.90168630597026
2026-08-01 15:39:51,678 / INFO: Episode 270, Ave step reward -122.00012793892157
2026-08-01 15:40:00,017 / INFO: RL utililty: -42.638963661327054
2026-08-01 15:40:00,934 / INFO: Episode 310, Ave step reward -122.72194635872602
2026-08-01 15:40:02,307 / INFO: RL utililty: -43.26495252796505
2026-08-01 15:40:05,196 / INFO: RL utililty: -42.67343290292537
2026-08-01 15:40:06,742 / INFO: Episode 230, Ave step reward -121.36921079745429
2026-08-01 15:40:10,253 / INFO: Episode 210, Ave step reward -119.63109006398007
2026-08-01 15:40:15,059 / INFO: Episode 280, Ave step reward -121.04836488335468
2026-08-01 15:40:23,219 / INFO: Episode 320, Ave step reward -122.4463750638896
2026-08-01 15:40:29,504 / INFO: Episode 240, Ave step reward -121.94253171210113
2026-08-01 15:40:32,653 / INFO: Episode 220, Ave step reward -120.70751588220008
2026-08-01 15:40:33,072 / INFO: RL utililty: -42.49400042169724
2026-08-01 15:40:38,204 / INFO: Episode 290, Ave step reward -122.50139978320853
2026-08-01 15:40:45,879 / INFO: Episode 330, Ave step reward -123.00415122668029
2026-08-01 15:40:52,398 / INFO: Episode 250, Ave step reward -121.2398941490122
2026-08-01 15:40:55,444 / INFO: Episode 230, Ave step reward -122.74584614193455
2026-08-01 15:41:01,278 / INFO: Episode 300, Ave step reward -122.52706831974878
2026-08-01 15:41:09,076 / INFO: Episode 340, Ave step reward -122.51985177613085
2026-08-01 15:41:15,458 / INFO: Episode 260, Ave step reward -121.79738662758592
2026-08-01 15:41:18,441 / INFO: Episode 240, Ave step reward -120.70295792242236
2026-08-01 15:41:24,916 / INFO: Episode 310, Ave step reward -121.89155813921387
2026-08-01 15:41:31,131 / INFO: Episode 350, Ave step reward -123.3536236204178
2026-08-01 15:41:38,309 / INFO: Episode 270, Ave step reward -120.77959303906768
2026-08-01 15:41:41,125 / INFO: Episode 250, Ave step reward -121.60094913370227
2026-08-01 15:41:47,932 / INFO: Episode 320, Ave step reward -122.13362362041782
2026-08-01 15:41:52,127 / INFO: RL utililty: -43.19469794127792
2026-08-01 15:41:53,742 / INFO: Episode 360, Ave step reward -122.78349436580368
2026-08-01 15:42:01,143 / INFO: Episode 280, Ave step reward -120.91456677622135
2026-08-01 15:42:04,370 / INFO: Episode 260, Ave step reward -122.37169359956165
2026-08-01 15:42:11,254 / INFO: Episode 330, Ave step reward -123.00833993620088
2026-08-01 15:42:17,021 / INFO: Episode 370, Ave step reward -122.73697107804493
2026-08-01 15:42:23,981 / INFO: Episode 290, Ave step reward -122.68302629056988
2026-08-01 15:42:28,024 / INFO: Episode 270, Ave step reward -122.14920504739041
2026-08-01 15:42:34,558 / INFO: Episode 340, Ave step reward -122.65669491525425
2026-08-01 15:42:39,880 / INFO: Episode 380, Ave step reward -123.22207561334012
2026-08-01 15:42:47,444 / INFO: Episode 300, Ave step reward -122.21747971505238
2026-08-01 15:42:51,270 / INFO: Episode 280, Ave step reward -121.59418010023661
2026-08-01 15:42:53,282 / INFO: Non-strategic (Uniform) utility: -42.57141615597198
2026-08-01 15:42:57,591 / INFO: Episode 350, Ave step reward -122.96207561334016
2026-08-01 15:43:02,623 / INFO: Episode 390, Ave step reward -122.74863506824659
2026-08-01 15:43:09,434 / INFO: Non-strategic (Uniform) utility: -42.780876799549155
2026-08-01 15:43:10,562 / INFO: Episode 310, Ave step reward -122.59834614193454
2026-08-01 15:43:12,152 / INFO: Non-strategic (Uniform) utility: -42.58033791710881
2026-08-01 15:43:13,561 / INFO: Non-strategic (Uniform) utility: -42.6832836508056
2026-08-01 15:43:14,281 / INFO: Episode 290, Ave step reward -122.39749868430741
2026-08-01 15:43:20,665 / INFO: Episode 360, Ave step reward -123.26305100988883
2026-08-01 15:43:25,528 / INFO: Episode 400, Ave step reward -123.52696355661867
2026-08-01 15:43:33,211 / INFO: Episode 320, Ave step reward -122.72391123103729
2026-08-01 15:43:37,433 / INFO: Episode 300, Ave step reward -122.93462943405025
2026-08-01 15:43:42,842 / INFO: Non-strategic (Uniform) utility: -42.834293605393
2026-08-01 15:43:43,574 / INFO: Episode 370, Ave step reward -123.56306377341019
2026-08-01 15:43:47,661 / INFO: Episode 410, Ave step reward -123.3058284883721
2026-08-01 15:43:54,262 / INFO: Non-strategic (Uniform) utility: -2427.2420152431446
2026-08-01 15:43:55,153 / INFO: Episode 330, Ave step reward -122.44679945054945
2026-08-01 15:43:59,607 / INFO: Episode 310, Ave step reward -122.22210448689644
2026-08-01 15:44:05,855 / INFO: Episode 380, Ave step reward -122.98181687627701
2026-08-01 15:44:08,832 / INFO: Episode 420, Ave step reward -123.30389978320852
2026-08-01 15:44:17,163 / INFO: Episode 340, Ave step reward -122.17470355226169
2026-08-01 15:44:21,467 / INFO: Episode 320, Ave step reward -121.43697107804493
2026-08-01 15:44:28,125 / INFO: Episode 390, Ave step reward -123.10558872056397
2026-08-01 15:44:30,651 / INFO: Episode 430, Ave step reward -123.53278761061947
2026-08-01 15:44:38,891 / INFO: Episode 350, Ave step reward -123.23251742572755
2026-08-01 15:44:43,260 / INFO: Episode 330, Ave step reward -122.44112362041783
2026-08-01 15:44:50,095 / INFO: Episode 400, Ave step reward -122.91777616279073
2026-08-01 15:44:52,308 / INFO: Episode 440, Ave step reward -122.81916996810045
2026-08-01 15:45:00,634 / INFO: Episode 360, Ave step reward -122.39584745762711
2026-08-01 15:45:05,859 / INFO: Non-strategic (Uniform) utility: -42.633208146453725
2026-08-01 15:45:05,969 / INFO: Episode 340, Ave step reward -122.28612362041783
2026-08-01 15:45:12,591 / INFO: Episode 410, Ave step reward -122.95679945054945
2026-08-01 15:45:14,013 / INFO: Episode 450, Ave step reward -123.26527616279068
2026-08-01 15:45:22,914 / INFO: Episode 370, Ave step reward -122.46639380530975
2026-08-01 15:45:27,227 / INFO: Episode 350, Ave step reward -123.1058284883721
2026-08-01 15:45:34,111 / INFO: Episode 420, Ave step reward -122.73777616279072
2026-08-01 15:45:35,552 / INFO: Episode 460, Ave step reward -123.17777616279069
2026-08-01 15:45:44,650 / INFO: Episode 380, Ave step reward -122.09889380530973
2026-08-01 15:45:48,842 / INFO: Episode 360, Ave step reward -122.4991512266803
2026-08-01 15:45:55,649 / INFO: Episode 430, Ave step reward -122.82805232558141
2026-08-01 15:45:57,163 / INFO: Episode 470, Ave step reward -123.105
2026-08-01 15:46:06,348 / INFO: Episode 390, Ave step reward -122.4625
2026-08-01 15:46:10,201 / INFO: Episode 370, Ave step reward -123.21501742572755
2026-08-01 15:46:17,856 / INFO: Episode 440, Ave step reward -123.375
2026-08-01 15:46:18,573 / INFO: Episode 480, Ave step reward -123.57389380530972
2026-08-01 15:46:28,182 / INFO: Episode 400, Ave step reward -122.66919491525422
2026-08-01 15:46:31,502 / INFO: Episode 380, Ave step reward -122.785
2026-08-01 15:46:39,955 / INFO: Episode 450, Ave step reward -123.06207561334017
2026-08-01 15:46:40,523 / INFO: Episode 490, Ave step reward -123.43179945054945
2026-08-01 15:46:50,002 / INFO: Episode 410, Ave step reward -123.45531853567205
2026-08-01 15:46:53,349 / INFO: Episode 390, Ave step reward -123.04916996810041
2026-08-01 15:47:01,888 / INFO: Episode 460, Ave step reward -122.65
2026-08-01 15:47:02,213 / INFO: Episode 500, Ave step reward -122.97179945054944
2026-08-01 15:47:12,412 / INFO: Episode 420, Ave step reward -122.52235177613085
2026-08-01 15:47:16,173 / INFO: Episode 400, Ave step reward -123.32
2026-08-01 15:47:24,048 / INFO: Episode 470, Ave step reward -123.3577761627907
2026-08-01 15:47:33,739 / INFO: Episode 430, Ave step reward -122.72735177613086
2026-08-01 15:47:36,954 / INFO: Episode 410, Ave step reward -123.2385989010989
2026-08-01 15:47:45,713 / INFO: Episode 480, Ave step reward -123.34916996810045
2026-08-01 15:47:54,716 / INFO: Episode 440, Ave step reward -123.44889380530972
2026-08-01 15:47:58,200 / INFO: Episode 420, Ave step reward -123.13609890109889
2026-08-01 15:48:06,471 / INFO: Episode 490, Ave step reward -123.06112362041782
2026-08-01 15:48:12,470 / INFO: RL utililty: -43.220291801445384
2026-08-01 15:48:15,755 / INFO: Episode 450, Ave step reward -123.54362362041782
2026-08-01 15:48:19,190 / INFO: Episode 430, Ave step reward -123.27834745762712
2026-08-01 15:48:28,804 / INFO: Episode 500, Ave step reward -123.26250000000002
2026-08-01 15:48:37,864 / INFO: Episode 460, Ave step reward -123.1952761627907
2026-08-01 15:48:40,946 / INFO: Episode 440, Ave step reward -122.305
2026-08-01 15:48:58,945 / INFO: Episode 470, Ave step reward -123.26362362041782
2026-08-01 15:49:02,306 / INFO: Episode 450, Ave step reward -123.47834745762711
2026-08-01 15:49:20,711 / INFO: Episode 480, Ave step reward -123.25
2026-08-01 15:49:24,079 / INFO: Episode 460, Ave step reward -123.575
2026-08-01 15:49:43,064 / INFO: Episode 490, Ave step reward -122.68929945054944
2026-08-01 15:49:46,243 / INFO: Episode 470, Ave step reward -122.98
2026-08-01 15:50:04,658 / INFO: Episode 500, Ave step reward -122.9225
2026-08-01 15:50:07,830 / INFO: Episode 480, Ave step reward -123.0425
2026-08-01 15:50:28,752 / INFO: Episode 490, Ave step reward -123.025
2026-08-01 15:50:49,333 / INFO: Episode 500, Ave step reward -123.5102761627907
2026-08-01 15:51:30,404 / INFO: Non-strategic (Uniform) utility: -42.867707468894295
attack-0-1_1
2026-08-01 15:51:52,915 / INFO: Episode 30, Ave step reward -103.91615714645364
2026-08-01 15:52:10,884 / INFO: Episode 40, Ave step reward -104.69849513057184
2026-08-01 15:52:29,091 / INFO: Episode 50, Ave step reward -104.9273030510163
2026-08-01 15:52:47,753 / INFO: Episode 60, Ave step reward -111.21934996731831
2026-08-01 15:53:03,648 / INFO: RL utililty: -2471.997045787927
2026-08-01 15:53:06,991 / INFO: Episode 70, Ave step reward -108.97755821373089
2026-08-01 15:53:25,663 / INFO: Episode 80, Ave step reward -111.46068983582032
2026-08-01 15:53:26,831 / INFO: find_mixed_NE: 1 equilibria found. Defender utility range: min=-2.4966, max=-2.4966, mean=-2.4966
###########################################################################################
Iteration 1
Current defender payoff matrix:
[[-42.90496087  -2.4966    ]
 [-43.06253934  -2.50344   ]]
Current attacker payoff matrix:
[[-2261.87819353  -598.61397172]
 [-2261.79064994  -598.61017172]]
Attacker's mixed strategy: [0.0, 1.0]
Defender's mixed strategy: [1.0, 0.0]
2026-08-01 15:53:26,841 / INFO: Iteration 1: def=-2.496599999999999 att=-598.6139717177759
attack-9-1_0
2026-08-01 15:53:45,723 / INFO: Episode 90, Ave step reward -113.12302912750951
2026-08-01 15:53:45,748 / INFO: Episode 30, Ave step reward -101.43780058607612
2026-08-01 15:54:02,662 / INFO: Episode 40, Ave step reward -105.37561783801704
2026-08-01 15:54:05,934 / INFO: Episode 100, Ave step reward -117.6954623361184
2026-08-01 15:54:19,737 / INFO: Episode 50, Ave step reward -107.04969303429667
2026-08-01 15:54:26,145 / INFO: Episode 110, Ave step reward -115.92531337644556
2026-08-01 15:54:37,034 / INFO: Episode 60, Ave step reward -109.60328072126202
2026-08-01 15:54:46,908 / INFO: Episode 120, Ave step reward -117.77675160613299
2026-08-01 15:54:50,250 / INFO: RL utililty: -2473.062591062137
2026-08-01 15:54:53,964 / INFO: Episode 70, Ave step reward -110.41479532243035
2026-08-01 15:55:06,835 / INFO: Episode 130, Ave step reward -115.94698643160096
2026-08-01 15:55:11,940 / INFO: Episode 80, Ave step reward -111.04697473526207
2026-08-01 15:55:27,450 / INFO: Episode 140, Ave step reward -116.06891326185833
2026-08-01 15:55:29,942 / INFO: Episode 90, Ave step reward -113.49522176058652
2026-08-01 15:55:47,720 / INFO: Episode 100, Ave step reward -116.82742123053087
2026-08-01 15:55:48,504 / INFO: Episode 150, Ave step reward -115.92845640661841
2026-08-01 15:56:05,711 / INFO: Episode 110, Ave step reward -114.66395335540851
2026-08-01 15:56:09,042 / INFO: Episode 160, Ave step reward -117.3848795934532
2026-08-01 15:56:12,107 / INFO: RL utililty: -2471.471774390873
2026-08-01 15:56:23,568 / INFO: Episode 120, Ave step reward -117.99435973645194
2026-08-01 15:56:30,276 / INFO: Episode 170, Ave step reward -118.72279619922816
2026-08-01 15:56:42,073 / INFO: Episode 130, Ave step reward -116.24658676426003
2026-08-01 15:56:50,652 / INFO: Episode 180, Ave step reward -117.49809730917268
2026-08-01 15:56:52,451 / INFO: find_mixed_NE: 1 equilibria found. Defender utility range: min=-2.4350, max=-2.4350, mean=-2.4350
###########################################################################################
Iteration 1
Current defender payoff matrix:
[[-43.47386094  -2.43504   ]
 [-42.81969115  -2.5992    ]]
Current attacker payoff matrix:
[[-2261.56213794  -598.64817423]
 [-2261.9255656   -598.55697423]]
Attacker's mixed strategy: [0.0, 1.0]
Defender's mixed strategy: [1.0, 0.0]
2026-08-01 15:56:52,462 / INFO: Iteration 1: def=-2.4350399999999977 att=-598.6481742284387
attack-7-1_0
2026-08-01 15:57:00,563 / INFO: Episode 140, Ave step reward -118.05575412165055
2026-08-01 15:57:04,129 / INFO: RL utililty: -2472.1436081436123
2026-08-01 15:57:10,405 / INFO: Episode 30, Ave step reward -100.75314690518897
2026-08-01 15:57:11,705 / INFO: Episode 190, Ave step reward -120.42058978774641
2026-08-01 15:57:19,089 / INFO: Episode 150, Ave step reward -115.96521995760035
2026-08-01 15:57:27,266 / INFO: Episode 40, Ave step reward -104.3127631784812
2026-08-01 15:57:32,576 / INFO: Episode 200, Ave step reward -119.94696224092608
2026-08-01 15:57:38,118 / INFO: Episode 160, Ave step reward -117.57781828716196
2026-08-01 15:57:45,283 / INFO: Episode 50, Ave step reward -105.83838716418448
2026-08-01 15:57:54,637 / INFO: Episode 210, Ave step reward -120.19640107822586
2026-08-01 15:57:57,242 / INFO: Episode 170, Ave step reward -117.22632541648696
2026-08-01 15:58:00,875 / INFO: find_mixed_NE: 1 equilibria found. Defender utility range: min=-42.5621, max=-42.5621, mean=-42.5621
###########################################################################################
Iteration 1
Current defender payoff matrix:
[[-42.84269471 -50.4206409 ]
 [-42.56209028 -50.49074453]]
Current attacker payoff matrix:
[[-2261.91278585 -2471.98852976]
 [-2262.0686772  -2471.9495833 ]]
Attacker's mixed strategy: [1.0, 0.0]
Defender's mixed strategy: [0.0, 1.0]
2026-08-01 15:58:00,885 / INFO: Iteration 1: def=-42.56209027598087 att=-2262.0686771969717
2026-08-01 15:58:01,968 / INFO: Non-strategic (Uniform) utility: -2427.0987771316068
attack-5-1_0
2026-08-01 15:58:03,314 / INFO: Episode 60, Ave step reward -106.8077555075121
defend-4-1_0
2026-08-01 15:58:17,167 / INFO: Episode 220, Ave step reward -121.33738662758594
2026-08-01 15:58:17,217 / INFO: Episode 180, Ave step reward -117.5672123687053
2026-08-01 15:58:21,336 / INFO: Episode 30, Ave step reward -2.4725000000000104
2026-08-01 15:58:21,986 / INFO: Episode 70, Ave step reward -111.95147721750145
2026-08-01 15:58:26,506 / INFO: Episode 30, Ave step reward -106.15147613779544
2026-08-01 15:58:36,925 / INFO: Episode 190, Ave step reward -119.57145644246343
2026-08-01 15:58:39,218 / INFO: Episode 40, Ave step reward -2.4195000000000095
2026-08-01 15:58:39,932 / INFO: Episode 230, Ave step reward -120.67141720893608
2026-08-01 15:58:41,163 / INFO: Episode 80, Ave step reward -110.27361057701103
2026-08-01 15:58:46,561 / INFO: Episode 40, Ave step reward -105.67753195088453
2026-08-01 15:58:56,694 / INFO: Episode 200, Ave step reward -118.9731472034803
2026-08-01 15:58:57,300 / INFO: Episode 50, Ave step reward -2.42250000000001
2026-08-01 15:59:00,103 / INFO: Episode 90, Ave step reward -112.67481065407821
2026-08-01 15:59:02,722 / INFO: Episode 240, Ave step reward -121.38571534379294
2026-08-01 15:59:06,999 / INFO: Episode 50, Ave step reward -106.03764818091345
2026-08-01 15:59:15,384 / INFO: Episode 60, Ave step reward -2.303000000000009
2026-08-01 15:59:15,975 / INFO: Episode 210, Ave step reward -120.6795769083575
2026-08-01 15:59:19,062 / INFO: Episode 100, Ave step reward -113.74071438416327
2026-08-01 15:59:25,085 / INFO: Episode 250, Ave step reward -120.79152174423129
2026-08-01 15:59:27,305 / INFO: Episode 60, Ave step reward -107.66717799038489
2026-08-01 15:59:33,708 / INFO: Episode 70, Ave step reward -2.39000000000001
2026-08-01 15:59:35,581 / INFO: Episode 220, Ave step reward -120.27766279037667
2026-08-01 15:59:38,326 / INFO: Episode 110, Ave step reward -114.16872956566743
2026-08-01 15:59:47,849 / INFO: Episode 260, Ave step reward -122.17665122668029
2026-08-01 15:59:48,282 / INFO: Episode 70, Ave step reward -110.38477982390809
2026-08-01 15:59:52,051 / INFO: Episode 80, Ave step reward -2.1555000000000084
2026-08-01 15:59:55,264 / INFO: Episode 230, Ave step reward -120.01819171233171
2026-08-01 15:59:55,846 / INFO: Non-strategic (Uniform) utility: -2427.153316297076
defend-2-1_0
2026-08-01 15:59:57,747 / INFO: Episode 120, Ave step reward -114.90024553515109
2026-08-01 16:00:09,792 / INFO: Episode 80, Ave step reward -109.50287806509562
2026-08-01 16:00:10,900 / INFO: Episode 270, Ave step reward -121.94974592514305
2026-08-01 16:00:11,341 / INFO: Episode 90, Ave step reward -2.174000000000009
2026-08-01 16:00:15,502 / INFO: Episode 30, Ave step reward -2.290000000000009
2026-08-01 16:00:16,161 / INFO: Episode 240, Ave step reward -120.61500858860873
2026-08-01 16:00:18,208 / INFO: Episode 130, Ave step reward -114.21784085033302
2026-08-01 16:00:27,075 / INFO: find_mixed_NE: 1 equilibria found. Defender utility range: min=-43.1059, max=-43.1059, mean=-43.1059
###########################################################################################
Iteration 0
Current defender payoff matrix:
[[-43.10587504]]
Current attacker payoff matrix:
[[-2261.76657455]]
Attacker's mixed strategy: [1.0]
Defender's mixed strategy: [1.0]
2026-08-01 16:00:27,084 / INFO: Iteration 0: def=-43.105875039399 att=-2261.7665745506292
attack-12-0_0
2026-08-01 16:00:30,348 / INFO: Episode 100, Ave step reward -2.1165000000000083
2026-08-01 16:00:31,416 / INFO: Episode 90, Ave step reward -111.18268462980024
2026-08-01 16:00:33,360 / INFO: Episode 40, Ave step reward -2.4040000000000097
2026-08-01 16:00:33,372 / INFO: Episode 280, Ave step reward -120.60959303906772
2026-08-01 16:00:36,548 / INFO: Episode 250, Ave step reward -122.72141720893607
2026-08-01 16:00:37,678 / INFO: Episode 140, Ave step reward -117.9213454706268
2026-08-01 16:00:45,050 / INFO: Episode 30, Ave step reward -103.91800466764927
2026-08-01 16:00:48,994 / INFO: Episode 110, Ave step reward -2.3520000000000096
2026-08-01 16:00:51,226 / INFO: Episode 50, Ave step reward -2.238500000000009
2026-08-01 16:00:52,713 / INFO: Episode 100, Ave step reward -113.58955248824255
2026-08-01 16:00:52,775 / INFO: find_mixed_NE: 1 equilibria found. Defender utility range: min=-42.8699, max=-42.8699, mean=-42.8699
###########################################################################################
Iteration 0
Current defender payoff matrix:
[[-42.86992294]]
Current attacker payoff matrix:
[[-2261.89765905]]
Attacker's mixed strategy: [1.0]
Defender's mixed strategy: [1.0]
2026-08-01 16:00:52,786 / INFO: Iteration 0: def=-42.86992294215738 att=-2261.8976590490965
attack-13-0_0
2026-08-01 16:00:55,651 / INFO: Episode 260, Ave step reward -121.98654669138509
2026-08-01 16:00:55,838 / INFO: Episode 290, Ave step reward -121.07405813921385
2026-08-01 16:00:56,661 / INFO: Episode 150, Ave step reward -116.50070585770568
2026-08-01 16:01:03,195 / INFO: Episode 40, Ave step reward -105.86421259883528
2026-08-01 16:01:07,755 / INFO: Episode 120, Ave step reward -2.2190000000000087
2026-08-01 16:01:08,740 / INFO: Episode 60, Ave step reward -2.3215000000000097
2026-08-01 16:01:11,332 / INFO: Episode 30, Ave step reward -102.76525504783889
2026-08-01 16:01:13,531 / INFO: Episode 110, Ave step reward -115.89976259439167
2026-08-01 16:01:15,217 / INFO: Episode 270, Ave step reward -122.03472229368182
2026-08-01 16:01:15,783 / INFO: Episode 160, Ave step reward -116.88056927985285
2026-08-01 16:01:17,063 / INFO: Episode 300, Ave step reward -122.93722229368184
2026-08-01 16:01:20,705 / INFO: Episode 50, Ave step reward -105.66487566544555
2026-08-01 16:01:21,127 / INFO: Non-strategic (Uniform) utility: -2427.163873515879
defend-3-1_0
2026-08-01 16:01:25,820 / INFO: Episode 130, Ave step reward -2.35250000000001
2026-08-01 16:01:26,187 / INFO: Episode 70, Ave step reward -2.2765000000000093
2026-08-01 16:01:29,015 / INFO: Episode 40, Ave step reward -104.5287097118917
2026-08-01 16:01:34,455 / INFO: Episode 120, Ave step reward -116.51976464588792
2026-08-01 16:01:34,590 / INFO: Episode 280, Ave step reward -121.93144215608986
2026-08-01 16:01:34,742 / INFO: Episode 170, Ave step reward -117.00580710926889
2026-08-01 16:01:38,544 / INFO: Episode 310, Ave step reward -122.28682678057831
2026-08-01 16:01:38,619 / INFO: Episode 60, Ave step reward -108.15000466060098
2026-08-01 16:01:39,738 / INFO: Episode 30, Ave step reward -2.3655000000000093
2026-08-01 16:01:43,395 / INFO: find_mixed_NE: 1 equilibria found. Defender utility range: min=-42.7081, max=-42.7081, mean=-42.7081
###########################################################################################
Iteration 0
Current defender payoff matrix:
[[-42.7081233]]
Current attacker payoff matrix:
[[-2261.98754774]]
Attacker's mixed strategy: [1.0]
Defender's mixed strategy: [1.0]
2026-08-01 16:01:43,401 / INFO: Iteration 0: def=-42.70812329572636 att=-2261.9875477415594
2026-08-01 16:01:43,836 / INFO: Episode 80, Ave step reward -2.2135000000000087
attack-14-0_0
2026-08-01 16:01:44,328 / INFO: Episode 140, Ave step reward -2.2965000000000093
2026-08-01 16:01:46,088 / INFO: Episode 50, Ave step reward -107.89725347658793
2026-08-01 16:01:53,057 / INFO: Episode 290, Ave step reward -122.19611609899158
2026-08-01 16:01:53,462 / INFO: Episode 180, Ave step reward -119.25233978030786
2026-08-01 16:01:54,416 / INFO: Episode 130, Ave step reward -117.29954828170614
2026-08-01 16:01:55,782 / INFO: Episode 70, Ave step reward -109.04034209255384
2026-08-01 16:01:56,432 / INFO: Episode 40, Ave step reward -2.2515000000000085
2026-08-01 16:01:59,816 / INFO: Episode 320, Ave step reward -121.9315407134863
2026-08-01 16:02:01,239 / INFO: Episode 30, Ave step reward -105.26305101923214
2026-08-01 16:02:01,465 / INFO: Episode 90, Ave step reward -2.3680000000000097
2026-08-01 16:02:01,755 / INFO: Episode 150, Ave step reward -2.190500000000009
2026-08-01 16:02:03,261 / INFO: Episode 60, Ave step reward -108.1545334983123
2026-08-01 16:02:11,812 / INFO: Episode 190, Ave step reward -119.50151009097395
2026-08-01 16:02:12,574 / INFO: Episode 300, Ave step reward -122.6206919401666
2026-08-01 16:02:14,042 / INFO: Episode 80, Ave step reward -112.34267419685493
2026-08-01 16:02:14,908 / INFO: Episode 50, Ave step reward -2.381000000000009
2026-08-01 16:02:14,914 / INFO: Episode 140, Ave step reward -116.53278964144044
2026-08-01 16:02:18,435 / INFO: Episode 40, Ave step reward -101.20735203398435
2026-08-01 16:02:19,055 / INFO: Episode 100, Ave step reward -2.119500000000008
2026-08-01 16:02:19,588 / INFO: Episode 160, Ave step reward -2.3520000000000096
2026-08-01 16:02:20,652 / INFO: Episode 330, Ave step reward -122.44262793892155
2026-08-01 16:02:21,042 / INFO: Episode 70, Ave step reward -108.29165718229862
2026-08-01 16:02:23,023 / INFO: Non-strategic (Uniform) utility: -2427.1473237588207
2026-08-01 16:02:29,950 / INFO: Episode 200, Ave step reward -121.0947117767186
2026-08-01 16:02:30,834 / INFO: Episode 310, Ave step reward -122.71236942969328
2026-08-01 16:02:31,002 / INFO: Episode 90, Ave step reward -109.99971003652406
2026-08-01 16:02:32,004 / INFO: Episode 60, Ave step reward -2.3725000000000085
2026-08-01 16:02:34,361 / INFO: Episode 150, Ave step reward -115.3536787361453
2026-08-01 16:02:34,595 / INFO: Episode 50, Ave step reward -106.96852193461595
2026-08-01 16:02:36,548 / INFO: Episode 110, Ave step reward -2.2570000000000094
2026-08-01 16:02:36,887 / INFO: Episode 170, Ave step reward -2.4515000000000104
2026-08-01 16:02:38,653 / INFO: Episode 80, Ave step reward -111.53216692783904
2026-08-01 16:02:40,782 / INFO: Episode 340, Ave step reward -123.47697523228233
2026-08-01 16:02:47,577 / INFO: Episode 210, Ave step reward -120.9692666487579
2026-08-01 16:02:48,482 / INFO: Episode 100, Ave step reward -111.70963668629118
2026-08-01 16:02:48,598 / INFO: Episode 70, Ave step reward -2.3960000000000083
2026-08-01 16:02:49,126 / INFO: Episode 320, Ave step reward -122.13764690817656
2026-08-01 16:02:51,271 / INFO: Episode 60, Ave step reward -107.78409738368977
2026-08-01 16:02:53,623 / INFO: Episode 120, Ave step reward -2.1760000000000086
2026-08-01 16:02:54,191 / INFO: Episode 160, Ave step reward -118.97824290165664
2026-08-01 16:02:54,642 / INFO: Episode 180, Ave step reward -2.170500000000009
2026-08-01 16:02:56,209 / INFO: Episode 90, Ave step reward -114.13350968718491
2026-08-01 16:03:01,731 / INFO: Episode 350, Ave step reward -123.02029358851826
2026-08-01 16:03:02,475 / INFO: find_mixed_NE: 1 equilibria found. Defender utility range: min=-42.7447, max=-42.7447, mean=-42.7447
###########################################################################################
Iteration 0
Current defender payoff matrix:
[[-42.74474631]]
Current attacker payoff matrix:
[[-2261.96720162]]
Attacker's mixed strategy: [1.0]
Defender's mixed strategy: [1.0]
2026-08-01 16:03:02,482 / INFO: Iteration 0: def=-42.744746305913914 att=-2261.967201624788
attack-15-0_0
2026-08-01 16:03:06,175 / INFO: Episode 80, Ave step reward -2.2615000000000083
2026-08-01 16:03:06,224 / INFO: Episode 110, Ave step reward -113.89860748810243
2026-08-01 16:03:06,225 / INFO: Episode 220, Ave step reward -118.86283613106127
2026-08-01 16:03:07,737 / INFO: Episode 330, Ave step reward -122.59542307096726
2026-08-01 16:03:08,849 / INFO: Episode 70, Ave step reward -109.61721811716397
2026-08-01 16:03:11,852 / INFO: Episode 130, Ave step reward -2.1815000000000087
2026-08-01 16:03:12,862 / INFO: Episode 190, Ave step reward -2.28600000000001
2026-08-01 16:03:13,654 / INFO: Episode 170, Ave step reward -118.85598973522127
2026-08-01 16:03:13,830 / INFO: Episode 100, Ave step reward -114.64683380498433
2026-08-01 16:03:20,369 / INFO: Episode 30, Ave step reward -103.76612454110072
2026-08-01 16:03:22,089 / INFO: Episode 360, Ave step reward -122.56834745762711
2026-08-01 16:03:23,609 / INFO: Episode 90, Ave step reward -2.281000000000008
2026-08-01 16:03:23,644 / INFO: Episode 120, Ave step reward -116.02354844597247
2026-08-01 16:03:24,556 / INFO: Episode 230, Ave step reward -119.30710506284842
2026-08-01 16:03:25,982 / INFO: Episode 340, Ave step reward -122.39791554954103
2026-08-01 16:03:26,365 / INFO: Episode 80, Ave step reward -114.24960316959874
2026-08-01 16:03:29,033 / INFO: Episode 140, Ave step reward -2.36850000000001
2026-08-01 16:03:30,081 / INFO: Episode 200, Ave step reward -2.37950000000001
2026-08-01 16:03:31,588 / INFO: Episode 110, Ave step reward -113.70559624038503
2026-08-01 16:03:33,121 / INFO: Episode 180, Ave step reward -119.65476573374565
2026-08-01 16:03:37,229 / INFO: Episode 40, Ave step reward -103.05444530088691
2026-08-01 16:03:41,116 / INFO: Episode 100, Ave step reward -2.350000000000009
2026-08-01 16:03:41,145 / INFO: Episode 130, Ave step reward -115.57407116219382
2026-08-01 16:03:41,804 / INFO: Episode 370, Ave step reward -123.55806975130896
2026-08-01 16:03:42,705 / INFO: Episode 240, Ave step reward -120.6777815028662
2026-08-01 16:03:43,244 / INFO: Episode 90, Ave step reward -113.8412910523254
2026-08-01 16:03:43,893 / INFO: Episode 350, Ave step reward -122.65972252151673
2026-08-01 16:03:46,074 / INFO: Episode 150, Ave step reward -2.3215000000000097
2026-08-01 16:03:47,539 / INFO: Episode 210, Ave step reward -2.3505000000000096
2026-08-01 16:03:48,856 / INFO: Episode 120, Ave step reward -113.91591321345955
2026-08-01 16:03:52,356 / INFO: Episode 190, Ave step reward -117.9062619193104
2026-08-01 16:03:52,689 / INFO: Episode 50, Ave step reward -103.59252730774844
2026-08-01 16:03:57,579 / INFO: Episode 140, Ave step reward -116.96334457773182
2026-08-01 16:03:57,667 / INFO: Episode 110, Ave step reward -2.3145000000000073
2026-08-01 16:03:59,210 / INFO: Episode 100, Ave step reward -113.18038928508953
2026-08-01 16:03:59,966 / INFO: Episode 250, Ave step reward -119.90550322224725
2026-08-01 16:04:01,447 / INFO: Episode 380, Ave step reward -122.52697107804494
2026-08-01 16:04:01,790 / INFO: Episode 360, Ave step reward -123.0155523255814
2026-08-01 16:04:02,729 / INFO: Episode 160, Ave step reward -2.239000000000009
2026-08-01 16:04:04,080 / INFO: Episode 220, Ave step reward -2.4495000000000102
2026-08-01 16:04:05,742 / INFO: Episode 130, Ave step reward -113.38025037468417
2026-08-01 16:04:10,119 / INFO: Episode 60, Ave step reward -108.04729924883293
2026-08-01 16:04:11,422 / INFO: Episode 200, Ave step reward -121.56352038013995
2026-08-01 16:04:13,860 / INFO: Episode 120, Ave step reward -2.2445000000000075
2026-08-01 16:04:14,335 / INFO: Episode 150, Ave step reward -119.42186629423958
2026-08-01 16:04:15,989 / INFO: Episode 110, Ave step reward -114.37886252659797
2026-08-01 16:04:17,702 / INFO: Episode 260, Ave step reward -122.27744794787642
2026-08-01 16:04:18,711 / INFO: Episode 370, Ave step reward -122.28124558144056
2026-08-01 16:04:19,433 / INFO: Episode 170, Ave step reward -2.1740000000000084
2026-08-01 16:04:20,749 / INFO: Episode 230, Ave step reward -2.2950000000000097
2026-08-01 16:04:20,996 / INFO: Episode 390, Ave step reward -123.005
2026-08-01 16:04:22,434 / INFO: Episode 140, Ave step reward -115.92680409208043
2026-08-01 16:04:26,374 / INFO: Episode 70, Ave step reward -109.28424765905525
2026-08-01 16:04:30,306 / INFO: Episode 210, Ave step reward -119.22670350386294
2026-08-01 16:04:30,844 / INFO: Episode 160, Ave step reward -117.19016613689024
2026-08-01 16:04:31,025 / INFO: Episode 130, Ave step reward -2.4050000000000082
2026-08-01 16:04:32,871 / INFO: Episode 120, Ave step reward -114.68870452264666
2026-08-01 16:04:35,092 / INFO: Episode 270, Ave step reward -121.769098819882
2026-08-01 16:04:36,310 / INFO: Episode 180, Ave step reward -2.3450000000000095
2026-08-01 16:04:36,638 / INFO: Episode 380, Ave step reward -122.8605523255814
2026-08-01 16:04:38,447 / INFO: Episode 240, Ave step reward -2.194000000000009
2026-08-01 16:04:39,482 / INFO: Episode 150, Ave step reward -116.10744663335444
2026-08-01 16:04:40,664 / INFO: Episode 400, Ave step reward -123.04416996810042
2026-08-01 16:04:43,639 / INFO: Episode 80, Ave step reward -111.44525012617402
2026-08-01 16:04:48,475 / INFO: Episode 170, Ave step reward -118.8154605331323
2026-08-01 16:04:48,930 / INFO: Episode 140, Ave step reward -2.475000000000008
2026-08-01 16:04:49,556 / INFO: Episode 220, Ave step reward -121.87763784322284
2026-08-01 16:04:49,869 / INFO: Episode 130, Ave step reward -115.77358040658373
2026-08-01 16:04:53,053 / INFO: Episode 280, Ave step reward -122.2720477474054
2026-08-01 16:04:53,437 / INFO: Episode 190, Ave step reward -2.255000000000009
2026-08-01 16:04:53,786 / INFO: Episode 390, Ave step reward -122.996946358726
2026-08-01 16:04:55,903 / INFO: Episode 250, Ave step reward -2.1490000000000085
2026-08-01 16:04:57,118 / INFO: Episode 160, Ave step reward -118.70504212437123
2026-08-01 16:05:00,142 / INFO: Episode 410, Ave step reward -122.95
2026-08-01 16:05:01,075 / INFO: Episode 90, Ave step reward -111.71620343478895
2026-08-01 16:05:05,731 / INFO: Episode 180, Ave step reward -118.74797380462245
2026-08-01 16:05:06,357 / INFO: Episode 150, Ave step reward -2.3695000000000075
2026-08-01 16:05:07,144 / INFO: Episode 140, Ave step reward -116.79330247243071
2026-08-01 16:05:07,678 / INFO: Episode 230, Ave step reward -121.40376169147554
2026-08-01 16:05:10,166 / INFO: Episode 200, Ave step reward -2.3110000000000097
2026-08-01 16:05:10,869 / INFO: Episode 290, Ave step reward -122.29306447549774
2026-08-01 16:05:11,471 / INFO: Episode 400, Ave step reward -122.96859890109889
2026-08-01 16:05:13,018 / INFO: Episode 260, Ave step reward -2.1725000000000088
2026-08-01 16:05:13,662 / INFO: Episode 170, Ave step reward -120.31516722474797
2026-08-01 16:05:16,775 / INFO: Episode 100, Ave step reward -113.57160702853238
2026-08-01 16:05:19,845 / INFO: Episode 420, Ave step reward -123.545
2026-08-01 16:05:22,659 / INFO: Episode 190, Ave step reward -120.01948718807989
2026-08-01 16:05:23,558 / INFO: Episode 160, Ave step reward -2.3745000000000074
2026-08-01 16:05:23,799 / INFO: Episode 150, Ave step reward -118.27312669069778
2026-08-01 16:05:26,574 / INFO: Episode 240, Ave step reward -122.17516433390412
2026-08-01 16:05:26,619 / INFO: Episode 210, Ave step reward -2.205000000000009
2026-08-01 16:05:28,475 / INFO: Episode 300, Ave step reward -120.86867741928201
2026-08-01 16:05:29,295 / INFO: Episode 410, Ave step reward -123.04916996810043
2026-08-01 16:05:30,680 / INFO: Episode 270, Ave step reward -2.178000000000009
2026-08-01 16:05:30,998 / INFO: Episode 180, Ave step reward -120.68154952992991
2026-08-01 16:05:34,018 / INFO: Episode 110, Ave step reward -111.36534999926302
2026-08-01 16:05:38,994 / INFO: Episode 430, Ave step reward -123.08
2026-08-01 16:05:39,838 / INFO: Episode 200, Ave step reward -120.36244044829606
2026-08-01 16:05:41,144 / INFO: Episode 160, Ave step reward -116.46212657483022
2026-08-01 16:05:41,215 / INFO: Episode 170, Ave step reward -2.342000000000007
2026-08-01 16:05:42,975 / INFO: Episode 220, Ave step reward -2.226500000000009
2026-08-01 16:05:45,699 / INFO: Episode 310, Ave step reward -121.33359720912453
2026-08-01 16:05:45,718 / INFO: Episode 250, Ave step reward -120.69336356766208
2026-08-01 16:05:46,446 / INFO: Episode 420, Ave step reward -123.06666996810046
2026-08-01 16:05:46,979 / INFO: Episode 280, Ave step reward -2.466000000000011
2026-08-01 16:05:47,868 / INFO: Episode 190, Ave step reward -119.92878663862935
2026-08-01 16:05:51,765 / INFO: Episode 120, Ave step reward -116.90155525931851
2026-08-01 16:05:57,506 / INFO: Episode 210, Ave step reward -120.00806661195499
2026-08-01 16:05:57,708 / INFO: Episode 170, Ave step reward -118.32033333001442
2026-08-01 16:05:57,747 / INFO: Episode 440, Ave step reward -123.27679945054945
2026-08-01 16:05:58,220 / INFO: Episode 180, Ave step reward -2.4630000000000076
2026-08-01 16:05:59,084 / INFO: Episode 230, Ave step reward -2.31300000000001
2026-08-01 16:06:03,205 / INFO: Episode 320, Ave step reward -121.81215052276387
2026-08-01 16:06:03,474 / INFO: Episode 430, Ave step reward -123.165
2026-08-01 16:06:03,991 / INFO: Episode 290, Ave step reward -2.1975000000000087
2026-08-01 16:06:04,670 / INFO: Episode 200, Ave step reward -117.96974853585297
2026-08-01 16:06:04,714 / INFO: Episode 260, Ave step reward -121.63152772213004
2026-08-01 16:06:08,927 / INFO: Episode 130, Ave step reward -115.52465413269393
2026-08-01 16:06:14,185 / INFO: Episode 180, Ave step reward -119.075677125149
2026-08-01 16:06:14,759 / INFO: Episode 220, Ave step reward -121.30416135881647
2026-08-01 16:06:14,920 / INFO: Episode 190, Ave step reward -2.3020000000000067
2026-08-01 16:06:16,262 / INFO: Episode 240, Ave step reward -2.4120000000000106
2026-08-01 16:06:17,173 / INFO: Episode 450, Ave step reward -123.335
2026-08-01 16:06:20,506 / INFO: Episode 440, Ave step reward -123.285
2026-08-01 16:06:20,685 / INFO: Episode 330, Ave step reward -121.58954373211685
2026-08-01 16:06:21,137 / INFO: Episode 300, Ave step reward -2.2355000000000094
2026-08-01 16:06:21,396 / INFO: Episode 210, Ave step reward -119.89139094608967
2026-08-01 16:06:23,795 / INFO: Episode 270, Ave step reward -122.76263938675031
2026-08-01 16:06:25,595 / INFO: Episode 140, Ave step reward -114.74333859983307
2026-08-01 16:06:30,345 / INFO: Episode 190, Ave step reward -121.37835473054324
2026-08-01 16:06:31,262 / INFO: Episode 230, Ave step reward -120.27138342466341
2026-08-01 16:06:32,602 / INFO: Episode 200, Ave step reward -2.3145000000000064
2026-08-01 16:06:33,838 / INFO: Episode 250, Ave step reward -2.1185000000000085
2026-08-01 16:06:36,795 / INFO: Episode 460, Ave step reward -123.58027616279068
2026-08-01 16:06:37,988 / INFO: Episode 310, Ave step reward -2.1615000000000086
2026-08-01 16:06:38,485 / INFO: Episode 220, Ave step reward -121.19063347632039
2026-08-01 16:06:38,604 / INFO: Episode 450, Ave step reward -123.27
2026-08-01 16:06:38,645 / INFO: Episode 340, Ave step reward -121.98808322902687
2026-08-01 16:06:42,870 / INFO: Episode 150, Ave step reward -118.9635057929572
2026-08-01 16:06:43,392 / INFO: Episode 280, Ave step reward -121.72918739382796
2026-08-01 16:06:46,996 / INFO: Episode 200, Ave step reward -120.15416135881647
2026-08-01 16:06:48,189 / INFO: Episode 240, Ave step reward -119.77599282227624
2026-08-01 16:06:50,515 / INFO: Episode 210, Ave step reward -2.399500000000007
2026-08-01 16:06:50,609 / INFO: Episode 260, Ave step reward -2.3310000000000097
2026-08-01 16:06:54,703 / INFO: Episode 320, Ave step reward -2.2680000000000096
2026-08-01 16:06:55,592 / INFO: Episode 230, Ave step reward -120.27958420194888
2026-08-01 16:06:55,882 / INFO: Episode 460, Ave step reward -123.035
2026-08-01 16:06:55,886 / INFO: Episode 470, Ave step reward -123.57
2026-08-01 16:06:56,359 / INFO: Episode 350, Ave step reward -122.64034542382907
2026-08-01 16:07:00,215 / INFO: Episode 160, Ave step reward -118.24495108840102
2026-08-01 16:07:02,363 / INFO: Episode 290, Ave step reward -121.87861609899156
2026-08-01 16:07:03,911 / INFO: Episode 210, Ave step reward -120.17755693938891
2026-08-01 16:07:04,586 / INFO: Episode 250, Ave step reward -121.317232425818
2026-08-01 16:07:07,961 / INFO: Episode 270, Ave step reward -2.178000000000009
2026-08-01 16:07:08,446 / INFO: Episode 220, Ave step reward -2.3070000000000066
2026-08-01 16:07:12,217 / INFO: Episode 330, Ave step reward -2.142000000000009
2026-08-01 16:07:12,747 / INFO: Episode 240, Ave step reward -121.35366467760656
2026-08-01 16:07:13,584 / INFO: Episode 470, Ave step reward -123.185
2026-08-01 16:07:14,396 / INFO: Episode 360, Ave step reward -122.3184946364396
2026-08-01 16:07:16,158 / INFO: Episode 480, Ave step reward -123.50724126293686
2026-08-01 16:07:17,215 / INFO: Episode 170, Ave step reward -115.90931999495571
2026-08-01 16:07:21,746 / INFO: Episode 260, Ave step reward -121.42085627407072
2026-08-01 16:07:21,879 / INFO: Episode 220, Ave step reward -121.51226335087058
2026-08-01 16:07:22,686 / INFO: Episode 300, Ave step reward -123.08306975130895
2026-08-01 16:07:24,977 / INFO: Episode 280, Ave step reward -2.31300000000001
2026-08-01 16:07:26,209 / INFO: Episode 230, Ave step reward -2.3945000000000074
2026-08-01 16:07:28,918 / INFO: Episode 340, Ave step reward -2.28600000000001
2026-08-01 16:07:29,939 / INFO: Episode 250, Ave step reward -120.44793297526856
2026-08-01 16:07:30,619 / INFO: Episode 480, Ave step reward -123.53889380530974
2026-08-01 16:07:31,765 / INFO: Episode 370, Ave step reward -122.8011883209285
2026-08-01 16:07:34,131 / INFO: Episode 180, Ave step reward -118.8478143607594
2026-08-01 16:07:35,978 / INFO: Episode 490, Ave step reward -123.21014690817655
2026-08-01 16:07:38,566 / INFO: Episode 230, Ave step reward -119.78823071802418
2026-08-01 16:07:39,146 / INFO: Episode 270, Ave step reward -122.54294049669481
2026-08-01 16:07:41,789 / INFO: RL utililty: -42.965988216998426
2026-08-01 16:07:42,025 / INFO: Episode 310, Ave step reward -122.18792750533858
2026-08-01 16:07:42,136 / INFO: Episode 290, Ave step reward -2.2590000000000092
2026-08-01 16:07:43,814 / INFO: Episode 240, Ave step reward -2.393000000000008
2026-08-01 16:07:46,829 / INFO: Episode 350, Ave step reward -2.28600000000001
2026-08-01 16:07:47,393 / INFO: Episode 260, Ave step reward -120.75627052859437
2026-08-01 16:07:48,186 / INFO: Episode 490, Ave step reward -123.23527616279068
2026-08-01 16:07:50,219 / INFO: Episode 380, Ave step reward -123.04616793430237
2026-08-01 16:07:51,620 / INFO: Episode 190, Ave step reward -118.21180074556678
2026-08-01 16:07:55,378 / INFO: Episode 240, Ave step reward -121.11948098234625
2026-08-01 16:07:55,924 / INFO: Episode 280, Ave step reward -121.7003110142458
2026-08-01 16:07:55,995 / INFO: Episode 500, Ave step reward -123.24834745762712
2026-08-01 16:07:59,192 / INFO: Episode 300, Ave step reward -2.2625000000000095
2026-08-01 16:08:01,205 / INFO: Episode 320, Ave step reward -122.2706976902305
2026-08-01 16:08:01,790 / INFO: Episode 250, Ave step reward -2.313000000000007
2026-08-01 16:08:04,136 / INFO: Episode 360, Ave step reward -2.2140000000000093
2026-08-01 16:08:04,581 / INFO: Episode 270, Ave step reward -121.81045792242237
2026-08-01 16:08:05,573 / INFO: Episode 500, Ave step reward -123.34
2026-08-01 16:08:08,454 / INFO: Episode 200, Ave step reward -119.95947835096108
2026-08-01 16:08:08,626 / INFO: Episode 390, Ave step reward -122.67524211534047
2026-08-01 16:08:12,965 / INFO: Episode 250, Ave step reward -121.02500881644357
2026-08-01 16:08:13,337 / INFO: Episode 290, Ave step reward -122.36472252151671
2026-08-01 16:08:16,150 / INFO: Episode 310, Ave step reward -2.37600000000001
2026-08-01 16:08:19,803 / INFO: Episode 260, Ave step reward -2.2675000000000067
2026-08-01 16:08:21,367 / INFO: Episode 330, Ave step reward -121.86944481519855
2026-08-01 16:08:22,376 / INFO: Episode 370, Ave step reward -2.217500000000009
2026-08-01 16:08:22,598 / INFO: Episode 280, Ave step reward -122.55542307096727
2026-08-01 16:08:26,468 / INFO: Episode 210, Ave step reward -119.37290694025701
2026-08-01 16:08:26,668 / INFO: Episode 400, Ave step reward -122.87112358575855
2026-08-01 16:08:30,586 / INFO: Episode 260, Ave step reward -122.50255227718264
2026-08-01 16:08:31,722 / INFO: Episode 300, Ave step reward -121.88694613089112
2026-08-01 16:08:34,465 / INFO: Episode 320, Ave step reward -2.187000000000009
2026-08-01 16:08:38,816 / INFO: Episode 270, Ave step reward -2.5695000000000077
2026-08-01 16:08:40,278 / INFO: Episode 380, Ave step reward -2.33450000000001
2026-08-01 16:08:40,636 / INFO: Episode 290, Ave step reward -122.82861609899155
2026-08-01 16:08:40,885 / INFO: Episode 340, Ave step reward -122.32167594599922
2026-08-01 16:08:44,611 / INFO: Episode 410, Ave step reward -122.82365595334352
2026-08-01 16:08:45,311 / INFO: Episode 220, Ave step reward -120.73097823509346
2026-08-01 16:08:48,764 / INFO: Episode 270, Ave step reward -120.37193883729975
2026-08-01 16:08:49,398 / INFO: Episode 310, Ave step reward -122.49096941864987
2026-08-01 16:08:51,876 / INFO: Episode 330, Ave step reward -2.36150000000001
2026-08-01 16:08:57,349 / INFO: Episode 280, Ave step reward -2.367000000000007
2026-08-01 16:08:59,021 / INFO: Episode 300, Ave step reward -123.14878197642317
2026-08-01 16:08:59,119 / INFO: Episode 390, Ave step reward -2.2590000000000092
2026-08-01 16:09:01,621 / INFO: Episode 350, Ave step reward -123.18707561334014
2026-08-01 16:09:03,268 / INFO: Episode 420, Ave step reward -122.54115595334352
2026-08-01 16:09:03,276 / INFO: Episode 230, Ave step reward -120.70096655942986
2026-08-01 16:09:07,208 / INFO: Episode 280, Ave step reward -122.71180958268563
2026-08-01 16:09:07,922 / INFO: Episode 320, Ave step reward -122.42957561334015
2026-08-01 16:09:09,861 / INFO: Episode 340, Ave step reward -2.0285000000000077
2026-08-01 16:09:16,707 / INFO: Episode 290, Ave step reward -2.362500000000007
2026-08-01 16:09:17,547 / INFO: Episode 400, Ave step reward -2.2750000000000092
2026-08-01 16:09:18,288 / INFO: Episode 310, Ave step reward -121.48933430200454
2026-08-01 16:09:22,077 / INFO: Episode 240, Ave step reward -121.22778497923431
2026-08-01 16:09:22,130 / INFO: Episode 430, Ave step reward -122.61963536518067
2026-08-01 16:09:22,316 / INFO: Episode 360, Ave step reward -123.23793451879605
2026-08-01 16:09:25,344 / INFO: Episode 290, Ave step reward -121.59098530084994
2026-08-01 16:09:26,584 / INFO: Episode 330, Ave step reward -123.33085138402963
2026-08-01 16:09:27,960 / INFO: Episode 350, Ave step reward -2.34900000000001
2026-08-01 16:09:35,336 / INFO: Episode 410, Ave step reward -2.0880000000000085
2026-08-01 16:09:35,385 / INFO: Episode 300, Ave step reward -2.265500000000007
2026-08-01 16:09:36,065 / INFO: Episode 320, Ave step reward -122.6561046511628
2026-08-01 16:09:39,952 / INFO: Episode 440, Ave step reward -122.85348102238385
2026-08-01 16:09:40,164 / INFO: Episode 250, Ave step reward -121.61711069263012
2026-08-01 16:09:42,477 / INFO: Episode 370, Ave step reward -122.39069923375797
2026-08-01 16:09:43,108 / INFO: Episode 300, Ave step reward -121.70666996810046
2026-08-01 16:09:45,220 / INFO: Episode 340, Ave step reward -123.22707561334015
2026-08-01 16:09:46,105 / INFO: Episode 360, Ave step reward -2.2445000000000093
2026-08-01 16:09:53,228 / INFO: Episode 420, Ave step reward -2.232000000000009
2026-08-01 16:09:54,257 / INFO: Episode 310, Ave step reward -2.360000000000007
2026-08-01 16:09:54,505 / INFO: Episode 330, Ave step reward -121.94001742572755
2026-08-01 16:09:58,544 / INFO: Episode 260, Ave step reward -121.78087478765596
2026-08-01 16:09:58,643 / INFO: Episode 450, Ave step reward -122.10504975865325
2026-08-01 16:10:01,574 / INFO: Episode 310, Ave step reward -122.20821068158673
2026-08-01 16:10:03,165 / INFO: Episode 380, Ave step reward -123.06527616279068
2026-08-01 16:10:03,983 / INFO: Episode 350, Ave step reward -122.55359890109888
2026-08-01 16:10:04,411 / INFO: Episode 370, Ave step reward -2.178000000000009
2026-08-01 16:10:10,898 / INFO: Episode 430, Ave step reward -2.0610000000000084
2026-08-01 16:10:12,488 / INFO: Episode 320, Ave step reward -2.412500000000008
2026-08-01 16:10:12,880 / INFO: Episode 340, Ave step reward -122.11596941864987
2026-08-01 16:10:15,985 / INFO: Episode 270, Ave step reward -121.89545194452359
2026-08-01 16:10:17,511 / INFO: Episode 460, Ave step reward -123.16612358575854
2026-08-01 16:10:19,703 / INFO: Episode 320, Ave step reward -122.69016433390412
2026-08-01 16:10:21,689 / INFO: Episode 360, Ave step reward -122.57027616279069
2026-08-01 16:10:22,669 / INFO: Episode 380, Ave step reward -2.2140000000000093
2026-08-01 16:10:23,686 / INFO: Episode 390, Ave step reward -123.57679945054944
2026-08-01 16:10:28,794 / INFO: Episode 440, Ave step reward -2.34000000000001
2026-08-01 16:10:31,469 / INFO: Episode 350, Ave step reward -123.02639380530974
2026-08-01 16:10:31,533 / INFO: Episode 330, Ave step reward -2.2675000000000063
2026-08-01 16:10:34,665 / INFO: Episode 280, Ave step reward -121.78447107804493
2026-08-01 16:10:36,600 / INFO: Episode 470, Ave step reward -123.0573691671991
2026-08-01 16:10:38,031 / INFO: Episode 330, Ave step reward -122.92238064968714
2026-08-01 16:10:40,514 / INFO: Episode 370, Ave step reward -122.47485177613085
2026-08-01 16:10:40,533 / INFO: Episode 390, Ave step reward -2.232000000000009
2026-08-01 16:10:44,013 / INFO: Episode 400, Ave step reward -123.27
2026-08-01 16:10:46,463 / INFO: Episode 450, Ave step reward -2.2680000000000096
2026-08-01 16:10:49,719 / INFO: Episode 360, Ave step reward -122.95084745762712
2026-08-01 16:10:50,201 / INFO: Episode 340, Ave step reward -2.3540000000000068
2026-08-01 16:10:52,923 / INFO: Episode 290, Ave step reward -121.7669871880799
2026-08-01 16:10:55,336 / INFO: Episode 480, Ave step reward -122.33947104338566
2026-08-01 16:10:55,934 / INFO: Episode 340, Ave step reward -122.4013750638896
2026-08-01 16:10:57,538 / INFO: Non-strategic (Uniform) utility: -42.97442968309489
2026-08-01 16:10:58,444 / INFO: Episode 400, Ave step reward -2.169000000000009
2026-08-01 16:10:58,587 / INFO: Episode 380, Ave step reward -123.22985177613086
2026-08-01 16:11:04,308 / INFO: Episode 410, Ave step reward -122.73929945054944
2026-08-01 16:11:04,333 / INFO: Episode 460, Ave step reward -2.178000000000009
2026-08-01 16:11:07,671 / INFO: Episode 370, Ave step reward -122.69957561334014
2026-08-01 16:11:07,999 / INFO: Episode 350, Ave step reward -2.483500000000008
2026-08-01 16:11:11,411 / INFO: Episode 300, Ave step reward -122.52916996810043
2026-08-01 16:11:15,512 / INFO: Episode 350, Ave step reward -121.59917463030662
2026-08-01 16:11:16,268 / INFO: Episode 490, Ave step reward -122.6166568525155
2026-08-01 16:11:18,258 / INFO: Episode 410, Ave step reward -2.4390000000000107
2026-08-01 16:11:20,225 / INFO: Episode 390, Ave step reward -123.29916996810043
2026-08-01 16:11:24,892 / INFO: Episode 470, Ave step reward -2.1240000000000085
2026-08-01 16:11:26,822 / INFO: Episode 420, Ave step reward -123.52527616279069
2026-08-01 16:11:28,695 / INFO: Episode 380, Ave step reward -122.4366512266803
2026-08-01 16:11:29,381 / INFO: Episode 360, Ave step reward -2.3280000000000074
2026-08-01 16:11:31,365 / INFO: Episode 310, Ave step reward -122.96776886919933
2026-08-01 16:11:34,387 / INFO: Episode 360, Ave step reward -122.4177761627907
2026-08-01 16:11:35,154 / INFO: Episode 500, Ave step reward -122.57862358575852
2026-08-01 16:11:35,583 / INFO: Episode 420, Ave step reward -2.2680000000000096
2026-08-01 16:11:38,280 / INFO: Episode 400, Ave step reward -122.69001742572755
2026-08-01 16:11:42,405 / INFO: Episode 480, Ave step reward -2.2140000000000093
2026-08-01 16:11:46,861 / INFO: Episode 390, Ave step reward -122.82862362041782
2026-08-01 16:11:47,245 / INFO: Episode 430, Ave step reward -123.52
2026-08-01 16:11:48,502 / INFO: Episode 370, Ave step reward -2.509500000000007
2026-08-01 16:11:49,927 / INFO: Episode 320, Ave step reward -121.41975868866439
2026-08-01 16:11:52,336 / INFO: Episode 370, Ave step reward -122.94194635872601
2026-08-01 16:11:53,831 / INFO: Episode 430, Ave step reward -2.2500000000000093
2026-08-01 16:11:56,999 / INFO: Episode 410, Ave step reward -123.39638081395347
2026-08-01 16:12:01,418 / INFO: Episode 490, Ave step reward -2.178000000000009
2026-08-01 16:12:06,371 / INFO: Episode 400, Ave step reward -123.28887506388958
2026-08-01 16:12:08,081 / INFO: Episode 380, Ave step reward -2.5580000000000074
2026-08-01 16:12:08,350 / INFO: Episode 330, Ave step reward -122.95764690817656
2026-08-01 16:12:08,654 / INFO: Episode 440, Ave step reward -123.3
2026-08-01 16:12:11,173 / INFO: Episode 380, Ave step reward -123.21042307096727
2026-08-01 16:12:12,414 / INFO: Episode 440, Ave step reward -2.34000000000001
2026-08-01 16:12:16,183 / INFO: Episode 420, Ave step reward -123.00027616279068
2026-08-01 16:12:19,449 / INFO: Episode 500, Ave step reward -2.187000000000009
2026-08-01 16:12:25,050 / INFO: Episode 410, Ave step reward -123.22389380530974
2026-08-01 16:12:27,253 / INFO: Episode 390, Ave step reward -2.500500000000008
2026-08-01 16:12:27,773 / INFO: Episode 340, Ave step reward -122.70584745762712
2026-08-01 16:12:29,950 / INFO: Episode 450, Ave step reward -122.9425
2026-08-01 16:12:30,038 / INFO: Episode 390, Ave step reward -123.45569325585919
2026-08-01 16:12:30,679 / INFO: Episode 450, Ave step reward -2.2355000000000094
2026-08-01 16:12:35,096 / INFO: Episode 430, Ave step reward -122.85819923375797
2026-08-01 16:12:44,237 / INFO: Episode 420, Ave step reward -122.92584745762711
2026-08-01 16:12:45,991 / INFO: Episode 400, Ave step reward -2.4750000000000076
2026-08-01 16:12:46,291 / INFO: Episode 350, Ave step reward -122.18485177613084
2026-08-01 16:12:48,309 / INFO: Episode 400, Ave step reward -123.42916996810045
2026-08-01 16:12:48,839 / INFO: Episode 460, Ave step reward -2.0700000000000083
2026-08-01 16:12:50,873 / INFO: Episode 460, Ave step reward -123.42569325585919
2026-08-01 16:12:54,387 / INFO: Episode 440, Ave step reward -123.51916996810043
2026-08-01 16:13:03,086 / INFO: Episode 430, Ave step reward -123.03778761061947
2026-08-01 16:13:05,269 / INFO: Episode 360, Ave step reward -123.26679945054944
2026-08-01 16:13:05,318 / INFO: Episode 410, Ave step reward -2.4350000000000076
2026-08-01 16:13:07,221 / INFO: Episode 410, Ave step reward -123.09819923375795
2026-08-01 16:13:07,346 / INFO: Episode 470, Ave step reward -2.2410000000000094
2026-08-01 16:13:10,718 / INFO: RL utililty: -2472.47776877325
2026-08-01 16:13:11,621 / INFO: Episode 470, Ave step reward -122.9775
2026-08-01 16:13:14,241 / INFO: Episode 450, Ave step reward -123.32334745762711
2026-08-01 16:13:22,595 / INFO: Episode 440, Ave step reward -122.97349436580367
2026-08-01 16:13:24,517 / INFO: Episode 370, Ave step reward -122.72279381635313
2026-08-01 16:13:25,001 / INFO: Episode 420, Ave step reward -2.5345000000000075
2026-08-01 16:13:25,931 / INFO: Episode 420, Ave step reward -122.85666996810043
2026-08-01 16:13:26,283 / INFO: Episode 480, Ave step reward -2.205000000000009
2026-08-01 16:13:32,705 / INFO: Episode 460, Ave step reward -123.1531932558592
2026-08-01 16:13:32,774 / INFO: Episode 480, Ave step reward -123.525
2026-08-01 16:13:41,629 / INFO: Episode 450, Ave step reward -123.47389380530974
2026-08-01 16:13:43,562 / INFO: Episode 380, Ave step reward -121.26262793892154
2026-08-01 16:13:44,559 / INFO: Episode 430, Ave step reward -2.415000000000007
2026-08-01 16:13:44,965 / INFO: Episode 490, Ave step reward -2.3040000000000096
2026-08-01 16:13:45,060 / INFO: Episode 430, Ave step reward -123.48
2026-08-01 16:13:52,495 / INFO: Episode 470, Ave step reward -123.32
2026-08-01 16:13:54,995 / INFO: Episode 490, Ave step reward -123.24
2026-08-01 16:14:01,242 / INFO: Episode 460, Ave step reward -123.50679945054944
2026-08-01 16:14:03,564 / INFO: Episode 390, Ave step reward -122.93985177613085
2026-08-01 16:14:04,543 / INFO: Episode 500, Ave step reward -2.3850000000000104
2026-08-01 16:14:04,979 / INFO: Episode 440, Ave step reward -123.17251742572755
2026-08-01 16:14:05,149 / INFO: Episode 440, Ave step reward -2.2825000000000064
2026-08-01 16:14:11,262 / INFO: Episode 480, Ave step reward -123.06
2026-08-01 16:14:16,716 / INFO: Episode 500, Ave step reward -123.5402761627907
2026-08-01 16:14:20,769 / INFO: Episode 470, Ave step reward -123.02
2026-08-01 16:14:22,631 / INFO: Episode 400, Ave step reward -122.52389380530973
2026-08-01 16:14:24,597 / INFO: Episode 450, Ave step reward -122.93834745762712
2026-08-01 16:14:25,335 / INFO: Episode 450, Ave step reward -2.2905000000000073
2026-08-01 16:14:27,948 / INFO: RL utililty: -2472.2395402838233
2026-08-01 16:14:31,252 / INFO: Episode 490, Ave step reward -123.46194635872602
2026-08-01 16:14:40,473 / INFO: Episode 480, Ave step reward -123.475
2026-08-01 16:14:42,969 / INFO: Episode 410, Ave step reward -123.58527616279069
2026-08-01 16:14:44,413 / INFO: Episode 460, Ave step reward -122.985
2026-08-01 16:14:45,937 / INFO: Episode 460, Ave step reward -2.475000000000007
2026-08-01 16:14:51,591 / INFO: Episode 500, Ave step reward -122.98527616279071
2026-08-01 16:15:00,186 / INFO: Episode 490, Ave step reward -123.55055232558139
2026-08-01 16:15:02,996 / INFO: Episode 420, Ave step reward -123.105
2026-08-01 16:15:04,530 / INFO: Episode 470, Ave step reward -122.96333993620087
2026-08-01 16:15:06,338 / INFO: Episode 470, Ave step reward -2.288000000000007
2026-08-01 16:15:20,014 / INFO: Episode 500, Ave step reward -123.48
2026-08-01 16:15:22,845 / INFO: Episode 430, Ave step reward -123.1575
2026-08-01 16:15:24,237 / INFO: Episode 480, Ave step reward -123.48834745762711
2026-08-01 16:15:26,296 / INFO: Episode 480, Ave step reward -2.4620000000000077
2026-08-01 16:15:42,419 / INFO: Episode 440, Ave step reward -123.2275
2026-08-01 16:15:43,067 / INFO: Episode 490, Ave step reward -123.20527616279071
2026-08-01 16:15:46,843 / INFO: Episode 490, Ave step reward -2.6555000000000057
2026-08-01 16:16:02,364 / INFO: Episode 450, Ave step reward -123.20139380530975
2026-08-01 16:16:02,479 / INFO: Episode 500, Ave step reward -123.1675
2026-08-01 16:16:07,454 / INFO: Episode 500, Ave step reward -2.4360000000000066
2026-08-01 16:16:20,836 / INFO: Episode 460, Ave step reward -123.065
2026-08-01 16:16:30,106 / INFO: Non-strategic (Uniform) utility: -2426.9305253789653
defend-9-1_0
2026-08-01 16:16:39,615 / INFO: Episode 470, Ave step reward -123.42179945054944
2026-08-01 16:16:41,707 / INFO: RL utililty: -2463.960268212346
2026-08-01 16:16:52,190 / INFO: Episode 30, Ave step reward -0.05599999999999999
2026-08-01 16:16:58,242 / INFO: Episode 480, Ave step reward -123.525
2026-08-01 16:17:02,089 / INFO: RL utililty: -2471.239975482451
2026-08-01 16:17:05,077 / INFO: RL utililty: -43.22380997123685
2026-08-01 16:17:11,261 / INFO: Episode 40, Ave step reward -0.030000000000000006
2026-08-01 16:17:17,734 / INFO: Episode 490, Ave step reward -123.265
2026-08-01 16:17:30,984 / INFO: Episode 50, Ave step reward -0.044000000000000004
2026-08-01 16:17:36,969 / INFO: Episode 500, Ave step reward -123.20527616279071
2026-08-01 16:17:49,696 / INFO: Episode 60, Ave step reward -0.0335
2026-08-01 16:18:08,236 / INFO: Episode 70, Ave step reward -0.030000000000000006
2026-08-01 16:18:27,333 / INFO: Episode 80, Ave step reward -0.019500000000000003
2026-08-01 16:18:28,091 / INFO: RL utililty: -43.20068003103181
2026-08-01 16:18:46,650 / INFO: Episode 90, Ave step reward -0.026500000000000003
2026-08-01 16:19:06,625 / INFO: Episode 100, Ave step reward -0.0175
2026-08-01 16:19:18,869 / INFO: RL utililty: -2472.1186262070014
2026-08-01 16:19:25,680 / INFO: Episode 110, Ave step reward -0.019500000000000003
2026-08-01 16:19:29,561 / INFO: Non-strategic (Uniform) utility: -2427.092711807932
defend-0-1_1
2026-08-01 16:19:46,093 / INFO: Episode 120, Ave step reward -0.013999999999999999
2026-08-01 16:19:47,338 / INFO: Episode 30, Ave step reward -2.4045000000000103
2026-08-01 16:19:51,836 / INFO: RL utililty: -2472.0176787555156
2026-08-01 16:19:58,720 / INFO: Non-strategic (Uniform) utility: -2427.1454323909106
defend-7-1_0
2026-08-01 16:20:04,967 / INFO: Episode 40, Ave step reward -2.249000000000009
2026-08-01 16:20:06,858 / INFO: Episode 130, Ave step reward -0.023000000000000003
2026-08-01 16:20:17,243 / INFO: Non-strategic (Uniform) utility: -42.699241243538694
attack-4-1_1
2026-08-01 16:20:21,885 / INFO: Episode 30, Ave step reward -0.042
2026-08-01 16:20:23,058 / INFO: Episode 50, Ave step reward -2.2800000000000096
2026-08-01 16:20:23,417 / INFO: RL utililty: -2470.4904956041732
2026-08-01 16:20:27,020 / INFO: RL utililty: -2472.097615597068
2026-08-01 16:20:28,148 / INFO: Episode 140, Ave step reward -0.023000000000000003
2026-08-01 16:20:40,448 / INFO: Episode 30, Ave step reward -104.82940424369819
2026-08-01 16:20:41,236 / INFO: Episode 60, Ave step reward -2.306500000000009
2026-08-01 16:20:42,009 / INFO: Episode 40, Ave step reward -0.05449999999999999
2026-08-01 16:20:49,236 / INFO: Episode 150, Ave step reward -0.006999999999999999
2026-08-01 16:20:59,284 / INFO: Episode 70, Ave step reward -2.3035000000000094
2026-08-01 16:21:00,894 / INFO: Episode 40, Ave step reward -104.84767440546428
2026-08-01 16:21:02,645 / INFO: Episode 50, Ave step reward -0.051
2026-08-01 16:21:10,192 / INFO: RL utililty: -46.10963390279051
2026-08-01 16:21:10,729 / INFO: Episode 160, Ave step reward -0.0125
2026-08-01 16:21:18,188 / INFO: Episode 80, Ave step reward -2.1630000000000082
2026-08-01 16:21:21,573 / INFO: Episode 50, Ave step reward -106.84684473379895
2026-08-01 16:21:23,081 / INFO: Episode 60, Ave step reward -0.051
2026-08-01 16:21:32,226 / INFO: Episode 170, Ave step reward -0.016
2026-08-01 16:21:36,967 / INFO: Episode 90, Ave step reward -2.195500000000009
2026-08-01 16:21:38,319 / INFO: Non-strategic (Uniform) utility: -42.726570717002424
attack-2-1_1
2026-08-01 16:21:42,478 / INFO: Episode 60, Ave step reward -107.1424162187413
2026-08-01 16:21:44,097 / INFO: Episode 70, Ave step reward -0.035
2026-08-01 16:21:54,064 / INFO: Episode 180, Ave step reward -0.006999999999999999
2026-08-01 16:21:56,304 / INFO: Episode 100, Ave step reward -2.35950000000001
2026-08-01 16:22:02,106 / INFO: Non-strategic (Uniform) utility: -2427.126839956395
defend-1-1_1
2026-08-01 16:22:03,377 / INFO: Episode 30, Ave step reward -103.50370133044267
2026-08-01 16:22:03,886 / INFO: Episode 70, Ave step reward -110.50665588728128
2026-08-01 16:22:04,921 / INFO: Episode 80, Ave step reward -0.0245
2026-08-01 16:22:05,552 / INFO: RL utililty: -2471.9832719081483
2026-08-01 16:22:15,230 / INFO: Episode 110, Ave step reward -2.285500000000009
2026-08-01 16:22:15,851 / INFO: Episode 190, Ave step reward -0.030000000000000006
2026-08-01 16:22:20,947 / INFO: Episode 30, Ave step reward -2.296000000000009
2026-08-01 16:22:23,836 / INFO: Non-strategic (Uniform) utility: -2427.111941924429
2026-08-01 16:22:24,054 / INFO: Episode 40, Ave step reward -105.61109209319595
defend-12-0_0
2026-08-01 16:22:25,872 / INFO: Episode 80, Ave step reward -110.17086927637551
2026-08-01 16:22:25,979 / INFO: Episode 90, Ave step reward -0.0245
2026-08-01 16:22:34,262 / INFO: Episode 120, Ave step reward -2.2840000000000096
2026-08-01 16:22:37,494 / INFO: Episode 200, Ave step reward -0.016
2026-08-01 16:22:38,871 / INFO: Episode 40, Ave step reward -2.2130000000000085
2026-08-01 16:22:43,097 / INFO: Episode 30, Ave step reward -2.2270000000000083
2026-08-01 16:22:44,948 / INFO: Episode 50, Ave step reward -107.11294822367555
2026-08-01 16:22:46,606 / INFO: Episode 100, Ave step reward -0.037000000000000005
2026-08-01 16:22:46,793 / INFO: Episode 90, Ave step reward -112.10715986208254
2026-08-01 16:22:53,223 / INFO: Episode 130, Ave step reward -2.34000000000001
2026-08-01 16:22:56,626 / INFO: Episode 50, Ave step reward -2.315500000000009
2026-08-01 16:22:57,876 / INFO: Episode 210, Ave step reward -0.013999999999999999
2026-08-01 16:23:00,654 / INFO: Episode 40, Ave step reward -2.255000000000009
2026-08-01 16:23:03,419 / INFO: Non-strategic (Uniform) utility: -2426.924495346675
defend-13-0_0
2026-08-01 16:23:05,859 / INFO: Episode 60, Ave step reward -105.17080068039307
2026-08-01 16:23:06,950 / INFO: Episode 110, Ave step reward -0.026500000000000003
2026-08-01 16:23:07,678 / INFO: Episode 100, Ave step reward -112.36076914382782
2026-08-01 16:23:12,135 / INFO: Episode 140, Ave step reward -2.3270000000000097
2026-08-01 16:23:14,930 / INFO: Episode 60, Ave step reward -2.3735000000000097
2026-08-01 16:23:18,306 / INFO: Episode 50, Ave step reward -2.3300000000000094
2026-08-01 16:23:19,035 / INFO: Episode 220, Ave step reward -0.006999999999999999
2026-08-01 16:23:22,433 / INFO: Episode 30, Ave step reward -2.3030000000000093
2026-08-01 16:23:26,152 / INFO: Episode 70, Ave step reward -111.12376635207654
2026-08-01 16:23:27,199 / INFO: Episode 120, Ave step reward -0.016
2026-08-01 16:23:28,664 / INFO: Episode 110, Ave step reward -112.99159740436498
2026-08-01 16:23:30,408 / INFO: Episode 150, Ave step reward -2.239000000000009
2026-08-01 16:23:33,133 / INFO: Episode 70, Ave step reward -2.213500000000009
2026-08-01 16:23:34,541 / INFO: Non-strategic (Uniform) utility: -2426.9509186396212
defend-14-0_0
2026-08-01 16:23:36,042 / INFO: Episode 60, Ave step reward -2.1875000000000084
2026-08-01 16:23:39,595 / INFO: Episode 230, Ave step reward -0.016
2026-08-01 16:23:39,991 / INFO: Episode 40, Ave step reward -2.4810000000000105
2026-08-01 16:23:46,818 / INFO: Episode 80, Ave step reward -111.39577955609786
2026-08-01 16:23:47,577 / INFO: Episode 130, Ave step reward -0.023000000000000003
2026-08-01 16:23:48,579 / INFO: Episode 160, Ave step reward -2.33800000000001
2026-08-01 16:23:49,603 / INFO: Episode 120, Ave step reward -115.30190661562465
2026-08-01 16:23:51,154 / INFO: Episode 80, Ave step reward -2.098000000000008
2026-08-01 16:23:53,618 / INFO: Episode 30, Ave step reward -2.3590000000000098
2026-08-01 16:23:53,620 / INFO: Episode 70, Ave step reward -2.3695000000000097
2026-08-01 16:23:56,908 / INFO: Episode 50, Ave step reward -2.1900000000000084
2026-08-01 16:23:59,118 / INFO: Episode 240, Ave step reward -0.009000000000000001
2026-08-01 16:24:05,749 / INFO: Episode 170, Ave step reward -2.2715000000000094
2026-08-01 16:24:06,517 / INFO: Episode 90, Ave step reward -112.9577628896954
2026-08-01 16:24:06,819 / INFO: Episode 140, Ave step reward -0.037000000000000005
2026-08-01 16:24:08,620 / INFO: Episode 90, Ave step reward -2.1885000000000088
2026-08-01 16:24:09,811 / INFO: Episode 130, Ave step reward -114.40155191280493
2026-08-01 16:24:10,146 / INFO: Episode 40, Ave step reward -2.2770000000000086
2026-08-01 16:24:11,318 / INFO: Episode 80, Ave step reward -2.2675000000000094
2026-08-01 16:24:13,875 / INFO: Episode 60, Ave step reward -2.224000000000009
2026-08-01 16:24:18,730 / INFO: Episode 250, Ave step reward -0.009000000000000001
2026-08-01 16:24:21,430 / INFO: Non-strategic (Uniform) utility: -42.385462055265286
2026-08-01 16:24:24,003 / INFO: Episode 180, Ave step reward -2.1435000000000084
2026-08-01 16:24:26,185 / INFO: Episode 100, Ave step reward -2.269000000000009
2026-08-01 16:24:26,234 / INFO: Episode 150, Ave step reward -0.019500000000000003
2026-08-01 16:24:26,534 / INFO: Episode 100, Ave step reward -113.15946460312591
2026-08-01 16:24:27,156 / INFO: Episode 50, Ave step reward -2.2870000000000092
2026-08-01 16:24:28,963 / INFO: Episode 90, Ave step reward -2.35950000000001
2026-08-01 16:24:29,741 / INFO: Episode 140, Ave step reward -115.35947526390613
2026-08-01 16:24:31,720 / INFO: Episode 70, Ave step reward -2.1955000000000084
2026-08-01 16:24:37,871 / INFO: Episode 260, Ave step reward -0.006999999999999999
2026-08-01 16:24:41,231 / INFO: Episode 190, Ave step reward -2.2785000000000095
2026-08-01 16:24:43,775 / INFO: Episode 60, Ave step reward -2.3930000000000096
2026-08-01 16:24:43,894 / INFO: Episode 110, Ave step reward -2.194000000000009
2026-08-01 16:24:44,853 / INFO: Episode 160, Ave step reward -0.023000000000000003
2026-08-01 16:24:45,914 / INFO: Episode 110, Ave step reward -115.0099313626671
2026-08-01 16:24:46,260 / INFO: Episode 100, Ave step reward -2.45800000000001
2026-08-01 16:24:49,051 / INFO: Episode 80, Ave step reward -2.098500000000008
2026-08-01 16:24:49,384 / INFO: Episode 150, Ave step reward -117.6072165752417
2026-08-01 16:24:56,965 / INFO: Episode 270, Ave step reward -0.0125
2026-08-01 16:24:59,610 / INFO: Episode 200, Ave step reward -2.3165000000000098
2026-08-01 16:25:00,652 / INFO: Episode 120, Ave step reward -2.314000000000009
2026-08-01 16:25:00,894 / INFO: Episode 70, Ave step reward -2.1720000000000086
2026-08-01 16:25:03,369 / INFO: Episode 110, Ave step reward -2.1180000000000083
2026-08-01 16:25:03,475 / INFO: Episode 170, Ave step reward -0.010499999999999999
2026-08-01 16:25:05,200 / INFO: Episode 120, Ave step reward -115.77121802197163
2026-08-01 16:25:06,223 / INFO: Episode 90, Ave step reward -2.1760000000000086
2026-08-01 16:25:09,560 / INFO: Episode 160, Ave step reward -119.34256086579134
2026-08-01 16:25:14,498 / INFO: Non-strategic (Uniform) utility: -2427.051073596342
defend-15-0_0
2026-08-01 16:25:15,716 / INFO: Episode 280, Ave step reward -0.009000000000000001
2026-08-01 16:25:16,763 / INFO: Episode 210, Ave step reward -2.169000000000009
2026-08-01 16:25:17,637 / INFO: Episode 130, Ave step reward -2.2150000000000087
2026-08-01 16:25:18,255 / INFO: Episode 80, Ave step reward -2.2765000000000093
2026-08-01 16:25:20,235 / INFO: Episode 120, Ave step reward -2.2925000000000093
2026-08-01 16:25:22,604 / INFO: Episode 180, Ave step reward -0.023000000000000003
2026-08-01 16:25:23,683 / INFO: Episode 100, Ave step reward -2.240500000000009
2026-08-01 16:25:24,969 / INFO: Episode 130, Ave step reward -115.91500332583831
2026-08-01 16:25:29,225 / INFO: Episode 170, Ave step reward -118.13865953905537
2026-08-01 16:25:32,337 / INFO: Episode 30, Ave step reward -2.250000000000009
2026-08-01 16:25:34,087 / INFO: Episode 220, Ave step reward -2.248000000000009
2026-08-01 16:25:34,337 / INFO: Episode 290, Ave step reward -0.023000000000000003
2026-08-01 16:25:34,802 / INFO: Episode 140, Ave step reward -2.34350000000001
2026-08-01 16:25:34,998 / INFO: Episode 90, Ave step reward -2.37000000000001
2026-08-01 16:25:37,278 / INFO: Episode 130, Ave step reward -2.4530000000000105
2026-08-01 16:25:41,171 / INFO: Episode 110, Ave step reward -2.104000000000008
2026-08-01 16:25:41,205 / INFO: Episode 190, Ave step reward -0.009000000000000001
2026-08-01 16:25:41,238 / INFO: Non-strategic (Uniform) utility: -2427.002658670096
defend-5-1_0
2026-08-01 16:25:44,211 / INFO: Episode 140, Ave step reward -115.21181713573569
2026-08-01 16:25:48,671 / INFO: Episode 40, Ave step reward -2.3605000000000094
2026-08-01 16:25:49,443 / INFO: Episode 180, Ave step reward -118.69584145905309
2026-08-01 16:25:50,869 / INFO: Episode 230, Ave step reward -2.2805000000000093
2026-08-01 16:25:51,872 / INFO: Episode 100, Ave step reward -2.3250000000000095
2026-08-01 16:25:52,095 / INFO: Episode 150, Ave step reward -2.3180000000000094
2026-08-01 16:25:53,008 / INFO: Episode 300, Ave step reward -0.009000000000000001
2026-08-01 16:25:54,233 / INFO: Episode 140, Ave step reward -2.251500000000009
2026-08-01 16:25:57,668 / INFO: Episode 120, Ave step reward -2.2355000000000094
2026-08-01 16:25:59,383 / INFO: Episode 30, Ave step reward -2.243500000000009
2026-08-01 16:25:59,666 / INFO: Episode 200, Ave step reward -0.016
2026-08-01 16:26:03,159 / INFO: Episode 150, Ave step reward -117.6484826694648
2026-08-01 16:26:05,093 / INFO: Episode 50, Ave step reward -2.39700000000001
2026-08-01 16:26:07,627 / INFO: Episode 240, Ave step reward -2.1725000000000088
2026-08-01 16:26:07,993 / INFO: Episode 110, Ave step reward -2.2730000000000095
2026-08-01 16:26:08,089 / INFO: Episode 190, Ave step reward -119.45710162767641
2026-08-01 16:26:08,600 / INFO: Episode 160, Ave step reward -2.2190000000000087
2026-08-01 16:26:10,926 / INFO: Episode 150, Ave step reward -2.233500000000009
2026-08-01 16:26:11,100 / INFO: Episode 310, Ave step reward -0.009000000000000001
2026-08-01 16:26:14,126 / INFO: Episode 130, Ave step reward -2.4370000000000105
2026-08-01 16:26:15,165 / INFO: Episode 40, Ave step reward -2.36200000000001
2026-08-01 16:26:17,174 / INFO: Episode 210, Ave step reward -0.019500000000000003
2026-08-01 16:26:20,948 / INFO: Episode 60, Ave step reward -2.4150000000000102
2026-08-01 16:26:22,093 / INFO: Episode 160, Ave step reward -118.71256109362625
2026-08-01 16:26:24,205 / INFO: Episode 120, Ave step reward -2.35950000000001
2026-08-01 16:26:24,438 / INFO: Episode 250, Ave step reward -2.3850000000000104
2026-08-01 16:26:25,044 / INFO: Episode 170, Ave step reward -2.217500000000009
2026-08-01 16:26:27,071 / INFO: Episode 200, Ave step reward -118.6148476012182
2026-08-01 16:26:27,704 / INFO: Episode 160, Ave step reward -2.2085000000000092
2026-08-01 16:26:28,745 / INFO: Episode 320, Ave step reward -0.0125
2026-08-01 16:26:30,667 / INFO: Episode 140, Ave step reward -2.239000000000009
2026-08-01 16:26:31,293 / INFO: Episode 50, Ave step reward -2.283500000000009
2026-08-01 16:26:35,550 / INFO: Episode 220, Ave step reward -0.006999999999999999
2026-08-01 16:26:37,736 / INFO: Episode 70, Ave step reward -2.33600000000001
2026-08-01 16:26:41,335 / INFO: Episode 170, Ave step reward -117.1523767026094
2026-08-01 16:26:41,615 / INFO: Episode 130, Ave step reward -2.246000000000009
2026-08-01 16:26:41,684 / INFO: Episode 260, Ave step reward -2.3020000000000094
2026-08-01 16:26:42,026 / INFO: Episode 180, Ave step reward -2.251500000000009
2026-08-01 16:26:44,452 / INFO: Episode 170, Ave step reward -2.31300000000001
2026-08-01 16:26:46,709 / INFO: Episode 210, Ave step reward -120.45557988344511
2026-08-01 16:26:46,947 / INFO: Episode 330, Ave step reward -0.009000000000000001
2026-08-01 16:26:47,414 / INFO: Episode 60, Ave step reward -2.3035000000000094
2026-08-01 16:26:47,520 / INFO: Episode 150, Ave step reward -2.1110000000000086
2026-08-01 16:26:52,845 / INFO: Episode 230, Ave step reward -0.019500000000000003
2026-08-01 16:26:53,744 / INFO: Episode 80, Ave step reward -2.255000000000009
2026-08-01 16:26:57,567 / INFO: Episode 270, Ave step reward -2.1615000000000086
2026-08-01 16:26:57,749 / INFO: Episode 140, Ave step reward -2.2570000000000094
2026-08-01 16:26:57,961 / INFO: Episode 190, Ave step reward -2.098500000000008
2026-08-01 16:26:59,807 / INFO: Episode 180, Ave step reward -2.36850000000001
2026-08-01 16:27:00,384 / INFO: Episode 180, Ave step reward -119.9129389531673
2026-08-01 16:27:02,997 / INFO: Episode 70, Ave step reward -2.33400000000001
2026-08-01 16:27:04,039 / INFO: Episode 160, Ave step reward -2.40100000000001
2026-08-01 16:27:04,909 / INFO: Episode 340, Ave step reward -0.009000000000000001
2026-08-01 16:27:05,171 / INFO: Episode 220, Ave step reward -121.66735461467565
2026-08-01 16:27:10,241 / INFO: Episode 90, Ave step reward -2.2585000000000095
2026-08-01 16:27:10,375 / INFO: Episode 240, Ave step reward 0.0
2026-08-01 16:27:14,271 / INFO: Episode 150, Ave step reward -2.2805000000000093
2026-08-01 16:27:14,774 / INFO: Episode 280, Ave step reward -2.2625000000000095
2026-08-01 16:27:14,907 / INFO: Episode 200, Ave step reward -2.2445000000000093
2026-08-01 16:27:16,677 / INFO: Episode 190, Ave step reward -2.217500000000009
2026-08-01 16:27:18,924 / INFO: Episode 80, Ave step reward -2.40750000000001
2026-08-01 16:27:19,300 / INFO: Episode 190, Ave step reward -119.13972956659795
2026-08-01 16:27:20,883 / INFO: Episode 170, Ave step reward -2.2410000000000094
2026-08-01 16:27:22,856 / INFO: Episode 350, Ave step reward -0.009000000000000001
2026-08-01 16:27:23,813 / INFO: Episode 230, Ave step reward -120.16795683456465
2026-08-01 16:27:26,615 / INFO: Episode 100, Ave step reward -2.226000000000009
2026-08-01 16:27:27,639 / INFO: Episode 250, Ave step reward -0.0034999999999999996
2026-08-01 16:27:30,658 / INFO: Episode 160, Ave step reward -2.2460000000000093
2026-08-01 16:27:30,722 / INFO: Episode 290, Ave step reward -2.2680000000000096
2026-08-01 16:27:31,197 / INFO: Episode 210, Ave step reward -2.2030000000000087
2026-08-01 16:27:32,828 / INFO: Episode 200, Ave step reward -2.2405000000000093
2026-08-01 16:27:35,989 / INFO: Episode 90, Ave step reward -2.3625000000000096
2026-08-01 16:27:37,514 / INFO: Episode 180, Ave step reward -2.2875000000000094
2026-08-01 16:27:38,610 / INFO: Episode 200, Ave step reward -119.24431948698691
2026-08-01 16:27:40,400 / INFO: Episode 360, Ave step reward -0.009000000000000001
2026-08-01 16:27:42,976 / INFO: Episode 110, Ave step reward -2.503500000000011
2026-08-01 16:27:43,074 / INFO: Episode 240, Ave step reward -121.68944481519856
2026-08-01 16:27:44,944 / INFO: Episode 260, Ave step reward -0.0125
2026-08-01 16:27:46,907 / INFO: Episode 300, Ave step reward -2.2445000000000093
2026-08-01 16:27:46,966 / INFO: Episode 220, Ave step reward -2.3040000000000096
2026-08-01 16:27:47,285 / INFO: Episode 170, Ave step reward -2.1650000000000085
2026-08-01 16:27:48,727 / INFO: Episode 210, Ave step reward -2.37050000000001
2026-08-01 16:27:52,181 / INFO: Episode 100, Ave step reward -2.1595000000000084
2026-08-01 16:27:54,132 / INFO: Episode 190, Ave step reward -2.2355000000000094
2026-08-01 16:27:57,907 / INFO: Episode 210, Ave step reward -120.74143770104328
2026-08-01 16:27:58,886 / INFO: Episode 370, Ave step reward -0.009000000000000001
2026-08-01 16:27:59,487 / INFO: Episode 120, Ave step reward -2.39700000000001
2026-08-01 16:28:01,714 / INFO: Episode 250, Ave step reward -122.13206831974878
2026-08-01 16:28:02,911 / INFO: Episode 270, Ave step reward -0.009000000000000001
2026-08-01 16:28:03,328 / INFO: Episode 310, Ave step reward -2.34000000000001
2026-08-01 16:28:03,468 / INFO: Episode 180, Ave step reward -2.3290000000000095
2026-08-01 16:28:03,631 / INFO: Episode 230, Ave step reward -2.2895000000000096
2026-08-01 16:28:04,769 / INFO: Episode 220, Ave step reward -2.226500000000009
2026-08-01 16:28:08,429 / INFO: Episode 110, Ave step reward -2.332000000000009
2026-08-01 16:28:10,375 / INFO: Episode 200, Ave step reward -2.3040000000000096
2026-08-01 16:28:16,019 / INFO: Episode 130, Ave step reward -2.4100000000000104
2026-08-01 16:28:16,761 / INFO: Episode 380, Ave step reward -0.009000000000000001
2026-08-01 16:28:17,367 / INFO: Episode 220, Ave step reward -119.62043297526857
2026-08-01 16:28:20,028 / INFO: Episode 320, Ave step reward -2.32200000000001
2026-08-01 16:28:20,459 / INFO: Episode 240, Ave step reward -2.167000000000009
2026-08-01 16:28:20,505 / INFO: Episode 190, Ave step reward -2.178000000000009
2026-08-01 16:28:20,810 / INFO: Episode 260, Ave step reward -122.48806245771758
2026-08-01 16:28:20,826 / INFO: Episode 280, Ave step reward -0.009000000000000001
2026-08-01 16:28:21,856 / INFO: Episode 230, Ave step reward -2.226500000000009
2026-08-01 16:28:24,915 / INFO: Episode 120, Ave step reward -2.3255000000000097
2026-08-01 16:28:27,167 / INFO: Episode 210, Ave step reward -2.221000000000009
2026-08-01 16:28:33,602 / INFO: Episode 140, Ave step reward -2.228000000000009
2026-08-01 16:28:35,321 / INFO: Episode 390, Ave step reward -0.009000000000000001
2026-08-01 16:28:36,763 / INFO: Episode 330, Ave step reward -2.2410000000000094
2026-08-01 16:28:37,286 / INFO: Episode 230, Ave step reward -122.06515704031273
2026-08-01 16:28:37,667 / INFO: Episode 250, Ave step reward -2.2190000000000087
2026-08-01 16:28:37,926 / INFO: Episode 200, Ave step reward -2.2965000000000093
2026-08-01 16:28:38,477 / INFO: Episode 240, Ave step reward -2.2965000000000093
2026-08-01 16:28:38,743 / INFO: Episode 290, Ave step reward -0.0125
2026-08-01 16:28:40,863 / INFO: Episode 270, Ave step reward -122.95185195556697
2026-08-01 16:28:41,549 / INFO: Episode 130, Ave step reward -2.2405000000000093
2026-08-01 16:28:44,362 / INFO: Episode 220, Ave step reward -2.30750000000001
2026-08-01 16:28:50,708 / INFO: Episode 150, Ave step reward -2.2295000000000087
2026-08-01 16:28:53,899 / INFO: Episode 400, Ave step reward -0.0034999999999999996
2026-08-01 16:28:54,573 / INFO: Episode 340, Ave step reward -2.2140000000000093
2026-08-01 16:28:55,195 / INFO: Episode 260, Ave step reward -2.2590000000000092
2026-08-01 16:28:55,704 / INFO: Episode 210, Ave step reward -2.33800000000001
2026-08-01 16:28:56,530 / INFO: Episode 250, Ave step reward -2.2500000000000093
2026-08-01 16:28:57,248 / INFO: Episode 240, Ave step reward -121.7874841494237
2026-08-01 16:28:57,907 / INFO: Episode 300, Ave step reward -0.0125
2026-08-01 16:28:59,008 / INFO: Episode 140, Ave step reward -2.3470000000000097
2026-08-01 16:29:01,755 / INFO: Episode 280, Ave step reward -120.68791554954102
2026-08-01 16:29:02,295 / INFO: Episode 230, Ave step reward -2.179500000000009
2026-08-01 16:29:08,723 / INFO: Episode 160, Ave step reward -2.36500000000001
2026-08-01 16:29:11,009 / INFO: Episode 350, Ave step reward -2.142000000000009
2026-08-01 16:29:12,200 / INFO: Episode 270, Ave step reward -2.190500000000009
2026-08-01 16:29:12,288 / INFO: Episode 410, Ave step reward -0.009000000000000001
2026-08-01 16:29:13,252 / INFO: Episode 260, Ave step reward -2.4425000000000106
2026-08-01 16:29:13,980 / INFO: Episode 220, Ave step reward -2.2355000000000094
2026-08-01 16:29:15,093 / INFO: Episode 150, Ave step reward -2.1330000000000084
2026-08-01 16:29:16,595 / INFO: Episode 310, Ave step reward -0.009000000000000001
2026-08-01 16:29:16,689 / INFO: Episode 250, Ave step reward -121.92958574547633
2026-08-01 16:29:19,414 / INFO: Episode 240, Ave step reward -2.1705000000000085
2026-08-01 16:29:20,994 / INFO: Episode 290, Ave step reward -122.46501588220009
2026-08-01 16:29:25,565 / INFO: Episode 170, Ave step reward -2.2605000000000093
2026-08-01 16:29:27,206 / INFO: Episode 360, Ave step reward -2.3310000000000097
2026-08-01 16:29:29,246 / INFO: Episode 280, Ave step reward -2.1185000000000085
2026-08-01 16:29:29,783 / INFO: Episode 270, Ave step reward -2.104000000000008
2026-08-01 16:29:30,434 / INFO: Episode 420, Ave step reward -0.009000000000000001
2026-08-01 16:29:30,523 / INFO: Episode 230, Ave step reward -2.1975000000000087
2026-08-01 16:29:32,098 / INFO: Episode 160, Ave step reward -2.064500000000008
2026-08-01 16:29:34,888 / INFO: Episode 320, Ave step reward -0.006999999999999999
2026-08-01 16:29:35,827 / INFO: Episode 260, Ave step reward -120.898190624474
2026-08-01 16:29:35,951 / INFO: Episode 250, Ave step reward -2.0970000000000084
2026-08-01 16:29:40,221 / INFO: Episode 300, Ave step reward -122.70058872056396
2026-08-01 16:29:41,384 / INFO: Episode 180, Ave step reward -2.35600000000001
2026-08-01 16:29:43,809 / INFO: Episode 370, Ave step reward -2.3850000000000104
2026-08-01 16:29:45,428 / INFO: Episode 290, Ave step reward -2.33450000000001
2026-08-01 16:29:45,894 / INFO: Episode 280, Ave step reward -2.142000000000009
2026-08-01 16:29:46,617 / INFO: Episode 240, Ave step reward -2.2410000000000094
2026-08-01 16:29:48,270 / INFO: Episode 170, Ave step reward -2.1615000000000086
2026-08-01 16:29:48,399 / INFO: Episode 430, Ave step reward 0.0
2026-08-01 16:29:52,548 / INFO: Episode 260, Ave step reward -2.3110000000000097
2026-08-01 16:29:53,034 / INFO: Episode 330, Ave step reward -0.009000000000000001
2026-08-01 16:29:55,110 / INFO: Episode 270, Ave step reward -120.49338099338965
2026-08-01 16:29:57,779 / INFO: Episode 190, Ave step reward -2.1325000000000083
2026-08-01 16:29:59,393 / INFO: Episode 310, Ave step reward -122.30696953451746
2026-08-01 16:29:59,936 / INFO: Episode 380, Ave step reward -2.1510000000000087
2026-08-01 16:30:02,207 / INFO: Episode 300, Ave step reward -2.2805000000000093
2026-08-01 16:30:02,727 / INFO: Episode 290, Ave step reward -2.36700000000001
2026-08-01 16:30:02,999 / INFO: Episode 250, Ave step reward -2.28600000000001
2026-08-01 16:30:04,601 / INFO: Episode 180, Ave step reward -2.0230000000000077
2026-08-01 16:30:06,820 / INFO: Episode 440, Ave step reward -0.009000000000000001
2026-08-01 16:30:09,978 / INFO: Episode 270, Ave step reward -2.2445000000000093
2026-08-01 16:30:11,283 / INFO: Episode 340, Ave step reward -0.0125
2026-08-01 16:30:14,759 / INFO: Episode 280, Ave step reward -122.0086046511628
2026-08-01 16:30:14,805 / INFO: Episode 200, Ave step reward -2.2300000000000093
2026-08-01 16:30:18,189 / INFO: Episode 390, Ave step reward -2.2445000000000093
2026-08-01 16:30:20,253 / INFO: Episode 320, Ave step reward -122.09512793892156
2026-08-01 16:30:20,802 / INFO: Episode 310, Ave step reward -2.37950000000001
2026-08-01 16:30:20,823 / INFO: Episode 300, Ave step reward -2.2625000000000095
2026-08-01 16:30:21,705 / INFO: Episode 260, Ave step reward -2.4570000000000105
2026-08-01 16:30:22,948 / INFO: Episode 190, Ave step reward -2.30750000000001
2026-08-01 16:30:26,416 / INFO: Episode 450, Ave step reward 0.0
2026-08-01 16:30:28,561 / INFO: Episode 280, Ave step reward -2.1510000000000087
2026-08-01 16:30:31,516 / INFO: Episode 350, Ave step reward -0.009000000000000001
2026-08-01 16:30:33,123 / INFO: Episode 210, Ave step reward -2.2030000000000087
2026-08-01 16:30:35,002 / INFO: Episode 290, Ave step reward -122.44795194452355
2026-08-01 16:30:35,976 / INFO: Episode 400, Ave step reward -2.0825000000000085
2026-08-01 16:30:37,724 / INFO: Episode 310, Ave step reward -2.2895000000000096
2026-08-01 16:30:38,862 / INFO: Episode 270, Ave step reward -2.3270000000000097
2026-08-01 16:30:39,130 / INFO: Episode 320, Ave step reward -2.30750000000001
2026-08-01 16:30:39,218 / INFO: Episode 330, Ave step reward -123.32679945054944
2026-08-01 16:30:39,631 / INFO: Episode 200, Ave step reward -2.160000000000009
2026-08-01 16:30:44,119 / INFO: Episode 460, Ave step reward -0.009000000000000001
2026-08-01 16:30:45,822 / INFO: Episode 290, Ave step reward -2.30200000000001
2026-08-01 16:30:49,633 / INFO: Episode 360, Ave step reward -0.009000000000000001
2026-08-01 16:30:50,119 / INFO: Episode 220, Ave step reward -2.33450000000001
2026-08-01 16:30:52,237 / INFO: Episode 410, Ave step reward -2.2950000000000097
2026-08-01 16:30:52,766 / INFO: RL utililty: -2470.9703322411137
2026-08-01 16:30:54,436 / INFO: Episode 300, Ave step reward -121.78084745762712
2026-08-01 16:30:54,551 / INFO: Episode 320, Ave step reward -2.1005000000000082
2026-08-01 16:30:55,541 / INFO: Episode 330, Ave step reward -2.37600000000001
2026-08-01 16:30:55,771 / INFO: Episode 280, Ave step reward -2.2770000000000095
2026-08-01 16:30:56,491 / INFO: Episode 210, Ave step reward -2.4460000000000104
2026-08-01 16:30:58,671 / INFO: Episode 340, Ave step reward -122.71707561334014
2026-08-01 16:31:01,510 / INFO: Episode 470, Ave step reward 0.0
2026-08-01 16:31:02,910 / INFO: Episode 300, Ave step reward -2.1185000000000085
2026-08-01 16:31:06,977 / INFO: Episode 230, Ave step reward -2.217500000000009
2026-08-01 16:31:07,932 / INFO: Episode 370, Ave step reward 0.0
2026-08-01 16:31:08,845 / INFO: Episode 420, Ave step reward -2.232000000000009
2026-08-01 16:31:12,015 / INFO: Episode 340, Ave step reward -2.34000000000001
2026-08-01 16:31:12,147 / INFO: Episode 330, Ave step reward -2.2680000000000096
2026-08-01 16:31:12,393 / INFO: Episode 290, Ave step reward -2.2715000000000094
2026-08-01 16:31:12,609 / INFO: Episode 220, Ave step reward -2.2680000000000096
2026-08-01 16:31:12,740 / INFO: Episode 310, Ave step reward -122.78112362041782
2026-08-01 16:31:17,651 / INFO: Episode 350, Ave step reward -122.76027616279069
2026-08-01 16:31:19,596 / INFO: Episode 310, Ave step reward -2.1940000000000093
2026-08-01 16:31:20,373 / INFO: Episode 480, Ave step reward -0.009000000000000001
2026-08-01 16:31:23,859 / INFO: Episode 240, Ave step reward -2.251500000000009
2026-08-01 16:31:25,446 / INFO: Episode 380, Ave step reward -0.009000000000000001
2026-08-01 16:31:25,647 / INFO: Episode 430, Ave step reward -2.34000000000001
2026-08-01 16:31:28,429 / INFO: Episode 340, Ave step reward -2.2715000000000094
2026-08-01 16:31:29,268 / INFO: Episode 230, Ave step reward -2.232000000000009
2026-08-01 16:31:29,627 / INFO: Episode 300, Ave step reward -2.2410000000000094
2026-08-01 16:31:29,636 / INFO: Episode 350, Ave step reward -2.2500000000000093
2026-08-01 16:31:31,757 / INFO: Episode 320, Ave step reward -122.75376300716813
2026-08-01 16:31:37,047 / INFO: Episode 320, Ave step reward -2.36700000000001
2026-08-01 16:31:37,876 / INFO: Episode 360, Ave step reward -122.82
2026-08-01 16:31:38,838 / INFO: Episode 490, Ave step reward -0.009000000000000001
2026-08-01 16:31:41,813 / INFO: Episode 250, Ave step reward -2.33800000000001
2026-08-01 16:31:42,307 / INFO: Episode 440, Ave step reward -2.190500000000009
2026-08-01 16:31:43,577 / INFO: Episode 390, Ave step reward -0.009000000000000001
2026-08-01 16:31:44,808 / INFO: Episode 350, Ave step reward -2.32200000000001
2026-08-01 16:31:46,231 / INFO: Episode 240, Ave step reward -2.30750000000001
2026-08-01 16:31:47,079 / INFO: Episode 310, Ave step reward -2.223000000000009
2026-08-01 16:31:47,551 / INFO: Episode 360, Ave step reward -2.178000000000009
2026-08-01 16:31:51,262 / INFO: Episode 330, Ave step reward -122.2683284883721
2026-08-01 16:31:53,691 / INFO: Episode 330, Ave step reward -2.31300000000001
2026-08-01 16:31:56,840 / INFO: Episode 370, Ave step reward -123.2090407134863
2026-08-01 16:31:57,367 / INFO: Episode 500, Ave step reward -0.009000000000000001
2026-08-01 16:31:58,634 / INFO: Episode 450, Ave step reward -2.3040000000000096
2026-08-01 16:31:58,874 / INFO: Episode 260, Ave step reward -2.2355000000000094
2026-08-01 16:32:00,935 / INFO: Episode 400, Ave step reward -0.009000000000000001
2026-08-01 16:32:02,230 / INFO: Episode 360, Ave step reward -2.169000000000009
2026-08-01 16:32:02,332 / INFO: Episode 250, Ave step reward -2.073500000000008
2026-08-01 16:32:03,977 / INFO: Episode 320, Ave step reward -2.4155000000000104
2026-08-01 16:32:05,342 / INFO: Episode 370, Ave step reward -2.187000000000009
2026-08-01 16:32:11,479 / INFO: Episode 340, Ave step reward -123.2269260737784
2026-08-01 16:32:11,604 / INFO: Episode 340, Ave step reward -2.194000000000009
2026-08-01 16:32:16,312 / INFO: Episode 460, Ave step reward -2.3040000000000096
2026-08-01 16:32:16,903 / INFO: Episode 270, Ave step reward -2.2085000000000092
2026-08-01 16:32:16,916 / INFO: Episode 380, Ave step reward -123.18974126293686
2026-08-01 16:32:20,070 / INFO: Episode 370, Ave step reward -2.2680000000000096
2026-08-01 16:32:20,104 / INFO: Episode 410, Ave step reward -0.009000000000000001
2026-08-01 16:32:20,112 / INFO: Episode 260, Ave step reward -2.223000000000009
2026-08-01 16:32:21,432 / INFO: Episode 330, Ave step reward -2.205000000000009
2026-08-01 16:32:23,418 / INFO: Episode 380, Ave step reward -2.253500000000009
2026-08-01 16:32:29,247 / INFO: Episode 350, Ave step reward -2.142000000000009
2026-08-01 16:32:31,671 / INFO: Episode 350, Ave step reward -122.47694613089114
2026-08-01 16:32:33,306 / INFO: Episode 470, Ave step reward -2.178000000000009
2026-08-01 16:32:34,360 / INFO: Episode 280, Ave step reward -2.190500000000009
2026-08-01 16:32:36,253 / INFO: Episode 390, Ave step reward -122.57707561334014
2026-08-01 16:32:36,678 / INFO: Episode 380, Ave step reward -2.2140000000000093
2026-08-01 16:32:37,094 / INFO: Episode 270, Ave step reward -2.010500000000008
2026-08-01 16:32:38,131 / INFO: Episode 420, Ave step reward -0.009000000000000001
2026-08-01 16:32:38,670 / INFO: Episode 340, Ave step reward -2.33450000000001
2026-08-01 16:32:41,111 / INFO: Episode 390, Ave step reward -2.36700000000001
2026-08-01 16:32:47,220 / INFO: Episode 360, Ave step reward -2.3255000000000097
2026-08-01 16:32:50,487 / INFO: Episode 480, Ave step reward -2.0700000000000083
2026-08-01 16:32:51,479 / INFO: Episode 360, Ave step reward -122.7005523255814
2026-08-01 16:32:51,755 / INFO: Episode 290, Ave step reward -2.2805000000000093
2026-08-01 16:32:54,002 / INFO: Episode 390, Ave step reward -2.169000000000009
2026-08-01 16:32:54,625 / INFO: Episode 280, Ave step reward -2.212000000000009
2026-08-01 16:32:55,952 / INFO: Episode 400, Ave step reward -123.15834745762712
2026-08-01 16:32:56,272 / INFO: Episode 350, Ave step reward -2.199500000000009
2026-08-01 16:32:57,008 / INFO: Episode 430, Ave step reward -0.009000000000000001
2026-08-01 16:32:58,530 / INFO: Episode 400, Ave step reward -2.3165000000000098
2026-08-01 16:33:05,006 / INFO: Episode 370, Ave step reward -2.30750000000001
2026-08-01 16:33:07,970 / INFO: Episode 490, Ave step reward -2.31300000000001
2026-08-01 16:33:09,281 / INFO: Episode 300, Ave step reward -2.2590000000000092
2026-08-01 16:33:10,996 / INFO: Episode 400, Ave step reward -2.2590000000000092
2026-08-01 16:33:11,327 / INFO: Episode 370, Ave step reward -123.0410989010989
2026-08-01 16:33:11,764 / INFO: Episode 290, Ave step reward -2.187000000000009
2026-08-01 16:33:13,919 / INFO: Episode 360, Ave step reward -2.187000000000009
2026-08-01 16:33:16,005 / INFO: Episode 440, Ave step reward -0.009000000000000001
2026-08-01 16:33:16,739 / INFO: Episode 410, Ave step reward -122.6052761627907
2026-08-01 16:33:17,063 / INFO: Episode 410, Ave step reward -2.32200000000001
2026-08-01 16:33:23,952 / INFO: Episode 380, Ave step reward -2.2715000000000094
2026-08-01 16:33:25,994 / INFO: Episode 500, Ave step reward -2.2680000000000096
2026-08-01 16:33:28,084 / INFO: Episode 310, Ave step reward -2.1455000000000086
2026-08-01 16:33:29,023 / INFO: Episode 410, Ave step reward -2.28600000000001
2026-08-01 16:33:29,820 / INFO: Episode 300, Ave step reward -2.3020000000000094
2026-08-01 16:33:31,714 / INFO: Episode 380, Ave step reward -122.65169491525423
2026-08-01 16:33:32,458 / INFO: Episode 370, Ave step reward -2.205000000000009
2026-08-01 16:33:35,021 / INFO: Episode 420, Ave step reward -2.190500000000009
2026-08-01 16:33:35,630 / INFO: Episode 450, Ave step reward -0.009000000000000001
2026-08-01 16:33:37,450 / INFO: Episode 420, Ave step reward -123.265
2026-08-01 16:33:42,310 / INFO: Episode 390, Ave step reward -2.28600000000001
2026-08-01 16:33:45,553 / INFO: Episode 320, Ave step reward -2.2085000000000092
2026-08-01 16:33:46,728 / INFO: Episode 420, Ave step reward -2.2410000000000094
2026-08-01 16:33:47,635 / INFO: Episode 310, Ave step reward -2.142000000000009
2026-08-01 16:33:50,629 / INFO: Episode 380, Ave step reward -2.0700000000000083
2026-08-01 16:33:52,777 / INFO: Episode 390, Ave step reward -122.971816876277
2026-08-01 16:33:53,454 / INFO: Episode 430, Ave step reward -2.2590000000000092
2026-08-01 16:33:55,756 / INFO: Episode 460, Ave step reward -0.0125
2026-08-01 16:33:58,104 / INFO: Episode 430, Ave step reward -123.595
2026-08-01 16:34:00,249 / INFO: Episode 400, Ave step reward -2.169000000000009
2026-08-01 16:34:03,735 / INFO: Episode 330, Ave step reward -2.37950000000001
2026-08-01 16:34:04,361 / INFO: Episode 430, Ave step reward -2.2770000000000095
2026-08-01 16:34:05,290 / INFO: Episode 320, Ave step reward -2.163500000000009
2026-08-01 16:34:08,412 / INFO: Episode 390, Ave step reward -2.205000000000009
2026-08-01 16:34:11,209 / INFO: Episode 440, Ave step reward -2.232000000000009
2026-08-01 16:34:13,065 / INFO: Episode 400, Ave step reward -123.01944613089114
2026-08-01 16:34:15,333 / INFO: Episode 470, Ave step reward -0.009000000000000001
2026-08-01 16:34:18,734 / INFO: Episode 410, Ave step reward -2.4030000000000102
2026-08-01 16:34:19,152 / INFO: Episode 440, Ave step reward -123.58096941864987
2026-08-01 16:34:22,400 / INFO: Episode 440, Ave step reward -2.36150000000001
2026-08-01 16:34:22,442 / INFO: Episode 340, Ave step reward -2.1760000000000086
2026-08-01 16:34:24,002 / INFO: Episode 330, Ave step reward -2.3040000000000096
2026-08-01 16:34:27,079 / INFO: Episode 400, Ave step reward -2.3850000000000104
2026-08-01 16:34:30,177 / INFO: Episode 450, Ave step reward -2.1150000000000087
2026-08-01 16:34:34,137 / INFO: Episode 410, Ave step reward -123.3
2026-08-01 16:34:34,645 / INFO: Episode 480, Ave step reward -0.009000000000000001
2026-08-01 16:34:36,534 / INFO: Episode 420, Ave step reward -2.2140000000000093
2026-08-01 16:34:39,564 / INFO: Episode 450, Ave step reward -123.355
2026-08-01 16:34:40,024 / INFO: Episode 450, Ave step reward -2.3310000000000097
2026-08-01 16:34:40,781 / INFO: Episode 350, Ave step reward -2.2770000000000095
2026-08-01 16:34:42,358 / INFO: Episode 340, Ave step reward -2.2410000000000094
2026-08-01 16:34:45,218 / INFO: Episode 410, Ave step reward -2.169000000000009
2026-08-01 16:34:48,679 / INFO: Episode 460, Ave step reward -2.34900000000001
2026-08-01 16:34:54,010 / INFO: Episode 420, Ave step reward -123.34
2026-08-01 16:34:54,473 / INFO: Episode 490, Ave step reward -0.009000000000000001
2026-08-01 16:34:55,058 / INFO: Episode 430, Ave step reward -2.32200000000001
2026-08-01 16:34:57,591 / INFO: Episode 460, Ave step reward -2.34000000000001
2026-08-01 16:34:58,623 / INFO: Episode 360, Ave step reward -2.4120000000000106
2026-08-01 16:34:59,945 / INFO: Episode 460, Ave step reward -123.49679945054945
2026-08-01 16:35:00,189 / INFO: Episode 350, Ave step reward -2.1510000000000087
2026-08-01 16:35:03,290 / INFO: Episode 420, Ave step reward -2.160000000000009
2026-08-01 16:35:06,701 / INFO: Episode 470, Ave step reward -2.34900000000001
2026-08-01 16:35:13,128 / INFO: Episode 440, Ave step reward -2.2590000000000092
2026-08-01 16:35:14,260 / INFO: Episode 430, Ave step reward -123.57
2026-08-01 16:35:14,349 / INFO: Episode 500, Ave step reward -0.0125
2026-08-01 16:35:15,402 / INFO: Episode 470, Ave step reward -2.34900000000001
2026-08-01 16:35:17,073 / INFO: Episode 370, Ave step reward -2.1005000000000082
2026-08-01 16:35:19,070 / INFO: Episode 360, Ave step reward -2.1185000000000085
2026-08-01 16:35:20,895 / INFO: Episode 470, Ave step reward -122.9855523255814
2026-08-01 16:35:21,382 / INFO: Episode 430, Ave step reward -2.28600000000001
2026-08-01 16:35:25,222 / INFO: Episode 480, Ave step reward -2.2715000000000094
2026-08-01 16:35:30,816 / INFO: Episode 450, Ave step reward -2.223000000000009
2026-08-01 16:35:33,247 / INFO: Episode 480, Ave step reward -2.32200000000001
2026-08-01 16:35:34,466 / INFO: Episode 440, Ave step reward -123.2025
2026-08-01 16:35:35,187 / INFO: Episode 380, Ave step reward -2.2770000000000095
2026-08-01 16:35:37,304 / INFO: Episode 370, Ave step reward -2.2950000000000097
2026-08-01 16:35:39,594 / INFO: Episode 440, Ave step reward -2.4300000000000104
2026-08-01 16:35:42,018 / INFO: Episode 480, Ave step reward -123.26679945054944
2026-08-01 16:35:43,104 / INFO: Episode 490, Ave step reward -2.2680000000000096
2026-08-01 16:35:49,075 / INFO: Episode 460, Ave step reward -2.2140000000000093
2026-08-01 16:35:51,159 / INFO: Episode 490, Ave step reward -2.34900000000001
2026-08-01 16:35:53,598 / INFO: Episode 390, Ave step reward -2.248000000000009
2026-08-01 16:35:54,283 / INFO: Episode 450, Ave step reward -122.72084745762712
2026-08-01 16:35:55,676 / INFO: Episode 380, Ave step reward -2.178000000000009
2026-08-01 16:35:58,039 / INFO: Episode 450, Ave step reward -2.2140000000000093
2026-08-01 16:36:01,473 / INFO: Episode 500, Ave step reward -2.178000000000009
2026-08-01 16:36:02,835 / INFO: Episode 490, Ave step reward -123.01778761061946
2026-08-01 16:36:07,447 / INFO: Episode 470, Ave step reward -2.205000000000009
2026-08-01 16:36:09,494 / INFO: Episode 500, Ave step reward -2.3165000000000098
2026-08-01 16:36:12,311 / INFO: Episode 400, Ave step reward -2.34000000000001
2026-08-01 16:36:14,466 / INFO: Episode 390, Ave step reward -2.2680000000000096
2026-08-01 16:36:15,405 / INFO: Episode 460, Ave step reward -123.1375
2026-08-01 16:36:17,052 / INFO: Episode 460, Ave step reward -2.35800000000001
2026-08-01 16:36:24,726 / INFO: Episode 500, Ave step reward -123.65
2026-08-01 16:36:26,117 / INFO: Episode 480, Ave step reward -2.1060000000000083
2026-08-01 16:36:28,813 / INFO: Non-strategic (Uniform) utility: -2427.175107527674
2026-08-01 16:36:31,753 / INFO: Episode 410, Ave step reward -2.2410000000000094
2026-08-01 16:36:33,783 / INFO: Episode 400, Ave step reward -2.2680000000000096
2026-08-01 16:36:36,389 / INFO: Episode 470, Ave step reward -2.217500000000009
2026-08-01 16:36:37,244 / INFO: Episode 470, Ave step reward -123.58889380530974
2026-08-01 16:36:45,249 / INFO: Episode 490, Ave step reward -2.187000000000009
2026-08-01 16:36:51,223 / INFO: Episode 420, Ave step reward -2.169000000000009
2026-08-01 16:36:52,471 / INFO: Episode 410, Ave step reward -2.2410000000000094
2026-08-01 16:36:54,500 / INFO: Episode 480, Ave step reward -2.32200000000001
2026-08-01 16:36:58,950 / INFO: Episode 480, Ave step reward -123.1775
2026-08-01 16:37:03,752 / INFO: Episode 500, Ave step reward -2.2140000000000093
2026-08-01 16:37:09,642 / INFO: Episode 430, Ave step reward -2.142000000000009
2026-08-01 16:37:11,350 / INFO: Episode 420, Ave step reward -2.28600000000001
2026-08-01 16:37:13,740 / INFO: Episode 490, Ave step reward -2.205000000000009
2026-08-01 16:37:21,179 / INFO: Episode 490, Ave step reward -123.54
2026-08-01 16:37:28,562 / INFO: Episode 440, Ave step reward -2.2680000000000096
2026-08-01 16:37:30,645 / INFO: Episode 430, Ave step reward -2.1725000000000088
2026-08-01 16:37:32,641 / INFO: Episode 500, Ave step reward -2.2140000000000093
2026-08-01 16:37:37,750 / INFO: RL utililty: -2.5307999999999997
2026-08-01 16:37:42,570 / INFO: Episode 500, Ave step reward -123.55
2026-08-01 16:37:47,835 / INFO: Episode 450, Ave step reward -2.2445000000000093
2026-08-01 16:37:49,529 / INFO: Episode 440, Ave step reward -2.35800000000001
2026-08-01 16:38:06,364 / INFO: Episode 460, Ave step reward -2.3310000000000097
2026-08-01 16:38:07,651 / INFO: Episode 450, Ave step reward -2.196000000000009
2026-08-01 16:38:19,184 / INFO: RL utililty: -43.22505527995315
2026-08-01 16:38:24,945 / INFO: Episode 470, Ave step reward -2.232000000000009
2026-08-01 16:38:26,097 / INFO: Episode 460, Ave step reward -2.34900000000001
2026-08-01 16:38:44,102 / INFO: Episode 480, Ave step reward -2.2770000000000095
2026-08-01 16:38:45,087 / INFO: Episode 470, Ave step reward -2.2590000000000092
2026-08-01 16:39:03,285 / INFO: Episode 490, Ave step reward -2.2140000000000093
2026-08-01 16:39:04,555 / INFO: Episode 480, Ave step reward -2.2140000000000093
2026-08-01 16:39:22,156 / INFO: Episode 500, Ave step reward -2.169000000000009
2026-08-01 16:39:23,740 / INFO: Episode 490, Ave step reward -2.36150000000001
2026-08-01 16:39:38,351 / INFO: RL utililty: -44.887327697461316
2026-08-01 16:39:42,357 / INFO: Episode 500, Ave step reward -2.187000000000009
2026-08-01 16:40:34,615 / INFO: RL utililty: -43.19279930704798
2026-08-01 16:40:40,072 / INFO: RL utililty: -2.6060400000000015
2026-08-01 16:40:41,682 / INFO: RL utililty: -42.234961212641146
2026-08-01 16:41:26,309 / INFO: Non-strategic (Uniform) utility: -42.90222861667866
2026-08-01 16:41:41,288 / INFO: RL utililty: -42.767434353433494
2026-08-01 16:41:45,255 / INFO: Non-strategic (Uniform) utility: -2.6812800000000028
attack-9-1_1
2026-08-01 16:42:02,959 / INFO: Episode 30, Ave step reward -101.11764305649109
2026-08-01 16:42:06,912 / INFO: RL utililty: -42.93244785554311
2026-08-01 16:42:19,884 / INFO: Episode 40, Ave step reward -96.66935605914074
2026-08-01 16:42:34,085 / INFO: RL utililty: -2472.8164279991706
2026-08-01 16:42:37,309 / INFO: Episode 50, Ave step reward -88.70207005459895
2026-08-01 16:42:40,615 / INFO: Non-strategic (Uniform) utility: -42.75882057863284
2026-08-01 16:42:54,525 / INFO: Episode 60, Ave step reward -90.70098839502465
2026-08-01 16:43:12,660 / INFO: Episode 70, Ave step reward -109.77288786299887
2026-08-01 16:43:30,584 / INFO: Episode 80, Ave step reward -113.64431084200905
2026-08-01 16:43:42,513 / INFO: Non-strategic (Uniform) utility: -42.29746545594852
attack-12-0_1
2026-08-01 16:43:48,790 / INFO: Episode 90, Ave step reward -111.5231386952753
2026-08-01 16:43:49,946 / INFO: Non-strategic (Uniform) utility: -43.15345084885584
2026-08-01 16:43:52,367 / INFO: RL utililty: -2472.334125926552
2026-08-01 16:43:59,065 / INFO: RL utililty: -42.928684772171536
2026-08-01 16:44:00,476 / INFO: Episode 30, Ave step reward -101.8656531716524
2026-08-01 16:44:07,701 / INFO: Episode 100, Ave step reward -113.75669538187252
2026-08-01 16:44:16,366 / INFO: RL utililty: -42.68788286435708
2026-08-01 16:44:18,237 / INFO: Episode 40, Ave step reward -106.16774258407253
2026-08-01 16:44:27,170 / INFO: Episode 110, Ave step reward -114.8810874175762
2026-08-01 16:44:36,323 / INFO: Episode 50, Ave step reward -104.8545614927757
2026-08-01 16:44:46,242 / INFO: Non-strategic (Uniform) utility: -2.352959999999996
2026-08-01 16:44:46,784 / INFO: Episode 120, Ave step reward -115.03272207855183
attack-7-1_1
2026-08-01 16:44:50,519 / INFO: Non-strategic (Uniform) utility: -42.796302731683966
attack-13-0_1
2026-08-01 16:44:54,501 / INFO: Episode 60, Ave step reward -107.929652495517
2026-08-01 16:45:04,387 / INFO: Episode 30, Ave step reward -101.96384257302911
2026-08-01 16:45:06,584 / INFO: Episode 130, Ave step reward -116.48399129145362
2026-08-01 16:45:08,779 / INFO: Episode 30, Ave step reward -97.5920202347245
2026-08-01 16:45:12,804 / INFO: Episode 70, Ave step reward -111.5616040848385
2026-08-01 16:45:18,623 / INFO: Non-strategic (Uniform) utility: -42.78894435219543
attack-14-0_1
2026-08-01 16:45:22,503 / INFO: Episode 40, Ave step reward -109.56974851357253
2026-08-01 16:45:25,906 / INFO: Episode 140, Ave step reward -115.79428072819937
2026-08-01 16:45:26,967 / INFO: Episode 40, Ave step reward -106.01782573400875
2026-08-01 16:45:31,869 / INFO: Episode 80, Ave step reward -111.036181378479
2026-08-01 16:45:36,548 / INFO: Episode 30, Ave step reward -99.56918485878293
2026-08-01 16:45:40,839 / INFO: Episode 50, Ave step reward -106.71530757353166
2026-08-01 16:45:45,143 / INFO: Episode 50, Ave step reward -106.48476287292041
2026-08-01 16:45:45,950 / INFO: Episode 150, Ave step reward -117.9492164927542
2026-08-01 16:45:51,005 / INFO: Episode 90, Ave step reward -115.49704934888855
2026-08-01 16:45:54,605 / INFO: Episode 40, Ave step reward -104.87084656309817
2026-08-01 16:45:58,895 / INFO: Episode 60, Ave step reward -110.79397516160316
2026-08-01 16:46:03,271 / INFO: Episode 60, Ave step reward -106.1137093920125
2026-08-01 16:46:06,172 / INFO: Episode 160, Ave step reward -116.22072547592911
2026-08-01 16:46:10,218 / INFO: Episode 100, Ave step reward -112.68807130578494
2026-08-01 16:46:13,023 / INFO: Episode 50, Ave step reward -107.9799627750132
2026-08-01 16:46:16,949 / INFO: Episode 70, Ave step reward -109.48897565050193
2026-08-01 16:46:21,906 / INFO: Episode 70, Ave step reward -111.48440550709167
2026-08-01 16:46:25,808 / INFO: Episode 170, Ave step reward -118.10966894771158
2026-08-01 16:46:29,707 / INFO: Episode 110, Ave step reward -114.30728470300068
2026-08-01 16:46:31,511 / INFO: Episode 60, Ave step reward -109.90665406361994
2026-08-01 16:46:36,048 / INFO: Episode 80, Ave step reward -108.97313419144879
2026-08-01 16:46:40,849 / INFO: Episode 80, Ave step reward -111.65887216331905
2026-08-01 16:46:46,071 / INFO: Episode 180, Ave step reward -118.41236891925955
2026-08-01 16:46:49,348 / INFO: Episode 120, Ave step reward -113.23964268486522
2026-08-01 16:46:49,994 / INFO: Episode 70, Ave step reward -111.79745504642737
2026-08-01 16:46:54,897 / INFO: Episode 90, Ave step reward -110.52259511668234
2026-08-01 16:46:59,744 / INFO: Episode 90, Ave step reward -112.04051927550726
2026-08-01 16:47:06,313 / INFO: Episode 190, Ave step reward -118.7709025915649
2026-08-01 16:47:08,773 / INFO: Episode 130, Ave step reward -114.35127552217935
2026-08-01 16:47:08,997 / INFO: Episode 80, Ave step reward -112.39037910065426
2026-08-01 16:47:13,148 / INFO: Non-strategic (Uniform) utility: -42.52400684650821
attack-15-0_1
2026-08-01 16:47:14,555 / INFO: Episode 100, Ave step reward -113.77120657414292
2026-08-01 16:47:19,142 / INFO: Episode 100, Ave step reward -113.89495762551346
2026-08-01 16:47:26,678 / INFO: Episode 200, Ave step reward -118.64965387077035
2026-08-01 16:47:28,052 / INFO: Episode 140, Ave step reward -118.13239544402954
2026-08-01 16:47:28,119 / INFO: Episode 90, Ave step reward -112.59308216117111
2026-08-01 16:47:31,036 / INFO: Non-strategic (Uniform) utility: -42.75531714683782
2026-08-01 16:47:31,231 / INFO: Non-strategic (Uniform) utility: -2427.002634188308
2026-08-01 16:47:31,589 / INFO: Episode 30, Ave step reward -105.30665386740885
attack-5-1_1
2026-08-01 16:47:33,416 / INFO: Episode 110, Ave step reward -114.8509160520044
defend-4-1_1
2026-08-01 16:47:37,838 / INFO: Episode 110, Ave step reward -115.09531122140541
2026-08-01 16:47:45,961 / INFO: Episode 100, Ave step reward -113.73151052263219
2026-08-01 16:47:46,074 / INFO: Episode 210, Ave step reward -120.88369174571181
2026-08-01 16:47:46,957 / INFO: Episode 150, Ave step reward -118.76091977124725
2026-08-01 16:47:48,950 / INFO: Episode 40, Ave step reward -103.97512660094858
2026-08-01 16:47:50,650 / INFO: Episode 30, Ave step reward -2.2765000000000093
2026-08-01 16:47:51,228 / INFO: Episode 120, Ave step reward -117.15728468232541
2026-08-01 16:47:54,916 / INFO: Episode 30, Ave step reward -105.54283336003301
2026-08-01 16:47:56,138 / INFO: Episode 120, Ave step reward -114.10450180688642
2026-08-01 16:48:03,684 / INFO: Episode 110, Ave step reward -116.48706393607137
2026-08-01 16:48:04,601 / INFO: Episode 220, Ave step reward -120.52265966923298
2026-08-01 16:48:04,748 / INFO: Episode 160, Ave step reward -117.82313266859656
2026-08-01 16:48:06,156 / INFO: Episode 50, Ave step reward -108.90307857870108
2026-08-01 16:48:07,155 / INFO: Episode 40, Ave step reward -2.3445000000000094
2026-08-01 16:48:08,881 / INFO: Episode 130, Ave step reward -115.46604069671133
2026-08-01 16:48:13,484 / INFO: Episode 40, Ave step reward -105.30481425033491
2026-08-01 16:48:13,929 / INFO: Episode 130, Ave step reward -115.84019501044656
2026-08-01 16:48:21,003 / INFO: Episode 120, Ave step reward -114.535433690397
2026-08-01 16:48:23,155 / INFO: Episode 170, Ave step reward -119.13235904904695
2026-08-01 16:48:23,404 / INFO: Episode 60, Ave step reward -111.1671583185551
2026-08-01 16:48:23,655 / INFO: Episode 230, Ave step reward -120.24366657072315
2026-08-01 16:48:23,918 / INFO: Episode 50, Ave step reward -2.2315000000000094
2026-08-01 16:48:27,648 / INFO: Episode 140, Ave step reward -117.03881242513071
2026-08-01 16:48:32,697 / INFO: Episode 140, Ave step reward -113.70244511050223
2026-08-01 16:48:33,244 / INFO: Episode 50, Ave step reward -108.135198303056
2026-08-01 16:48:39,776 / INFO: Episode 130, Ave step reward -118.87750965579114
2026-08-01 16:48:41,240 / INFO: Episode 70, Ave step reward -110.59952490970358
2026-08-01 16:48:41,485 / INFO: Episode 60, Ave step reward -2.36450000000001
2026-08-01 16:48:41,632 / INFO: Episode 180, Ave step reward -118.2248241975919
2026-08-01 16:48:43,268 / INFO: Episode 240, Ave step reward -121.97477322108318
2026-08-01 16:48:46,002 / INFO: Episode 150, Ave step reward -116.20666602102268
2026-08-01 16:48:51,354 / INFO: Episode 150, Ave step reward -116.30530240496182
2026-08-01 16:48:52,138 / INFO: Episode 60, Ave step reward -109.24035490837417
2026-08-01 16:48:58,932 / INFO: Episode 140, Ave step reward -116.02324865172054
2026-08-01 16:48:59,447 / INFO: Episode 80, Ave step reward -106.6655007493683
2026-08-01 16:48:59,473 / INFO: Episode 70, Ave step reward -2.37000000000001
2026-08-01 16:49:01,037 / INFO: Episode 190, Ave step reward -120.29795506320232
2026-08-01 16:49:02,691 / INFO: Episode 250, Ave step reward -121.0255260477164
2026-08-01 16:49:04,290 / INFO: Episode 160, Ave step reward -119.89224853585297
2026-08-01 16:49:06,327 / INFO: Non-strategic (Uniform) utility: -2427.3199624147005
defend-2-1_1
2026-08-01 16:49:10,057 / INFO: Episode 160, Ave step reward -116.61681270136438
2026-08-01 16:49:12,299 / INFO: Episode 70, Ave step reward -112.22318469726908
2026-08-01 16:49:16,714 / INFO: Episode 80, Ave step reward -2.316000000000009
2026-08-01 16:49:16,864 / INFO: Episode 150, Ave step reward -119.92863089333395
2026-08-01 16:49:17,434 / INFO: Episode 90, Ave step reward -112.50338642196915
2026-08-01 16:49:19,170 / INFO: Episode 200, Ave step reward -119.10719362728514
2026-08-01 16:49:21,484 / INFO: Episode 260, Ave step reward -122.24463360649797
2026-08-01 16:49:22,819 / INFO: Episode 170, Ave step reward -117.30847823509347
2026-08-01 16:49:27,057 / INFO: Episode 30, Ave step reward -2.3445000000000094
2026-08-01 16:49:28,492 / INFO: Episode 170, Ave step reward -119.01667746885146
2026-08-01 16:49:32,597 / INFO: Episode 80, Ave step reward -111.01648010554841
2026-08-01 16:49:34,585 / INFO: Episode 90, Ave step reward -2.224500000000009
2026-08-01 16:49:35,347 / INFO: Episode 160, Ave step reward -119.74157270572134
2026-08-01 16:49:35,746 / INFO: Episode 100, Ave step reward -114.56425649617402
2026-08-01 16:49:37,802 / INFO: Episode 210, Ave step reward -119.7687994021507
2026-08-01 16:49:39,839 / INFO: Episode 270, Ave step reward -121.45475556752073
2026-08-01 16:49:41,229 / INFO: Episode 180, Ave step reward -118.90876146364067
2026-08-01 16:49:43,726 / INFO: Episode 40, Ave step reward -2.3300000000000094
2026-08-01 16:49:46,364 / INFO: Episode 180, Ave step reward -120.27003199223505
2026-08-01 16:49:50,963 / INFO: Episode 90, Ave step reward -112.59212501062748
2026-08-01 16:49:51,277 / INFO: Episode 100, Ave step reward -2.2910000000000097
2026-08-01 16:49:52,300 / INFO: Episode 110, Ave step reward -112.61588540708566
2026-08-01 16:49:52,564 / INFO: Episode 170, Ave step reward -118.07274726855916
2026-08-01 16:49:55,363 / INFO: Episode 220, Ave step reward -121.89101024800375
2026-08-01 16:49:57,507 / INFO: Episode 280, Ave step reward -121.10340390725746
2026-08-01 16:49:58,826 / INFO: Episode 190, Ave step reward -118.77120682265306
2026-08-01 16:50:00,005 / INFO: Episode 50, Ave step reward -2.2505000000000086
2026-08-01 16:50:03,951 / INFO: Episode 190, Ave step reward -117.8400436678987
2026-08-01 16:50:07,926 / INFO: Episode 110, Ave step reward -2.269500000000009
2026-08-01 16:50:09,542 / INFO: Episode 180, Ave step reward -119.2625174050523
2026-08-01 16:50:09,750 / INFO: Episode 100, Ave step reward -114.31067428499898
2026-08-01 16:50:10,353 / INFO: Episode 120, Ave step reward -114.53155680284601
2026-08-01 16:50:12,899 / INFO: Episode 230, Ave step reward -121.41085604623582
2026-08-01 16:50:15,833 / INFO: Episode 290, Ave step reward -121.28628614887086
2026-08-01 16:50:16,197 / INFO: Episode 200, Ave step reward -119.03315449707162
2026-08-01 16:50:16,772 / INFO: Episode 60, Ave step reward -2.2020000000000084
2026-08-01 16:50:21,256 / INFO: Episode 200, Ave step reward -118.67556377341016
2026-08-01 16:50:24,510 / INFO: Episode 120, Ave step reward -2.104000000000008
2026-08-01 16:50:26,697 / INFO: Episode 190, Ave step reward -121.03620477115675
2026-08-01 16:50:27,366 / INFO: Episode 130, Ave step reward -115.97459221066869
2026-08-01 16:50:29,040 / INFO: Episode 110, Ave step reward -112.87809728849744
2026-08-01 16:50:30,839 / INFO: Episode 240, Ave step reward -120.96365847187289
2026-08-01 16:50:33,597 / INFO: Episode 300, Ave step reward -121.34407375949033
2026-08-01 16:50:33,828 / INFO: Episode 210, Ave step reward -120.9169913423173
2026-08-01 16:50:33,875 / INFO: Episode 70, Ave step reward -2.37750000000001
2026-08-01 16:50:39,355 / INFO: Episode 210, Ave step reward -122.26198564455242
2026-08-01 16:50:41,076 / INFO: Episode 130, Ave step reward -2.239000000000009
2026-08-01 16:50:44,398 / INFO: Episode 200, Ave step reward -119.7033359891231
2026-08-01 16:50:44,677 / INFO: Episode 140, Ave step reward -115.53473394867025
2026-08-01 16:50:47,866 / INFO: Episode 120, Ave step reward -115.85636072361183
2026-08-01 16:50:48,884 / INFO: Episode 250, Ave step reward -120.77920350386292
2026-08-01 16:50:50,448 / INFO: Episode 80, Ave step reward -2.3030000000000093
2026-08-01 16:50:51,640 / INFO: Episode 220, Ave step reward -119.59889846751595
2026-08-01 16:50:51,689 / INFO: Episode 310, Ave step reward -122.42352143390892
2026-08-01 16:50:56,825 / INFO: Episode 220, Ave step reward -119.66820936589414
2026-08-01 16:50:57,819 / INFO: Episode 140, Ave step reward -2.33250000000001
2026-08-01 16:51:02,116 / INFO: Episode 210, Ave step reward -119.33802939669494
2026-08-01 16:51:02,566 / INFO: Episode 150, Ave step reward -116.00323823945045
2026-08-01 16:51:06,716 / INFO: Episode 260, Ave step reward -120.65904669138509
2026-08-01 16:51:07,233 / INFO: Episode 130, Ave step reward -116.3010175209199
2026-08-01 16:51:07,707 / INFO: Episode 90, Ave step reward -2.1755000000000084
2026-08-01 16:51:09,634 / INFO: Episode 230, Ave step reward -120.87712943405027
2026-08-01 16:51:09,844 / INFO: Episode 320, Ave step reward -122.99755799315783
2026-08-01 16:51:14,644 / INFO: Episode 230, Ave step reward -121.23032843997335
2026-08-01 16:51:15,247 / INFO: Episode 150, Ave step reward -2.2570000000000094
2026-08-01 16:51:19,502 / INFO: Episode 160, Ave step reward -116.11835318701579
2026-08-01 16:51:20,061 / INFO: Episode 220, Ave step reward -120.33603387946496
2026-08-01 16:51:24,584 / INFO: Episode 270, Ave step reward -121.94332119478072
2026-08-01 16:51:24,716 / INFO: Episode 100, Ave step reward -2.1220000000000083
2026-08-01 16:51:26,160 / INFO: Episode 140, Ave step reward -117.4381859813379
2026-08-01 16:51:27,263 / INFO: Episode 240, Ave step reward -121.00914968315284
2026-08-01 16:51:27,677 / INFO: Episode 330, Ave step reward -123.029633606498
2026-08-01 16:51:32,514 / INFO: Episode 240, Ave step reward -121.8204464745936
2026-08-01 16:51:32,581 / INFO: Episode 160, Ave step reward -2.3040000000000096
2026-08-01 16:51:36,581 / INFO: Episode 170, Ave step reward -117.08951474594363
2026-08-01 16:51:37,082 / INFO: Episode 230, Ave step reward -121.36765526895041
2026-08-01 16:51:41,983 / INFO: Episode 110, Ave step reward -2.228000000000009
2026-08-01 16:51:42,377 / INFO: Episode 280, Ave step reward -121.67889248961716
2026-08-01 16:51:45,435 / INFO: Episode 250, Ave step reward -121.93027484709812
2026-08-01 16:51:45,684 / INFO: Episode 150, Ave step reward -119.95480856229675
2026-08-01 16:51:46,742 / INFO: Episode 340, Ave step reward -123.295197607743
2026-08-01 16:51:51,408 / INFO: Episode 250, Ave step reward -122.41916865240785
2026-08-01 16:51:51,775 / INFO: Episode 170, Ave step reward -2.3375000000000092
2026-08-01 16:51:56,002 / INFO: Episode 180, Ave step reward -120.81699709238117
2026-08-01 16:51:56,693 / INFO: Episode 240, Ave step reward -120.1317107974543
2026-08-01 16:52:01,955 / INFO: Episode 120, Ave step reward -2.249500000000009
2026-08-01 16:52:02,719 / INFO: Episode 290, Ave step reward -121.93088230908221
2026-08-01 16:52:05,373 / INFO: Episode 260, Ave step reward -120.98247971505239
2026-08-01 16:52:07,007 / INFO: Episode 350, Ave step reward -122.47714505432674
2026-08-01 16:52:07,267 / INFO: Episode 160, Ave step reward -119.30437774206835
2026-08-01 16:52:11,919 / INFO: Episode 260, Ave step reward -121.87721345656298
2026-08-01 16:52:12,044 / INFO: Episode 180, Ave step reward -2.3110000000000097
2026-08-01 16:52:16,137 / INFO: Episode 190, Ave step reward -120.78438526349463
2026-08-01 16:52:16,530 / INFO: Episode 250, Ave step reward -121.44878795432194
2026-08-01 16:52:20,978 / INFO: Episode 130, Ave step reward -2.496500000000011
2026-08-01 16:52:22,331 / INFO: Episode 300, Ave step reward -121.1376643339041
2026-08-01 16:52:23,948 / INFO: Episode 270, Ave step reward -121.00680935485077
2026-08-01 16:52:26,632 / INFO: Episode 360, Ave step reward -122.58282817804974
2026-08-01 16:52:27,418 / INFO: Episode 170, Ave step reward -120.47113481973643
2026-08-01 16:52:30,060 / INFO: Episode 270, Ave step reward -121.78207406981268
2026-08-01 16:52:30,160 / INFO: Episode 190, Ave step reward -2.2785000000000095
2026-08-01 16:52:33,846 / INFO: Episode 200, Ave step reward -117.50319769023048
2026-08-01 16:52:34,484 / INFO: Episode 260, Ave step reward -120.8134681029573
2026-08-01 16:52:37,580 / INFO: Episode 140, Ave step reward -2.34850000000001
2026-08-01 16:52:40,173 / INFO: Episode 310, Ave step reward -122.52805232558141
2026-08-01 16:52:41,304 / INFO: Episode 280, Ave step reward -119.88332848837211
2026-08-01 16:52:44,863 / INFO: Episode 370, Ave step reward -122.5425390239028
2026-08-01 16:52:46,591 / INFO: Episode 180, Ave step reward -115.09127625798301
2026-08-01 16:52:47,355 / INFO: Episode 200, Ave step reward -2.2625000000000095
2026-08-01 16:52:48,185 / INFO: Episode 280, Ave step reward -122.23099829220617
2026-08-01 16:52:51,337 / INFO: Episode 210, Ave step reward -117.97948850377249
2026-08-01 16:52:52,128 / INFO: Episode 270, Ave step reward -121.86351024800376
2026-08-01 16:52:54,751 / INFO: Episode 150, Ave step reward -2.215500000000009
2026-08-01 16:52:58,089 / INFO: Episode 320, Ave step reward -122.21209303906771
2026-08-01 16:52:58,866 / INFO: Episode 290, Ave step reward -122.29707561334017
2026-08-01 16:53:02,334 / INFO: Episode 380, Ave step reward -123.26100998608017
2026-08-01 16:53:04,721 / INFO: Episode 210, Ave step reward -2.2355000000000094
2026-08-01 16:53:05,844 / INFO: Episode 190, Ave step reward -118.81518642183788
2026-08-01 16:53:05,938 / INFO: Episode 290, Ave step reward -121.92586488335466
2026-08-01 16:53:08,815 / INFO: Episode 220, Ave step reward -120.3409725373286
2026-08-01 16:53:09,926 / INFO: Episode 280, Ave step reward -122.70943906513465
2026-08-01 16:53:12,230 / INFO: Episode 160, Ave step reward -2.2875000000000094
2026-08-01 16:53:15,711 / INFO: Episode 330, Ave step reward -122.68668010023663
2026-08-01 16:53:16,788 / INFO: Episode 300, Ave step reward -122.75738064968718
2026-08-01 16:53:20,279 / INFO: Episode 390, Ave step reward -123.51421053553071
2026-08-01 16:53:21,996 / INFO: Episode 220, Ave step reward -2.206500000000009
2026-08-01 16:53:24,265 / INFO: Episode 300, Ave step reward -121.94319194016659
2026-08-01 16:53:24,948 / INFO: Episode 200, Ave step reward -120.88444481519853
2026-08-01 16:53:26,727 / INFO: Episode 230, Ave step reward -119.7305062732025
2026-08-01 16:53:27,077 / INFO: Episode 290, Ave step reward -122.44099436580369
2026-08-01 16:53:29,859 / INFO: Episode 170, Ave step reward -2.2820000000000094
2026-08-01 16:53:33,489 / INFO: Episode 340, Ave step reward -122.50276755350677
2026-08-01 16:53:34,065 / INFO: Episode 310, Ave step reward -122.16085736192844
2026-08-01 16:53:38,194 / INFO: Episode 400, Ave step reward -122.95957561334015
2026-08-01 16:53:39,173 / INFO: Episode 230, Ave step reward -2.2355000000000094
2026-08-01 16:53:42,482 / INFO: Episode 310, Ave step reward -123.29486322395962
2026-08-01 16:53:44,368 / INFO: Episode 240, Ave step reward -121.63722120582412
2026-08-01 16:53:44,433 / INFO: Episode 210, Ave step reward -120.52443752160715
2026-08-01 16:53:44,882 / INFO: Episode 300, Ave step reward -122.3623941490122
2026-08-01 16:53:47,347 / INFO: Episode 180, Ave step reward -2.37050000000001
2026-08-01 16:53:51,318 / INFO: Episode 350, Ave step reward -121.98929945054944
2026-08-01 16:53:52,621 / INFO: Episode 320, Ave step reward -121.69207406981269
2026-08-01 16:53:56,012 / INFO: Episode 410, Ave step reward -123.19171053553072
2026-08-01 16:53:56,891 / INFO: Episode 240, Ave step reward -2.35600000000001
2026-08-01 16:53:59,966 / INFO: Episode 320, Ave step reward -123.02124558144058
2026-08-01 16:54:01,659 / INFO: Episode 250, Ave step reward -120.71376300716813
2026-08-01 16:54:02,405 / INFO: Episode 310, Ave step reward -122.40014559248398
2026-08-01 16:54:02,980 / INFO: Episode 220, Ave step reward -121.07598530084995
2026-08-01 16:54:04,456 / INFO: Episode 190, Ave step reward -2.37950000000001
2026-08-01 16:54:08,976 / INFO: Episode 360, Ave step reward -122.75957561334015
2026-08-01 16:54:10,133 / INFO: Episode 330, Ave step reward -122.2064112310373
2026-08-01 16:54:13,454 / INFO: Episode 420, Ave step reward -123.59893437274
2026-08-01 16:54:13,822 / INFO: Episode 250, Ave step reward -2.2805000000000093
2026-08-01 16:54:17,680 / INFO: Episode 330, Ave step reward -122.12862362041783
2026-08-01 16:54:19,713 / INFO: Episode 320, Ave step reward -123.31612754682034
2026-08-01 16:54:19,715 / INFO: Episode 260, Ave step reward -121.96126300716811
2026-08-01 16:54:21,979 / INFO: Episode 230, Ave step reward -121.34126898506693
2026-08-01 16:54:22,147 / INFO: Episode 200, Ave step reward -2.29300000000001
2026-08-01 16:54:27,236 / INFO: Episode 370, Ave step reward -122.97736322395961
2026-08-01 16:54:27,459 / INFO: Episode 340, Ave step reward -123.17563109344532
2026-08-01 16:54:30,578 / INFO: Episode 260, Ave step reward -2.41350000000001
2026-08-01 16:54:31,214 / INFO: Episode 430, Ave step reward -123.54310434084046
2026-08-01 16:54:35,309 / INFO: Episode 340, Ave step reward -122.08346941864987
2026-08-01 16:54:37,368 / INFO: Episode 330, Ave step reward -123.49373828784923
2026-08-01 16:54:37,923 / INFO: Episode 270, Ave step reward -120.36363375255401
2026-08-01 16:54:39,452 / INFO: Episode 210, Ave step reward -2.35250000000001
2026-08-01 16:54:41,096 / INFO: Episode 240, Ave step reward -120.80296959808602
2026-08-01 16:54:45,550 / INFO: Episode 380, Ave step reward -123.05389380530974
2026-08-01 16:54:45,724 / INFO: Episode 350, Ave step reward -122.19084745762713
2026-08-01 16:54:48,042 / INFO: Episode 270, Ave step reward -2.217500000000009
2026-08-01 16:54:49,647 / INFO: Episode 440, Ave step reward -123.53573382328945
2026-08-01 16:54:53,582 / INFO: Episode 350, Ave step reward -122.4983284883721
2026-08-01 16:54:55,580 / INFO: Episode 340, Ave step reward -122.98277616279069
2026-08-01 16:54:56,326 / INFO: Episode 280, Ave step reward -121.04588099338966
2026-08-01 16:54:57,004 / INFO: Episode 220, Ave step reward -2.190500000000009
2026-08-01 16:55:00,450 / INFO: Episode 250, Ave step reward -120.60557572920774
2026-08-01 16:55:03,758 / INFO: Episode 390, Ave step reward -123.0395870611689
2026-08-01 16:55:03,908 / INFO: Episode 360, Ave step reward -122.48416996810045
2026-08-01 16:55:05,525 / INFO: Episode 280, Ave step reward -2.2715000000000094
2026-08-01 16:55:07,374 / INFO: Episode 450, Ave step reward -123.60421053553071
2026-08-01 16:55:11,356 / INFO: Episode 360, Ave step reward -122.7075
2026-08-01 16:55:13,810 / INFO: Episode 350, Ave step reward -122.00707561334015
2026-08-01 16:55:14,835 / INFO: Episode 230, Ave step reward -2.3040000000000096
2026-08-01 16:55:14,865 / INFO: Episode 290, Ave step reward -122.07527616279069
2026-08-01 16:55:20,120 / INFO: Episode 260, Ave step reward -122.04265681247789
2026-08-01 16:55:21,797 / INFO: Episode 370, Ave step reward -122.34
2026-08-01 16:55:22,099 / INFO: Episode 400, Ave step reward -123.05366599329916
2026-08-01 16:55:23,831 / INFO: Episode 290, Ave step reward -2.33450000000001
2026-08-01 16:55:25,557 / INFO: Episode 460, Ave step reward -123.17643437274
2026-08-01 16:55:29,727 / INFO: Episode 370, Ave step reward -122.28527616279071
2026-08-01 16:55:31,241 / INFO: Episode 360, Ave step reward -122.97319194016659
2026-08-01 16:55:32,796 / INFO: Episode 240, Ave step reward -2.40650000000001
2026-08-01 16:55:33,007 / INFO: Episode 300, Ave step reward -122.01332119478073
2026-08-01 16:55:39,524 / INFO: Episode 380, Ave step reward -123.14209303906772
2026-08-01 16:55:39,725 / INFO: Episode 270, Ave step reward -122.10460914910267
2026-08-01 16:55:39,882 / INFO: Episode 410, Ave step reward -121.97416996810043
2026-08-01 16:55:41,232 / INFO: Episode 300, Ave step reward -2.2590000000000092
2026-08-01 16:55:43,692 / INFO: Episode 470, Ave step reward -123.61282817804975
2026-08-01 16:55:47,770 / INFO: Episode 380, Ave step reward -123.24669491525422
2026-08-01 16:55:49,582 / INFO: Episode 370, Ave step reward -123.28679945054944
2026-08-01 16:55:50,205 / INFO: Episode 250, Ave step reward -2.33250000000001
2026-08-01 16:55:50,892 / INFO: Episode 310, Ave step reward -121.50959303906771
2026-08-01 16:55:57,241 / INFO: Episode 390, Ave step reward -123.48014690817658
2026-08-01 16:55:57,943 / INFO: Episode 420, Ave step reward -122.98569325585919
2026-08-01 16:55:59,183 / INFO: Episode 310, Ave step reward -2.1240000000000085
2026-08-01 16:55:59,630 / INFO: Episode 280, Ave step reward -122.24083884834316
2026-08-01 16:56:01,868 / INFO: Episode 480, Ave step reward -123.34393437274001
2026-08-01 16:56:05,869 / INFO: Episode 390, Ave step reward -123.279316876277
2026-08-01 16:56:07,630 / INFO: Episode 260, Ave step reward -2.2085000000000092
2026-08-01 16:56:07,852 / INFO: Episode 380, Ave step reward -122.80527616279069
2026-08-01 16:56:09,466 / INFO: Episode 320, Ave step reward -123.0140407134863
2026-08-01 16:56:15,376 / INFO: Episode 400, Ave step reward -123.24916996810045
2026-08-01 16:56:16,689 / INFO: Episode 430, Ave step reward -122.93127052859438
2026-08-01 16:56:17,431 / INFO: Episode 320, Ave step reward -2.2355000000000094
2026-08-01 16:56:19,384 / INFO: Episode 290, Ave step reward -121.16612362041782
2026-08-01 16:56:20,718 / INFO: Episode 490, Ave step reward -123.25421053553072
2026-08-01 16:56:24,177 / INFO: Episode 400, Ave step reward -122.555
2026-08-01 16:56:25,464 / INFO: Episode 270, Ave step reward -2.223000000000009
2026-08-01 16:56:26,160 / INFO: Episode 390, Ave step reward -123.01624558144059
2026-08-01 16:56:27,540 / INFO: Episode 330, Ave step reward -123.070305036347
2026-08-01 16:56:33,289 / INFO: Episode 410, Ave step reward -123.49279358851827
2026-08-01 16:56:34,839 / INFO: Episode 440, Ave step reward -123.285
2026-08-01 16:56:35,477 / INFO: Episode 330, Ave step reward -2.2590000000000092
2026-08-01 16:56:38,928 / INFO: Episode 300, Ave step reward -120.63583993620085
2026-08-01 16:56:39,015 / INFO: Episode 500, Ave step reward -123.50893437274
2026-08-01 16:56:42,232 / INFO: Episode 410, Ave step reward -122.76235177613086
2026-08-01 16:56:43,530 / INFO: Episode 280, Ave step reward -2.2625000000000095
2026-08-01 16:56:44,303 / INFO: Episode 400, Ave step reward -123.07889380530973
2026-08-01 16:56:45,706 / INFO: Episode 340, Ave step reward -122.4952761627907
2026-08-01 16:56:51,570 / INFO: Episode 420, Ave step reward -123.28055232558141
2026-08-01 16:56:52,983 / INFO: Episode 450, Ave step reward -123.01916996810041
2026-08-01 16:56:53,626 / INFO: Episode 340, Ave step reward -2.36700000000001
2026-08-01 16:56:58,431 / INFO: Episode 310, Ave step reward -121.95879188072446
2026-08-01 16:57:00,590 / INFO: Episode 420, Ave step reward -123.15792307096724
2026-08-01 16:57:01,290 / INFO: Episode 290, Ave step reward -2.3020000000000094
2026-08-01 16:57:02,794 / INFO: Episode 410, Ave step reward -123.26014690817658
2026-08-01 16:57:02,934 / INFO: Episode 350, Ave step reward -122.76779358851823
2026-08-01 16:57:09,353 / INFO: Episode 430, Ave step reward -123.03224126293686
2026-08-01 16:57:10,970 / INFO: Episode 460, Ave step reward -123.57235177613083
2026-08-01 16:57:11,581 / INFO: Episode 350, Ave step reward -2.2410000000000094
2026-08-01 16:57:17,600 / INFO: Episode 320, Ave step reward -122.01113973045278
2026-08-01 16:57:18,187 / INFO: Episode 430, Ave step reward -123.255
2026-08-01 16:57:19,278 / INFO: Episode 300, Ave step reward -2.223000000000009
2026-08-01 16:57:20,818 / INFO: Episode 420, Ave step reward -123.49389380530974
2026-08-01 16:57:21,161 / INFO: Episode 360, Ave step reward -123.26387506388961
2026-08-01 16:57:27,398 / INFO: Episode 440, Ave step reward -123.56862362041782
2026-08-01 16:57:29,383 / INFO: Episode 360, Ave step reward -2.187000000000009
2026-08-01 16:57:29,661 / INFO: Episode 470, Ave step reward -123.045
2026-08-01 16:57:36,335 / INFO: Episode 440, Ave step reward -122.9927761627907
2026-08-01 16:57:37,253 / INFO: Episode 310, Ave step reward -2.28600000000001
2026-08-01 16:57:37,604 / INFO: Episode 330, Ave step reward -122.75931556058438
2026-08-01 16:57:38,991 / INFO: Episode 430, Ave step reward -123.53
2026-08-01 16:57:39,350 / INFO: Episode 370, Ave step reward -121.79947107804493
2026-08-01 16:57:45,447 / INFO: Episode 450, Ave step reward -123.52834745762713
2026-08-01 16:57:47,583 / INFO: Episode 370, Ave step reward -2.2140000000000093
2026-08-01 16:57:48,362 / INFO: Episode 480, Ave step reward -123.5
2026-08-01 16:57:54,431 / INFO: Episode 450, Ave step reward -122.9125
2026-08-01 16:57:55,499 / INFO: Episode 320, Ave step reward -2.3165000000000098
2026-08-01 16:57:56,894 / INFO: Episode 340, Ave step reward -121.11181687627699
2026-08-01 16:57:57,112 / INFO: Episode 440, Ave step reward -123.2585989010989
2026-08-01 16:57:57,749 / INFO: Episode 380, Ave step reward -123.19723374151059
2026-08-01 16:58:03,452 / INFO: Episode 460, Ave step reward -123.32500000000002
2026-08-01 16:58:05,390 / INFO: Episode 380, Ave step reward -2.36150000000001
2026-08-01 16:58:06,505 / INFO: Episode 490, Ave step reward -123.045
2026-08-01 16:58:13,099 / INFO: Episode 460, Ave step reward -123.49889380530975
2026-08-01 16:58:14,055 / INFO: Episode 330, Ave step reward -2.1095000000000086
2026-08-01 16:58:15,674 / INFO: Episode 450, Ave step reward -123.20429945054944
2026-08-01 16:58:16,240 / INFO: Episode 390, Ave step reward -122.7727761627907
2026-08-01 16:58:16,938 / INFO: Episode 350, Ave step reward -122.0352748470981
2026-08-01 16:58:22,134 / INFO: Episode 470, Ave step reward -123.55527616279072
2026-08-01 16:58:23,232 / INFO: Episode 390, Ave step reward -2.205000000000009
2026-08-01 16:58:24,456 / INFO: Episode 500, Ave step reward -123.57
2026-08-01 16:58:30,859 / INFO: Episode 470, Ave step reward -123.31
2026-08-01 16:58:32,176 / INFO: Episode 340, Ave step reward -2.31300000000001
2026-08-01 16:58:33,603 / INFO: Episode 460, Ave step reward -123.255
2026-08-01 16:58:34,623 / INFO: Episode 400, Ave step reward -123.5005523255814
2026-08-01 16:58:36,398 / INFO: Episode 360, Ave step reward -122.95004237288134
2026-08-01 16:58:40,449 / INFO: Episode 480, Ave step reward -123.16569325585918
2026-08-01 16:58:40,630 / INFO: Episode 400, Ave step reward -2.2950000000000097
2026-08-01 16:58:48,820 / INFO: Episode 480, Ave step reward -123.53889380530974
2026-08-01 16:58:50,704 / INFO: Episode 350, Ave step reward -2.2140000000000093
2026-08-01 16:58:52,223 / INFO: Episode 470, Ave step reward -123.47527616279069
2026-08-01 16:58:53,540 / INFO: Episode 410, Ave step reward -123.26224126293685
2026-08-01 16:58:56,363 / INFO: Episode 370, Ave step reward -123.12235177613084
2026-08-01 16:58:58,949 / INFO: Episode 410, Ave step reward -2.205000000000009
2026-08-01 16:58:59,182 / INFO: Episode 490, Ave step reward -123.48000000000002
2026-08-01 16:59:07,402 / INFO: Episode 490, Ave step reward -123.31389380530973
2026-08-01 16:59:08,819 / INFO: Episode 360, Ave step reward -2.28600000000001
2026-08-01 16:59:11,119 / INFO: Episode 480, Ave step reward -123.2552761627907
2026-08-01 16:59:11,182 / INFO: Episode 420, Ave step reward -123.265
2026-08-01 16:59:16,353 / INFO: Episode 380, Ave step reward -122.16555232558139
2026-08-01 16:59:17,197 / INFO: Episode 500, Ave step reward -123.35500000000002
2026-08-01 16:59:17,268 / INFO: Episode 420, Ave step reward -2.034000000000008
2026-08-01 16:59:25,880 / INFO: Episode 500, Ave step reward -123.2702761627907
2026-08-01 16:59:27,776 / INFO: Episode 370, Ave step reward -2.169000000000009
2026-08-01 16:59:29,787 / INFO: Episode 490, Ave step reward -123.46834745762712
2026-08-01 16:59:29,972 / INFO: Episode 430, Ave step reward -123.05
2026-08-01 16:59:35,535 / INFO: Episode 430, Ave step reward -2.205000000000009
2026-08-01 16:59:36,910 / INFO: Episode 390, Ave step reward -122.53124580927546
2026-08-01 16:59:46,962 / INFO: Episode 380, Ave step reward -2.2680000000000096
2026-08-01 16:59:49,223 / INFO: Episode 500, Ave step reward -123.49527616279069
2026-08-01 16:59:49,378 / INFO: Episode 440, Ave step reward -122.94235177613085
2026-08-01 16:59:54,547 / INFO: Episode 440, Ave step reward -2.3255000000000097
2026-08-01 16:59:57,585 / INFO: Episode 400, Ave step reward -122.49346941864988
2026-08-01 17:00:05,754 / INFO: Episode 390, Ave step reward -2.32200000000001
2026-08-01 17:00:08,735 / INFO: Episode 450, Ave step reward -123.4002761627907
2026-08-01 17:00:13,352 / INFO: Episode 450, Ave step reward -2.2680000000000096
2026-08-01 17:00:18,233 / INFO: Episode 410, Ave step reward -123.11916996810044
2026-08-01 17:00:24,258 / INFO: Episode 400, Ave step reward -2.1760000000000086
2026-08-01 17:00:27,419 / INFO: Episode 460, Ave step reward -123.53904071348629
2026-08-01 17:00:31,186 / INFO: Episode 460, Ave step reward -2.3310000000000097
2026-08-01 17:00:38,970 / INFO: Episode 420, Ave step reward -123.09834745762711
2026-08-01 17:00:43,183 / INFO: Episode 410, Ave step reward -2.39750000000001
2026-08-01 17:00:46,424 / INFO: Episode 470, Ave step reward -123.31834745762711
2026-08-01 17:00:49,903 / INFO: Episode 470, Ave step reward -2.223000000000009
2026-08-01 17:00:59,258 / INFO: Episode 430, Ave step reward -122.77306377341017
2026-08-01 17:01:02,337 / INFO: Episode 420, Ave step reward -2.3940000000000103
2026-08-01 17:01:04,765 / INFO: Episode 480, Ave step reward -123.29042307096726
2026-08-01 17:01:08,500 / INFO: Episode 480, Ave step reward -2.2500000000000093
2026-08-01 17:01:19,939 / INFO: Episode 440, Ave step reward -123.455
2026-08-01 17:01:21,293 / INFO: Episode 430, Ave step reward -2.1510000000000087
2026-08-01 17:01:23,027 / INFO: Episode 490, Ave step reward -122.76277616279069
2026-08-01 17:01:27,183 / INFO: Episode 490, Ave step reward -2.2500000000000093
2026-08-01 17:01:30,317 / INFO: RL utililty: -2468.3375118518998
2026-08-01 17:01:40,609 / INFO: Episode 440, Ave step reward -2.1330000000000084
2026-08-01 17:01:40,900 / INFO: Episode 450, Ave step reward -122.63527616279069
2026-08-01 17:01:42,355 / INFO: Episode 500, Ave step reward -123.56
2026-08-01 17:01:46,328 / INFO: Episode 500, Ave step reward -2.34000000000001
2026-08-01 17:01:59,476 / INFO: Episode 450, Ave step reward -2.232000000000009
2026-08-01 17:02:01,788 / INFO: Episode 460, Ave step reward -123.1555523255814
2026-08-01 17:02:18,535 / INFO: Episode 460, Ave step reward -2.232000000000009
2026-08-01 17:02:22,835 / INFO: Episode 470, Ave step reward -123.375
2026-08-01 17:02:37,390 / INFO: Episode 470, Ave step reward -2.31300000000001
2026-08-01 17:02:43,037 / INFO: Episode 480, Ave step reward -123.21306377341016
2026-08-01 17:02:55,573 / INFO: Episode 480, Ave step reward -2.3040000000000096
2026-08-01 17:02:59,282 / INFO: RL utililty: -2471.7806520708486
2026-08-01 17:03:03,477 / INFO: Episode 490, Ave step reward -123.10679945054945
2026-08-01 17:03:14,868 / INFO: Episode 490, Ave step reward -2.32200000000001
2026-08-01 17:03:24,896 / INFO: Episode 500, Ave step reward -123.4
2026-08-01 17:03:33,884 / INFO: Episode 500, Ave step reward -2.196000000000009
2026-08-01 17:03:43,552 / INFO: RL utililty: -2471.9202454333517
2026-08-01 17:03:55,989 / INFO: RL utililty: -2472.06652817093
2026-08-01 17:04:18,002 / INFO: RL utililty: -2472.013083683274
2026-08-01 17:04:38,482 / INFO: Non-strategic (Uniform) utility: -2427.207245685443
defend-9-1_1
2026-08-01 17:05:00,451 / INFO: Episode 30, Ave step reward -0.044000000000000004
2026-08-01 17:05:19,593 / INFO: Episode 40, Ave step reward -0.037000000000000005
2026-08-01 17:05:38,486 / INFO: Episode 50, Ave step reward -0.0335
2026-08-01 17:05:57,779 / INFO: Episode 60, Ave step reward -0.035
2026-08-01 17:06:02,065 / INFO: Non-strategic (Uniform) utility: -2426.900489587358
defend-12-0_1
2026-08-01 17:06:08,091 / INFO: RL utililty: -2472.0312731026124
2026-08-01 17:06:15,266 / INFO: RL utililty: -42.745455081992084
2026-08-01 17:06:17,066 / INFO: Episode 70, Ave step reward -0.0335
2026-08-01 17:06:20,670 / INFO: Episode 30, Ave step reward -2.3335000000000092
2026-08-01 17:06:37,359 / INFO: Episode 80, Ave step reward -0.023000000000000003
2026-08-01 17:06:38,599 / INFO: Episode 40, Ave step reward -2.272500000000009
2026-08-01 17:06:48,556 / INFO: Non-strategic (Uniform) utility: -2427.0805369374457
defend-7-1_1
2026-08-01 17:06:56,429 / INFO: Episode 50, Ave step reward -2.258000000000009
2026-08-01 17:06:57,879 / INFO: Episode 90, Ave step reward -0.044000000000000004
2026-08-01 17:06:59,862 / INFO: Non-strategic (Uniform) utility: -2426.906419634291
defend-13-0_1
2026-08-01 17:07:12,491 / INFO: Episode 30, Ave step reward -0.028000000000000004
2026-08-01 17:07:15,301 / INFO: Episode 60, Ave step reward -2.120000000000008
2026-08-01 17:07:19,049 / INFO: Episode 30, Ave step reward -2.3050000000000095
2026-08-01 17:07:19,182 / INFO: Episode 100, Ave step reward -0.044000000000000004
2026-08-01 17:07:21,650 / INFO: Non-strategic (Uniform) utility: -2427.219136943761
defend-14-0_1
2026-08-01 17:07:32,626 / INFO: Episode 40, Ave step reward -0.048999999999999995
2026-08-01 17:07:33,972 / INFO: Episode 70, Ave step reward -2.3735000000000097
2026-08-01 17:07:37,136 / INFO: Episode 40, Ave step reward -2.3105000000000095
2026-08-01 17:07:39,986 / INFO: Episode 110, Ave step reward -0.021
2026-08-01 17:07:40,181 / INFO: Episode 30, Ave step reward -2.38050000000001
2026-08-01 17:07:52,399 / INFO: Episode 80, Ave step reward -2.2905000000000095
2026-08-01 17:07:52,506 / INFO: Episode 50, Ave step reward -0.0475
2026-08-01 17:07:55,483 / INFO: Episode 50, Ave step reward -2.240500000000009
2026-08-01 17:07:58,235 / INFO: Episode 40, Ave step reward -2.3320000000000096
2026-08-01 17:08:00,563 / INFO: Episode 120, Ave step reward -0.019500000000000003
2026-08-01 17:08:11,196 / INFO: Episode 90, Ave step reward -2.3110000000000097
2026-08-01 17:08:13,297 / INFO: Episode 60, Ave step reward -0.0335
2026-08-01 17:08:13,695 / INFO: Episode 60, Ave step reward -2.3735000000000097
2026-08-01 17:08:16,141 / INFO: Episode 50, Ave step reward -2.202500000000009
2026-08-01 17:08:17,455 / INFO: RL utililty: -42.95507894731453
2026-08-01 17:08:21,201 / INFO: Episode 130, Ave step reward -0.0175
2026-08-01 17:08:30,248 / INFO: Episode 100, Ave step reward -2.33250000000001
2026-08-01 17:08:32,460 / INFO: Episode 70, Ave step reward -2.39350000000001
2026-08-01 17:08:33,858 / INFO: Episode 70, Ave step reward -0.026500000000000003
2026-08-01 17:08:34,548 / INFO: Episode 60, Ave step reward -2.2875000000000094
2026-08-01 17:08:42,178 / INFO: Episode 140, Ave step reward -0.019500000000000003
2026-08-01 17:08:50,044 / INFO: Episode 110, Ave step reward -2.37550000000001
2026-08-01 17:08:51,351 / INFO: Episode 80, Ave step reward -2.2800000000000096
2026-08-01 17:08:52,947 / INFO: Episode 70, Ave step reward -2.3015000000000096
2026-08-01 17:08:55,097 / INFO: Episode 80, Ave step reward -0.0175
2026-08-01 17:09:03,338 / INFO: Episode 150, Ave step reward -0.019500000000000003
2026-08-01 17:09:08,756 / INFO: Episode 120, Ave step reward -2.3090000000000095
2026-08-01 17:09:09,658 / INFO: RL utililty: -2469.685337909032
2026-08-01 17:09:10,018 / INFO: Episode 90, Ave step reward -2.2925000000000093
2026-08-01 17:09:11,327 / INFO: Episode 80, Ave step reward -2.2915000000000085
2026-08-01 17:09:16,388 / INFO: Episode 90, Ave step reward -0.019500000000000003
2026-08-01 17:09:18,705 / INFO: Non-strategic (Uniform) utility: -2427.0389693878647
defend-15-0_1
2026-08-01 17:09:20,602 / INFO: find_mixed_NE: 1 equilibria found. Defender utility range: min=-43.0473, max=-43.0473, mean=-43.0473
###########################################################################################
Iteration 0
Current defender payoff matrix:
[[-43.04732764]]
Current attacker payoff matrix:
[[-2261.79910088]]
Attacker's mixed strategy: [1.0]
Defender's mixed strategy: [1.0]
2026-08-01 17:09:20,607 / INFO: Iteration 0: def=-43.04732764365919 att=-2261.7991008815948
attack-16-0_0
2026-08-01 17:09:25,386 / INFO: Episode 160, Ave step reward -0.010499999999999999
2026-08-01 17:09:27,847 / INFO: Non-strategic (Uniform) utility: -42.60476855645602
2026-08-01 17:09:29,047 / INFO: Episode 130, Ave step reward -2.1435000000000084
2026-08-01 17:09:29,722 / INFO: Episode 100, Ave step reward -2.105500000000008
2026-08-01 17:09:30,408 / INFO: Episode 90, Ave step reward -2.2870000000000092
2026-08-01 17:09:36,961 / INFO: Episode 100, Ave step reward -0.0335
2026-08-01 17:09:37,291 / INFO: Episode 30, Ave step reward -2.3625000000000096
2026-08-01 17:09:40,987 / INFO: Episode 30, Ave step reward -101.60009519955096
2026-08-01 17:09:46,010 / INFO: Episode 170, Ave step reward -0.0125
2026-08-01 17:09:47,083 / INFO: Episode 140, Ave step reward -2.2350000000000088
2026-08-01 17:09:47,942 / INFO: Episode 110, Ave step reward -2.075000000000008
2026-08-01 17:09:48,074 / INFO: Episode 100, Ave step reward -2.226500000000009
2026-08-01 17:09:55,033 / INFO: Episode 40, Ave step reward -2.289000000000009
2026-08-01 17:09:56,826 / INFO: Episode 110, Ave step reward -0.023000000000000003
2026-08-01 17:09:57,744 / INFO: Episode 40, Ave step reward -101.67139143177809
2026-08-01 17:10:05,989 / INFO: Episode 150, Ave step reward -2.38300000000001
2026-08-01 17:10:06,224 / INFO: Episode 180, Ave step reward -0.016
2026-08-01 17:10:06,282 / INFO: Episode 110, Ave step reward -2.3630000000000098
2026-08-01 17:10:06,671 / INFO: Episode 120, Ave step reward -2.0805000000000082
2026-08-01 17:10:12,561 / INFO: Episode 50, Ave step reward -2.162500000000008
2026-08-01 17:10:15,359 / INFO: Episode 50, Ave step reward -106.10826479337933
2026-08-01 17:10:17,153 / INFO: Episode 120, Ave step reward -0.030000000000000006
2026-08-01 17:10:24,482 / INFO: Episode 120, Ave step reward -2.1760000000000086
2026-08-01 17:10:24,508 / INFO: Episode 130, Ave step reward -2.0860000000000083
2026-08-01 17:10:24,565 / INFO: Episode 160, Ave step reward -2.3215000000000097
2026-08-01 17:10:26,543 / INFO: Episode 190, Ave step reward -0.0125
2026-08-01 17:10:30,305 / INFO: Episode 60, Ave step reward -2.41100000000001
2026-08-01 17:10:33,095 / INFO: Episode 60, Ave step reward -110.06521036400265
2026-08-01 17:10:36,983 / INFO: Episode 130, Ave step reward -0.009000000000000001
2026-08-01 17:10:42,060 / INFO: Episode 140, Ave step reward -2.233500000000009
2026-08-01 17:10:42,330 / INFO: Episode 130, Ave step reward -2.239000000000009
2026-08-01 17:10:43,105 / INFO: Episode 170, Ave step reward -2.253500000000009
2026-08-01 17:10:46,427 / INFO: Episode 200, Ave step reward -0.0034999999999999996
2026-08-01 17:10:47,968 / INFO: Episode 70, Ave step reward -2.249500000000009
2026-08-01 17:10:50,804 / INFO: Episode 70, Ave step reward -107.52952359401098
2026-08-01 17:10:57,508 / INFO: Episode 140, Ave step reward -0.021
2026-08-01 17:11:00,732 / INFO: Episode 140, Ave step reward -2.0860000000000083
2026-08-01 17:11:00,915 / INFO: Episode 150, Ave step reward -2.3305000000000096
2026-08-01 17:11:01,958 / INFO: Episode 180, Ave step reward -2.2590000000000092
2026-08-01 17:11:05,944 / INFO: Episode 80, Ave step reward -2.3160000000000096
2026-08-01 17:11:07,587 / INFO: Episode 210, Ave step reward -0.0034999999999999996
2026-08-01 17:11:08,488 / INFO: Episode 80, Ave step reward -110.65384436506673
2026-08-01 17:11:17,162 / INFO: Episode 150, Ave step reward -0.0125
2026-08-01 17:11:18,770 / INFO: Episode 150, Ave step reward -2.255000000000009
2026-08-01 17:11:19,202 / INFO: Episode 160, Ave step reward -2.3685000000000103
2026-08-01 17:11:20,596 / INFO: Episode 190, Ave step reward -2.0840000000000085
2026-08-01 17:11:23,350 / INFO: Episode 90, Ave step reward -2.2315000000000094
2026-08-01 17:11:26,319 / INFO: Episode 90, Ave step reward -112.75638258371066
2026-08-01 17:11:27,123 / INFO: Episode 220, Ave step reward 0.0
2026-08-01 17:11:36,446 / INFO: Episode 160, Ave step reward -0.026500000000000003
2026-08-01 17:11:37,078 / INFO: Episode 160, Ave step reward -2.205000000000009
2026-08-01 17:11:37,731 / INFO: Episode 170, Ave step reward -2.219000000000009
2026-08-01 17:11:38,578 / INFO: Episode 200, Ave step reward -2.2680000000000096
2026-08-01 17:11:40,610 / INFO: Non-strategic (Uniform) utility: -42.300537224771546
2026-08-01 17:11:41,064 / INFO: Episode 100, Ave step reward -2.36300000000001
2026-08-01 17:11:44,248 / INFO: Episode 100, Ave step reward -113.11958705956374
2026-08-01 17:11:47,572 / INFO: Episode 230, Ave step reward -0.0125
2026-08-01 17:11:55,500 / INFO: Episode 170, Ave step reward -2.2445000000000093
2026-08-01 17:11:56,007 / INFO: Episode 180, Ave step reward -2.3630000000000098
2026-08-01 17:11:56,328 / INFO: Episode 170, Ave step reward -0.0125
2026-08-01 17:11:57,077 / INFO: Episode 210, Ave step reward -2.068000000000008
2026-08-01 17:11:59,551 / INFO: Episode 110, Ave step reward -2.3395000000000095
2026-08-01 17:12:02,818 / INFO: Episode 110, Ave step reward -115.9183851792508
2026-08-01 17:12:04,136 / INFO: find_mixed_NE: 1 equilibria found. Defender utility range: min=-42.7693, max=-42.7693, mean=-42.7693
###########################################################################################
Iteration 0
Current defender payoff matrix:
[[-42.76926795]]
Current attacker payoff matrix:
[[-2261.95357849]]
Attacker's mixed strategy: [1.0]
Defender's mixed strategy: [1.0]
2026-08-01 17:12:04,145 / INFO: Iteration 0: def=-42.76926794650649 att=-2261.953578491123
attack-17-0_0
2026-08-01 17:12:07,878 / INFO: Episode 240, Ave step reward -0.009000000000000001
2026-08-01 17:12:14,345 / INFO: Episode 180, Ave step reward -2.34900000000001
2026-08-01 17:12:14,749 / INFO: Episode 190, Ave step reward -2.2245000000000092
2026-08-01 17:12:15,888 / INFO: Episode 220, Ave step reward -2.39200000000001
2026-08-01 17:12:16,883 / INFO: Episode 180, Ave step reward -0.006999999999999999
2026-08-01 17:12:17,992 / INFO: Episode 120, Ave step reward -2.2425000000000095
2026-08-01 17:12:21,255 / INFO: Episode 120, Ave step reward -115.29179610243065
2026-08-01 17:12:24,045 / INFO: Episode 30, Ave step reward -103.98608085252675
2026-08-01 17:12:27,650 / INFO: Episode 250, Ave step reward -0.006999999999999999
2026-08-01 17:12:31,529 / INFO: Episode 190, Ave step reward -2.34350000000001
2026-08-01 17:12:32,855 / INFO: Episode 200, Ave step reward -2.1725000000000088
2026-08-01 17:12:33,958 / INFO: Episode 230, Ave step reward -2.34700000000001
2026-08-01 17:12:35,540 / INFO: Episode 130, Ave step reward -2.1290000000000084
2026-08-01 17:12:36,511 / INFO: Episode 190, Ave step reward -0.010499999999999999
2026-08-01 17:12:39,124 / INFO: Episode 130, Ave step reward -116.8987702800842
2026-08-01 17:12:41,314 / INFO: Episode 40, Ave step reward -103.92690469936794
2026-08-01 17:12:47,543 / INFO: Episode 260, Ave step reward -0.0125
2026-08-01 17:12:49,525 / INFO: Episode 200, Ave step reward -2.2030000000000087
2026-08-01 17:12:51,271 / INFO: Episode 210, Ave step reward -2.2840000000000096
2026-08-01 17:12:52,584 / INFO: Episode 240, Ave step reward -2.2410000000000094
2026-08-01 17:12:53,027 / INFO: Episode 140, Ave step reward -2.255000000000009
2026-08-01 17:12:56,350 / INFO: Episode 200, Ave step reward -0.016
2026-08-01 17:12:57,606 / INFO: Episode 140, Ave step reward -117.60444483426865
2026-08-01 17:12:58,253 / INFO: Episode 50, Ave step reward -108.4481960721236
2026-08-01 17:13:07,051 / INFO: Episode 210, Ave step reward -2.199500000000009
2026-08-01 17:13:07,077 / INFO: Episode 270, Ave step reward -0.0034999999999999996
2026-08-01 17:13:09,621 / INFO: Episode 220, Ave step reward -2.2680000000000096
2026-08-01 17:13:10,308 / INFO: Episode 150, Ave step reward -2.36500000000001
2026-08-01 17:13:10,697 / INFO: Episode 250, Ave step reward -2.253500000000009
2026-08-01 17:13:15,484 / INFO: Episode 60, Ave step reward -106.85982000852034
2026-08-01 17:13:16,082 / INFO: Episode 150, Ave step reward -116.8504243659846
2026-08-01 17:13:16,320 / INFO: Episode 210, Ave step reward -0.019500000000000003
2026-08-01 17:13:25,400 / INFO: Episode 220, Ave step reward -2.187000000000009
2026-08-01 17:13:27,400 / INFO: Episode 280, Ave step reward -0.0125
2026-08-01 17:13:27,834 / INFO: Episode 160, Ave step reward -2.33800000000001
2026-08-01 17:13:28,202 / INFO: Episode 230, Ave step reward -2.28600000000001
2026-08-01 17:13:29,513 / INFO: Episode 260, Ave step reward -2.2590000000000092
2026-08-01 17:13:32,423 / INFO: Episode 70, Ave step reward -110.43344683209074
2026-08-01 17:13:34,065 / INFO: Episode 160, Ave step reward -117.69730810662695
2026-08-01 17:13:35,598 / INFO: Episode 220, Ave step reward -0.0125
2026-08-01 17:13:43,710 / INFO: Episode 230, Ave step reward -2.188500000000009
2026-08-01 17:13:45,666 / INFO: Episode 170, Ave step reward -2.2820000000000094
2026-08-01 17:13:46,375 / INFO: Episode 240, Ave step reward -2.016000000000008
2026-08-01 17:13:47,065 / INFO: Episode 290, Ave step reward 0.0
2026-08-01 17:13:47,756 / INFO: Episode 270, Ave step reward -2.185000000000009
2026-08-01 17:13:48,671 / INFO: Episode 80, Ave step reward -111.10909505311372
2026-08-01 17:13:52,023 / INFO: Episode 170, Ave step reward -117.1336324368614
2026-08-01 17:13:55,076 / INFO: Episode 230, Ave step reward -0.0125
2026-08-01 17:14:01,262 / INFO: Episode 240, Ave step reward -2.35600000000001
2026-08-01 17:14:03,757 / INFO: Episode 180, Ave step reward -2.2140000000000093
2026-08-01 17:14:04,387 / INFO: Episode 250, Ave step reward -2.2355000000000094
2026-08-01 17:14:05,797 / INFO: Episode 280, Ave step reward -2.37600000000001
2026-08-01 17:14:05,827 / INFO: Episode 90, Ave step reward -109.96394343043197
2026-08-01 17:14:06,797 / INFO: Episode 300, Ave step reward -0.0125
2026-08-01 17:14:09,842 / INFO: Episode 180, Ave step reward -119.56874841998543
2026-08-01 17:14:14,691 / INFO: Episode 240, Ave step reward -0.009000000000000001
2026-08-01 17:14:19,241 / INFO: Episode 250, Ave step reward -2.239000000000009
2026-08-01 17:14:20,445 / INFO: Non-strategic (Uniform) utility: -2426.8747426260798
2026-08-01 17:14:21,377 / INFO: Episode 190, Ave step reward -2.2085000000000092
defend-5-1_1
2026-08-01 17:14:21,981 / INFO: Episode 260, Ave step reward -2.1240000000000085
2026-08-01 17:14:23,138 / INFO: Episode 100, Ave step reward -114.06296233611843
2026-08-01 17:14:23,647 / INFO: Episode 290, Ave step reward -2.2410000000000094
2026-08-01 17:14:27,201 / INFO: Episode 310, Ave step reward -0.0125
2026-08-01 17:14:28,224 / INFO: Episode 190, Ave step reward -118.19543165957599
2026-08-01 17:14:34,041 / INFO: Episode 250, Ave step reward -0.009000000000000001
2026-08-01 17:14:37,219 / INFO: Episode 260, Ave step reward -2.190500000000009
2026-08-01 17:14:38,234 / INFO: Episode 30, Ave step reward -2.330000000000009
2026-08-01 17:14:39,667 / INFO: find_mixed_NE: 1 equilibria found. Defender utility range: min=-42.7555, max=-42.7555, mean=-42.7555
###########################################################################################
Iteration 0
Current defender payoff matrix:
[[-42.7554707]]
Current attacker payoff matrix:
[[-2261.96124363]]
Attacker's mixed strategy: [1.0]
Defender's mixed strategy: [1.0]
2026-08-01 17:14:39,677 / INFO: Iteration 0: def=-42.75547069529416 att=-2261.961243630687
2026-08-01 17:14:39,805 / INFO: Episode 200, Ave step reward -2.2030000000000087
2026-08-01 17:14:39,970 / INFO: Episode 270, Ave step reward -2.3255000000000097
2026-08-01 17:14:40,392 / INFO: Episode 110, Ave step reward -112.42036816079428
2026-08-01 17:14:42,034 / INFO: Episode 300, Ave step reward -2.37050000000001
attack-18-0_0
2026-08-01 17:14:46,479 / INFO: Episode 320, Ave step reward -0.0125
2026-08-01 17:14:46,858 / INFO: Episode 200, Ave step reward -119.07892734107223
2026-08-01 17:14:53,736 / INFO: Episode 260, Ave step reward -0.009000000000000001
2026-08-01 17:14:54,708 / INFO: Episode 40, Ave step reward -2.4960000000000107
2026-08-01 17:14:55,644 / INFO: Episode 270, Ave step reward -2.2625000000000095
2026-08-01 17:14:57,771 / INFO: Episode 210, Ave step reward -2.3020000000000094
2026-08-01 17:14:57,932 / INFO: Episode 120, Ave step reward -113.33216586065663
2026-08-01 17:14:57,969 / INFO: Episode 280, Ave step reward -2.1670000000000087
2026-08-01 17:14:59,706 / INFO: Episode 310, Ave step reward -2.2500000000000093
2026-08-01 17:14:59,934 / INFO: Episode 30, Ave step reward -100.89626012566765
2026-08-01 17:15:05,485 / INFO: Episode 330, Ave step reward 0.0
2026-08-01 17:15:05,558 / INFO: Episode 210, Ave step reward -116.70142734107223
2026-08-01 17:15:10,833 / INFO: Episode 50, Ave step reward -2.42400000000001
2026-08-01 17:15:12,192 / INFO: Episode 270, Ave step reward -0.009000000000000001
2026-08-01 17:15:12,798 / INFO: Episode 280, Ave step reward -2.187000000000009
2026-08-01 17:15:14,660 / INFO: Episode 130, Ave step reward -116.38112775397997
2026-08-01 17:15:15,056 / INFO: Episode 220, Ave step reward -2.1725000000000088
2026-08-01 17:15:15,640 / INFO: Episode 290, Ave step reward -2.3940000000000103
2026-08-01 17:15:16,328 / INFO: Episode 40, Ave step reward -103.94506729775475
2026-08-01 17:15:17,030 / INFO: Episode 320, Ave step reward -2.2500000000000093
2026-08-01 17:15:22,937 / INFO: Episode 220, Ave step reward -120.35351571793373
2026-08-01 17:15:23,300 / INFO: Episode 340, Ave step reward -0.009000000000000001
2026-08-01 17:15:26,681 / INFO: Episode 60, Ave step reward -2.3375000000000092
2026-08-01 17:15:29,700 / INFO: Episode 290, Ave step reward -2.253500000000009
2026-08-01 17:15:29,798 / INFO: Episode 280, Ave step reward 0.0
2026-08-01 17:15:31,163 / INFO: Episode 140, Ave step reward -116.209143952159
2026-08-01 17:15:32,123 / INFO: Episode 230, Ave step reward -2.3470000000000097
2026-08-01 17:15:32,452 / INFO: Episode 50, Ave step reward -104.31870653279243
2026-08-01 17:15:33,402 / INFO: Episode 300, Ave step reward -2.37600000000001
2026-08-01 17:15:34,510 / INFO: Episode 330, Ave step reward -2.205000000000009
2026-08-01 17:15:40,273 / INFO: Episode 230, Ave step reward -121.32350449793987
2026-08-01 17:15:41,483 / INFO: Episode 350, Ave step reward 0.0
2026-08-01 17:15:42,321 / INFO: Episode 70, Ave step reward -2.3270000000000097
2026-08-01 17:15:46,588 / INFO: Episode 300, Ave step reward -2.28600000000001
2026-08-01 17:15:48,526 / INFO: Episode 150, Ave step reward -112.34812071279899
2026-08-01 17:15:48,987 / INFO: Episode 240, Ave step reward -2.2445000000000093
2026-08-01 17:15:49,247 / INFO: Episode 290, Ave step reward -0.0125
2026-08-01 17:15:49,516 / INFO: Episode 60, Ave step reward -107.5964925475854
2026-08-01 17:15:50,771 / INFO: Episode 310, Ave step reward -2.2715000000000094
2026-08-01 17:15:52,064 / INFO: Episode 340, Ave step reward -2.28600000000001
2026-08-01 17:15:57,858 / INFO: Episode 240, Ave step reward -121.12901445063991
2026-08-01 17:15:58,176 / INFO: Episode 80, Ave step reward -2.41650000000001
2026-08-01 17:15:59,797 / INFO: Episode 360, Ave step reward -0.009000000000000001
2026-08-01 17:16:04,385 / INFO: Episode 310, Ave step reward -2.2985000000000095
2026-08-01 17:16:04,841 / INFO: Episode 160, Ave step reward -118.37995655833103
2026-08-01 17:16:05,758 / INFO: Episode 250, Ave step reward -2.1815000000000087
2026-08-01 17:16:06,307 / INFO: Episode 70, Ave step reward -109.76666161666998
2026-08-01 17:16:07,198 / INFO: Episode 300, Ave step reward -0.0125
2026-08-01 17:16:07,439 / INFO: Episode 320, Ave step reward -2.2680000000000096
2026-08-01 17:16:09,201 / INFO: Episode 350, Ave step reward -2.28600000000001
2026-08-01 17:16:13,774 / INFO: Episode 90, Ave step reward -2.3685000000000103
2026-08-01 17:16:14,985 / INFO: Episode 250, Ave step reward -122.57641123103727
2026-08-01 17:16:17,956 / INFO: Episode 370, Ave step reward -0.009000000000000001
2026-08-01 17:16:21,171 / INFO: Episode 170, Ave step reward -119.75493497836607
2026-08-01 17:16:21,594 / INFO: Episode 320, Ave step reward -2.2950000000000097
2026-08-01 17:16:22,805 / INFO: Episode 260, Ave step reward -2.224500000000009
2026-08-01 17:16:23,187 / INFO: Episode 80, Ave step reward -108.84459045837637
2026-08-01 17:16:24,923 / INFO: Episode 330, Ave step reward -2.2140000000000093
2026-08-01 17:16:26,537 / INFO: Episode 310, Ave step reward -0.0034999999999999996
2026-08-01 17:16:26,678 / INFO: Episode 360, Ave step reward -2.34900000000001
2026-08-01 17:16:29,550 / INFO: Episode 100, Ave step reward -2.195500000000009
2026-08-01 17:16:32,914 / INFO: Episode 260, Ave step reward -121.3636511782815
2026-08-01 17:16:36,836 / INFO: Episode 380, Ave step reward -0.009000000000000001
2026-08-01 17:16:38,269 / INFO: Episode 180, Ave step reward -119.22027198787809
2026-08-01 17:16:38,716 / INFO: Episode 330, Ave step reward -2.2985000000000095
2026-08-01 17:16:39,970 / INFO: Episode 270, Ave step reward -2.2805000000000093
2026-08-01 17:16:40,370 / INFO: Episode 90, Ave step reward -112.04382485566813
2026-08-01 17:16:42,085 / INFO: Episode 340, Ave step reward -2.2355000000000094
2026-08-01 17:16:43,588 / INFO: Episode 370, Ave step reward -2.2410000000000094
2026-08-01 17:16:45,017 / INFO: Episode 320, Ave step reward -0.009000000000000001
2026-08-01 17:16:45,612 / INFO: Episode 110, Ave step reward -2.41150000000001
2026-08-01 17:16:49,809 / INFO: Episode 270, Ave step reward -120.37863973045278
2026-08-01 17:16:55,185 / INFO: Episode 190, Ave step reward -119.89865584048772
2026-08-01 17:16:55,241 / INFO: Episode 390, Ave step reward -0.0125
2026-08-01 17:16:55,604 / INFO: Episode 340, Ave step reward -2.3165000000000098
2026-08-01 17:16:56,936 / INFO: Episode 280, Ave step reward -2.3110000000000097
2026-08-01 17:16:57,605 / INFO: Episode 100, Ave step reward -111.80233252513673
2026-08-01 17:16:59,008 / INFO: Episode 350, Ave step reward -2.185000000000009
2026-08-01 17:17:00,680 / INFO: Episode 120, Ave step reward -2.3235000000000094
2026-08-01 17:17:00,806 / INFO: Episode 380, Ave step reward -2.31300000000001
2026-08-01 17:17:03,460 / INFO: Episode 330, Ave step reward 0.0
2026-08-01 17:17:07,386 / INFO: Episode 280, Ave step reward -122.19792307096726
2026-08-01 17:17:11,674 / INFO: Episode 200, Ave step reward -119.74961330334004
2026-08-01 17:17:12,165 / INFO: Episode 350, Ave step reward -2.253500000000009
2026-08-01 17:17:12,796 / INFO: Episode 400, Ave step reward 0.0
2026-08-01 17:17:13,891 / INFO: Episode 110, Ave step reward -111.67212969350891
2026-08-01 17:17:14,216 / INFO: Episode 290, Ave step reward -2.163500000000009
2026-08-01 17:17:16,115 / INFO: Episode 130, Ave step reward -2.4890000000000105
2026-08-01 17:17:16,687 / INFO: Episode 360, Ave step reward -2.232000000000009
2026-08-01 17:17:17,576 / INFO: Episode 390, Ave step reward -2.36700000000001
2026-08-01 17:17:22,030 / INFO: Episode 340, Ave step reward -0.0034999999999999996
2026-08-01 17:17:24,368 / INFO: Episode 290, Ave step reward -122.2786236204178
2026-08-01 17:17:28,986 / INFO: Episode 210, Ave step reward -120.08294493106615
2026-08-01 17:17:30,063 / INFO: Episode 360, Ave step reward -2.0880000000000085
2026-08-01 17:17:30,642 / INFO: Episode 140, Ave step reward -2.39900000000001
2026-08-01 17:17:30,687 / INFO: Episode 120, Ave step reward -115.38419727745406
2026-08-01 17:17:31,495 / INFO: Episode 300, Ave step reward -2.31300000000001
2026-08-01 17:17:31,575 / INFO: Episode 410, Ave step reward -0.009000000000000001
2026-08-01 17:17:33,391 / INFO: Episode 370, Ave step reward -2.205000000000009
2026-08-01 17:17:34,579 / INFO: Episode 400, Ave step reward -2.34900000000001
2026-08-01 17:17:39,573 / INFO: Episode 350, Ave step reward -0.0125
2026-08-01 17:17:41,358 / INFO: Episode 300, Ave step reward -123.05776886919934
2026-08-01 17:17:45,453 / INFO: Episode 150, Ave step reward -2.2695000000000096
2026-08-01 17:17:45,690 / INFO: Episode 220, Ave step reward -120.20946224092607
2026-08-01 17:17:46,849 / INFO: Episode 370, Ave step reward -2.196000000000009
2026-08-01 17:17:47,448 / INFO: Episode 130, Ave step reward -113.74380381584677
2026-08-01 17:17:48,329 / INFO: Episode 310, Ave step reward -2.2950000000000097
2026-08-01 17:17:49,489 / INFO: Episode 420, Ave step reward -0.0125
2026-08-01 17:17:50,643 / INFO: Episode 380, Ave step reward -2.169000000000009
2026-08-01 17:17:51,384 / INFO: Episode 410, Ave step reward -2.2950000000000097
2026-08-01 17:17:57,670 / INFO: Episode 360, Ave step reward -0.009000000000000001
2026-08-01 17:17:58,747 / INFO: Episode 310, Ave step reward -121.75082848837212
2026-08-01 17:18:00,168 / INFO: Episode 160, Ave step reward -2.1955000000000084
2026-08-01 17:18:02,417 / INFO: Episode 230, Ave step reward -120.29888519602578
2026-08-01 17:18:03,526 / INFO: Episode 380, Ave step reward -2.2500000000000093
2026-08-01 17:18:04,180 / INFO: Episode 140, Ave step reward -117.49340700772585
2026-08-01 17:18:05,250 / INFO: Episode 320, Ave step reward -2.2410000000000094
2026-08-01 17:18:07,386 / INFO: Episode 430, Ave step reward -0.009000000000000001
2026-08-01 17:18:07,403 / INFO: Episode 390, Ave step reward -2.2680000000000096
2026-08-01 17:18:08,377 / INFO: Episode 420, Ave step reward -2.31300000000001
2026-08-01 17:18:14,800 / INFO: Episode 170, Ave step reward -2.226500000000009
2026-08-01 17:18:15,943 / INFO: Episode 370, Ave step reward 0.0
2026-08-01 17:18:16,434 / INFO: Episode 320, Ave step reward -121.34512793892154
2026-08-01 17:18:19,118 / INFO: Episode 240, Ave step reward -120.50346941864987
2026-08-01 17:18:20,026 / INFO: Episode 390, Ave step reward -2.169000000000009
2026-08-01 17:18:21,471 / INFO: Episode 150, Ave step reward -116.9255858613439
2026-08-01 17:18:22,149 / INFO: Episode 330, Ave step reward -2.142000000000009
2026-08-01 17:18:24,282 / INFO: Episode 400, Ave step reward -2.34900000000001
2026-08-01 17:18:25,763 / INFO: Episode 430, Ave step reward -2.223000000000009
2026-08-01 17:18:25,784 / INFO: Episode 440, Ave step reward 0.0
2026-08-01 17:18:30,263 / INFO: Episode 180, Ave step reward -2.4440000000000106
2026-08-01 17:18:35,233 / INFO: Episode 330, Ave step reward -121.94222229368184
2026-08-01 17:18:35,379 / INFO: Episode 380, Ave step reward 0.0
2026-08-01 17:18:37,540 / INFO: Episode 250, Ave step reward -121.09238662758597
2026-08-01 17:18:37,935 / INFO: Episode 400, Ave step reward -2.34900000000001
2026-08-01 17:18:39,623 / INFO: Episode 160, Ave step reward -116.69325617314678
2026-08-01 17:18:39,773 / INFO: Episode 340, Ave step reward -2.142000000000009
2026-08-01 17:18:42,355 / INFO: Episode 410, Ave step reward -2.2500000000000093
2026-08-01 17:18:44,127 / INFO: Episode 440, Ave step reward -2.1330000000000084
2026-08-01 17:18:44,545 / INFO: Episode 450, Ave step reward -0.009000000000000001
2026-08-01 17:18:45,337 / INFO: Episode 190, Ave step reward -2.4910000000000108
2026-08-01 17:18:52,277 / INFO: Episode 340, Ave step reward -123.29986322395962
2026-08-01 17:18:53,684 / INFO: Episode 390, Ave step reward 0.0
2026-08-01 17:18:53,897 / INFO: Episode 260, Ave step reward -120.20878795432192
2026-08-01 17:18:55,214 / INFO: Episode 410, Ave step reward -2.223000000000009
2026-08-01 17:18:56,765 / INFO: Episode 170, Ave step reward -117.79005562369625
2026-08-01 17:18:56,902 / INFO: Episode 350, Ave step reward -2.1060000000000083
2026-08-01 17:18:59,716 / INFO: Episode 420, Ave step reward -2.3040000000000096
2026-08-01 17:19:01,331 / INFO: Episode 200, Ave step reward -2.4425000000000106
2026-08-01 17:19:01,817 / INFO: Episode 450, Ave step reward -2.187000000000009
2026-08-01 17:19:03,160 / INFO: Episode 460, Ave step reward -0.009000000000000001
2026-08-01 17:19:10,075 / INFO: Episode 350, Ave step reward -122.60945210878992
2026-08-01 17:19:11,295 / INFO: Episode 270, Ave step reward -121.841927389471
2026-08-01 17:19:11,962 / INFO: Episode 420, Ave step reward -2.1275000000000084
2026-08-01 17:19:12,483 / INFO: Episode 400, Ave step reward 0.0
2026-08-01 17:19:14,025 / INFO: Episode 180, Ave step reward -117.34945208811467
2026-08-01 17:19:14,128 / INFO: Episode 360, Ave step reward -2.169000000000009
2026-08-01 17:19:15,771 / INFO: Episode 210, Ave step reward -2.38650000000001
2026-08-01 17:19:16,494 / INFO: Episode 430, Ave step reward -2.3040000000000096
2026-08-01 17:19:19,404 / INFO: Episode 460, Ave step reward -2.3165000000000098
2026-08-01 17:19:21,582 / INFO: Episode 470, Ave step reward -0.009000000000000001
2026-08-01 17:19:27,907 / INFO: Episode 360, Ave step reward -122.60555232558141
2026-08-01 17:19:28,288 / INFO: Episode 280, Ave step reward -121.6856917123317
2026-08-01 17:19:29,522 / INFO: Episode 430, Ave step reward -2.2590000000000092
2026-08-01 17:19:30,325 / INFO: Episode 410, Ave step reward -0.0125
2026-08-01 17:19:31,062 / INFO: Episode 220, Ave step reward -2.4045000000000103
2026-08-01 17:19:31,283 / INFO: Episode 190, Ave step reward -120.4756321606278
2026-08-01 17:19:31,336 / INFO: Episode 370, Ave step reward -2.2805000000000093
2026-08-01 17:19:33,990 / INFO: Episode 440, Ave step reward -2.2770000000000095
2026-08-01 17:19:37,153 / INFO: Episode 470, Ave step reward -2.3310000000000097
2026-08-01 17:19:40,657 / INFO: Episode 480, Ave step reward -0.009000000000000001
2026-08-01 17:19:45,797 / INFO: Episode 290, Ave step reward -122.37573562874053
2026-08-01 17:19:46,060 / INFO: Episode 370, Ave step reward -123.105
2026-08-01 17:19:46,109 / INFO: Episode 230, Ave step reward -2.2030000000000087
2026-08-01 17:19:46,556 / INFO: Episode 440, Ave step reward -2.4210000000000105
2026-08-01 17:19:48,424 / INFO: Episode 380, Ave step reward -2.34350000000001
2026-08-01 17:19:49,360 / INFO: Episode 200, Ave step reward -119.74721368439786
2026-08-01 17:19:49,419 / INFO: Episode 420, Ave step reward -0.009000000000000001
2026-08-01 17:19:51,745 / INFO: Episode 450, Ave step reward -2.2500000000000093
2026-08-01 17:19:54,099 / INFO: Episode 480, Ave step reward -2.2770000000000095
2026-08-01 17:19:59,529 / INFO: Episode 490, Ave step reward -0.009000000000000001
2026-08-01 17:20:01,373 / INFO: Episode 240, Ave step reward -2.4390000000000107
2026-08-01 17:20:02,462 / INFO: Episode 300, Ave step reward -122.25833993620087
2026-08-01 17:20:03,445 / INFO: Episode 450, Ave step reward -2.248000000000009
2026-08-01 17:20:03,546 / INFO: Episode 380, Ave step reward -123.0852761627907
2026-08-01 17:20:06,097 / INFO: Episode 390, Ave step reward -2.28600000000001
2026-08-01 17:20:07,353 / INFO: Episode 210, Ave step reward -120.19266147468406
2026-08-01 17:20:07,773 / INFO: Episode 430, Ave step reward -0.009000000000000001
2026-08-01 17:20:09,584 / INFO: Episode 460, Ave step reward -2.2085000000000092
2026-08-01 17:20:11,472 / INFO: Episode 490, Ave step reward -2.34900000000001
2026-08-01 17:20:17,038 / INFO: Episode 250, Ave step reward -2.3940000000000103
2026-08-01 17:20:18,176 / INFO: Episode 500, Ave step reward -0.009000000000000001
2026-08-01 17:20:19,455 / INFO: Episode 310, Ave step reward -121.23569923375797
2026-08-01 17:20:20,789 / INFO: Episode 460, Ave step reward -2.28600000000001
2026-08-01 17:20:22,128 / INFO: Episode 390, Ave step reward -123.0275
2026-08-01 17:20:23,821 / INFO: Episode 400, Ave step reward -2.1330000000000084
2026-08-01 17:20:25,578 / INFO: Episode 220, Ave step reward -120.68339841911717
2026-08-01 17:20:26,822 / INFO: Episode 440, Ave step reward -0.009000000000000001
2026-08-01 17:20:27,378 / INFO: Episode 470, Ave step reward -2.205000000000009
2026-08-01 17:20:29,092 / INFO: Episode 500, Ave step reward -2.142000000000009
2026-08-01 17:20:32,732 / INFO: Episode 260, Ave step reward -2.35800000000001
2026-08-01 17:20:37,153 / INFO: Episode 320, Ave step reward -122.02793451879602
2026-08-01 17:20:38,426 / INFO: Episode 470, Ave step reward -2.169000000000009
2026-08-01 17:20:40,129 / INFO: Episode 400, Ave step reward -123.5390407134863
2026-08-01 17:20:40,850 / INFO: Episode 410, Ave step reward -2.223000000000009
2026-08-01 17:20:43,215 / INFO: Episode 230, Ave step reward -120.88486920185841
2026-08-01 17:20:45,129 / INFO: Episode 480, Ave step reward -2.2770000000000095
2026-08-01 17:20:45,741 / INFO: Episode 450, Ave step reward 0.0
2026-08-01 17:20:48,749 / INFO: Episode 270, Ave step reward -2.36150000000001
2026-08-01 17:20:54,649 / INFO: Episode 330, Ave step reward -122.86641720893607
2026-08-01 17:20:56,080 / INFO: Episode 480, Ave step reward -2.28600000000001
2026-08-01 17:20:58,092 / INFO: Episode 420, Ave step reward -2.2950000000000097
2026-08-01 17:20:58,404 / INFO: Episode 410, Ave step reward -123.30527616279069
2026-08-01 17:21:01,803 / INFO: Episode 240, Ave step reward -121.5175348514551
2026-08-01 17:21:03,274 / INFO: Episode 490, Ave step reward -2.3040000000000096
2026-08-01 17:21:04,593 / INFO: Episode 280, Ave step reward -2.2590000000000092
2026-08-01 17:21:04,733 / INFO: Episode 460, Ave step reward -0.009000000000000001
2026-08-01 17:21:12,171 / INFO: Episode 340, Ave step reward -123.07249270640862
2026-08-01 17:21:13,571 / INFO: Episode 490, Ave step reward -2.2410000000000094
2026-08-01 17:21:15,792 / INFO: Episode 430, Ave step reward -2.2895000000000096
2026-08-01 17:21:16,667 / INFO: Episode 420, Ave step reward -123.33027616279071
2026-08-01 17:21:19,844 / INFO: Episode 250, Ave step reward -121.40056997914382
2026-08-01 17:21:20,325 / INFO: Episode 290, Ave step reward -2.33800000000001
2026-08-01 17:21:20,997 / INFO: Episode 500, Ave step reward -2.28600000000001
2026-08-01 17:21:24,388 / INFO: Episode 470, Ave step reward 0.0
2026-08-01 17:21:29,810 / INFO: Episode 350, Ave step reward -122.82929790702197
2026-08-01 17:21:31,689 / INFO: Episode 500, Ave step reward -2.1060000000000083
2026-08-01 17:21:33,736 / INFO: Episode 440, Ave step reward -2.34000000000001
2026-08-01 17:21:35,201 / INFO: Episode 430, Ave step reward -123.28069923375797
2026-08-01 17:21:36,009 / INFO: Episode 300, Ave step reward -2.36700000000001
2026-08-01 17:21:38,053 / INFO: Episode 260, Ave step reward -120.92794049669483
2026-08-01 17:21:44,148 / INFO: Episode 480, Ave step reward -0.009000000000000001
2026-08-01 17:21:48,013 / INFO: Episode 360, Ave step reward -122.55347539654868
2026-08-01 17:21:52,368 / INFO: Episode 310, Ave step reward -2.3310000000000097
2026-08-01 17:21:52,597 / INFO: Episode 450, Ave step reward -2.35800000000001
2026-08-01 17:21:53,548 / INFO: Episode 440, Ave step reward -123.1927761627907
2026-08-01 17:21:56,546 / INFO: Episode 270, Ave step reward -122.5997586886644
2026-08-01 17:22:04,820 / INFO: Episode 490, Ave step reward -0.009000000000000001
2026-08-01 17:22:06,426 / INFO: Episode 370, Ave step reward -123.35622684002043
2026-08-01 17:22:08,773 / INFO: Episode 320, Ave step reward -2.4640000000000106
2026-08-01 17:22:11,092 / INFO: Episode 460, Ave step reward -2.187000000000009
2026-08-01 17:22:13,124 / INFO: Episode 450, Ave step reward -123.22014690817656
2026-08-01 17:22:15,313 / INFO: Episode 280, Ave step reward -121.91557988344512
2026-08-01 17:22:24,775 / INFO: Episode 380, Ave step reward -123.11555232558139
2026-08-01 17:22:25,414 / INFO: Episode 500, Ave step reward -0.009000000000000001
2026-08-01 17:22:25,416 / INFO: Episode 330, Ave step reward -2.3885000000000103
2026-08-01 17:22:30,028 / INFO: Episode 470, Ave step reward -2.36700000000001
2026-08-01 17:22:32,696 / INFO: Episode 460, Ave step reward -123.11389380530973
2026-08-01 17:22:34,598 / INFO: Episode 290, Ave step reward -120.45126169147554
2026-08-01 17:22:42,178 / INFO: Episode 340, Ave step reward -2.2680000000000096
2026-08-01 17:22:43,981 / INFO: Episode 390, Ave step reward -122.39707561334015
2026-08-01 17:22:49,116 / INFO: Episode 480, Ave step reward -2.3850000000000104
2026-08-01 17:22:51,961 / INFO: Episode 470, Ave step reward -123.0275
2026-08-01 17:22:53,951 / INFO: Episode 300, Ave step reward -122.1220930390677
2026-08-01 17:22:59,068 / INFO: Episode 350, Ave step reward -2.32200000000001
2026-08-01 17:23:02,577 / INFO: Episode 400, Ave step reward -122.97889380530972
2026-08-01 17:23:07,834 / INFO: Episode 490, Ave step reward -2.2680000000000096
2026-08-01 17:23:10,781 / INFO: Episode 480, Ave step reward -123.27
2026-08-01 17:23:12,842 / INFO: Episode 310, Ave step reward -122.7240407134863
2026-08-01 17:23:15,445 / INFO: Episode 360, Ave step reward -2.34350000000001
2026-08-01 17:23:20,568 / INFO: Episode 410, Ave step reward -122.94596941864988
2026-08-01 17:23:26,432 / INFO: Episode 500, Ave step reward -2.223000000000009
2026-08-01 17:23:29,691 / INFO: Episode 490, Ave step reward -123.54
2026-08-01 17:23:31,832 / INFO: Episode 320, Ave step reward -123.0814112310373
2026-08-01 17:23:32,002 / INFO: Episode 370, Ave step reward -2.37600000000001
2026-08-01 17:23:38,691 / INFO: Episode 420, Ave step reward -123.43527616279069
2026-08-01 17:23:48,685 / INFO: Episode 380, Ave step reward -2.466000000000011
2026-08-01 17:23:49,062 / INFO: Episode 500, Ave step reward -122.7825
2026-08-01 17:23:50,965 / INFO: Episode 330, Ave step reward -122.42236322395962
2026-08-01 17:23:57,326 / INFO: Episode 430, Ave step reward -122.90389380530975
2026-08-01 17:24:05,588 / INFO: Episode 390, Ave step reward -2.4390000000000107
2026-08-01 17:24:10,099 / INFO: Episode 340, Ave step reward -123.02448850377246
2026-08-01 17:24:16,057 / INFO: Episode 440, Ave step reward -123.39
2026-08-01 17:24:25,638 / INFO: Episode 400, Ave step reward -2.4840000000000106
2026-08-01 17:24:32,829 / INFO: Episode 350, Ave step reward -122.50694613089112
2026-08-01 17:24:39,333 / INFO: Episode 450, Ave step reward -122.9
2026-08-01 17:24:43,747 / INFO: Episode 410, Ave step reward -2.39750000000001
2026-08-01 17:24:52,574 / INFO: Episode 360, Ave step reward -122.90722229368183
2026-08-01 17:24:57,841 / INFO: Episode 460, Ave step reward -123.40527616279068
2026-08-01 17:24:59,915 / INFO: Episode 420, Ave step reward -2.3310000000000097
2026-08-01 17:25:11,424 / INFO: Episode 370, Ave step reward -122.50567451443905
2026-08-01 17:25:16,465 / INFO: Episode 430, Ave step reward -2.38300000000001
2026-08-01 17:25:16,785 / INFO: Episode 470, Ave step reward -122.65277616279069
2026-08-01 17:25:19,171 / INFO: RL utililty: -43.10619586192518
2026-08-01 17:25:30,912 / INFO: Episode 380, Ave step reward -123.32179945054945
2026-08-01 17:25:33,163 / INFO: Episode 440, Ave step reward -2.37600000000001
2026-08-01 17:25:35,459 / INFO: Episode 480, Ave step reward -123.3652761627907
2026-08-01 17:25:46,235 / INFO: RL utililty: -2.55132
2026-08-01 17:25:49,631 / INFO: Episode 450, Ave step reward -2.4785000000000106
2026-08-01 17:25:50,057 / INFO: Episode 390, Ave step reward -123.33889380530972
2026-08-01 17:25:54,393 / INFO: Episode 490, Ave step reward -123.4
2026-08-01 17:26:06,623 / INFO: Episode 460, Ave step reward -2.4210000000000105
2026-08-01 17:26:07,482 / INFO: RL utililty: -42.884533238389906
2026-08-01 17:26:10,344 / INFO: Episode 400, Ave step reward -123.53889380530974
2026-08-01 17:26:14,065 / INFO: Episode 500, Ave step reward -123.145
2026-08-01 17:26:15,027 / INFO: RL utililty: -42.817434549453914
2026-08-01 17:26:23,706 / INFO: Episode 470, Ave step reward -2.36700000000001
2026-08-01 17:26:29,957 / INFO: Episode 410, Ave step reward -123.45179945054944
2026-08-01 17:26:40,747 / INFO: Episode 480, Ave step reward -2.4840000000000106
2026-08-01 17:26:49,605 / INFO: Episode 420, Ave step reward -123.06834745762711
2026-08-01 17:26:57,275 / INFO: Episode 490, Ave step reward -2.2590000000000092
2026-08-01 17:27:09,376 / INFO: Episode 430, Ave step reward -123.29457561334013
2026-08-01 17:27:14,373 / INFO: Episode 500, Ave step reward -2.4210000000000105
2026-08-01 17:27:28,200 / INFO: Episode 440, Ave step reward -122.79527616279069
2026-08-01 17:27:47,460 / INFO: Episode 450, Ave step reward -123.58
2026-08-01 17:27:53,068 / INFO: RL utililty: -2.54448
2026-08-01 17:28:05,970 / INFO: RL utililty: -42.94082429648709
2026-08-01 17:28:06,694 / INFO: Episode 460, Ave step reward -123.48
2026-08-01 17:28:19,517 / INFO: RL utililty: -2471.9342266072395
2026-08-01 17:28:25,873 / INFO: Episode 470, Ave step reward -123.28
2026-08-01 17:28:32,162 / INFO: Non-strategic (Uniform) utility: -42.977127300341564
2026-08-01 17:28:45,541 / INFO: Episode 480, Ave step reward -123.03027616279068
2026-08-01 17:29:04,020 / INFO: Episode 490, Ave step reward -123.28
2026-08-01 17:29:16,111 / INFO: Non-strategic (Uniform) utility: -43.105044429195246
2026-08-01 17:29:22,956 / INFO: Episode 500, Ave step reward -123.485
2026-08-01 17:29:24,196 / INFO: Non-strategic (Uniform) utility: -42.487333231304966
2026-08-01 17:29:47,977 / INFO: Non-strategic (Uniform) utility: -2.407679999999997
2026-08-01 17:30:06,448 / INFO: RL utililty: -45.208671221880095
2026-08-01 17:30:16,767 / INFO: RL utililty: -2469.855368694613
2026-08-01 17:31:13,011 / INFO: Non-strategic (Uniform) utility: -42.84125803321239
2026-08-01 17:31:21,556 / INFO: Non-strategic (Uniform) utility: -2426.964573183621
defend-16-0_0
2026-08-01 17:31:39,218 / INFO: Episode 30, Ave step reward -2.3620000000000094
2026-08-01 17:31:54,938 / INFO: Non-strategic (Uniform) utility: -2.5992021760162403
2026-08-01 17:31:55,657 / INFO: Episode 40, Ave step reward -2.2980000000000094
2026-08-01 17:32:11,905 / INFO: Episode 50, Ave step reward -2.216500000000009
2026-08-01 17:32:28,656 / INFO: Episode 60, Ave step reward -2.37900000000001
2026-08-01 17:32:45,237 / INFO: Episode 70, Ave step reward -2.204500000000009
2026-08-01 17:33:02,647 / INFO: Episode 80, Ave step reward -2.301000000000009
2026-08-01 17:33:14,050 / INFO: Non-strategic (Uniform) utility: -42.26834976953239
2026-08-01 17:33:19,989 / INFO: Episode 90, Ave step reward -2.202500000000009
2026-08-01 17:33:22,220 / INFO: Non-strategic (Uniform) utility: -2427.110900439627
defend-17-0_0
2026-08-01 17:33:37,777 / INFO: Episode 100, Ave step reward -2.1990000000000087
2026-08-01 17:33:41,036 / INFO: Episode 30, Ave step reward -2.268500000000009
2026-08-01 17:33:49,802 / INFO: RL utililty: -2471.9142781400055
2026-08-01 17:33:55,766 / INFO: Episode 110, Ave step reward -2.3110000000000097
2026-08-01 17:33:58,421 / INFO: Episode 40, Ave step reward -2.154000000000009
2026-08-01 17:34:14,426 / INFO: Episode 120, Ave step reward -2.3070000000000097
2026-08-01 17:34:15,652 / INFO: Episode 50, Ave step reward -2.2515000000000094
2026-08-01 17:34:33,242 / INFO: Episode 130, Ave step reward -2.35050000000001
2026-08-01 17:34:33,389 / INFO: Episode 60, Ave step reward -2.2585000000000095
2026-08-01 17:34:51,341 / INFO: Episode 70, Ave step reward -2.224500000000009
2026-08-01 17:34:51,983 / INFO: Episode 140, Ave step reward -2.2750000000000092
2026-08-01 17:35:09,192 / INFO: Episode 80, Ave step reward -2.1485000000000083
2026-08-01 17:35:10,517 / INFO: Episode 150, Ave step reward -2.3110000000000097
2026-08-01 17:35:26,964 / INFO: Episode 90, Ave step reward -2.3085000000000093
2026-08-01 17:35:28,797 / INFO: Episode 160, Ave step reward -2.3470000000000097
2026-08-01 17:35:45,272 / INFO: Episode 100, Ave step reward -2.39900000000001
2026-08-01 17:35:47,435 / INFO: Episode 170, Ave step reward -2.3200000000000096
2026-08-01 17:36:03,502 / INFO: Episode 110, Ave step reward -2.2460000000000093
2026-08-01 17:36:05,946 / INFO: Episode 180, Ave step reward -2.264000000000009
2026-08-01 17:36:21,846 / INFO: Episode 120, Ave step reward -2.222500000000009
2026-08-01 17:36:24,340 / INFO: Episode 190, Ave step reward -2.196000000000009
2026-08-01 17:36:40,239 / INFO: Episode 130, Ave step reward -2.273000000000009
2026-08-01 17:36:43,108 / INFO: Episode 200, Ave step reward -2.31800000000001
2026-08-01 17:36:58,424 / INFO: Episode 140, Ave step reward -2.3000000000000096
2026-08-01 17:37:01,936 / INFO: Episode 210, Ave step reward -2.30750000000001
2026-08-01 17:37:03,779 / INFO: Non-strategic (Uniform) utility: -2426.9183015653093
defend-18-0_0
2026-08-01 17:37:17,773 / INFO: Episode 150, Ave step reward -2.3360000000000096
2026-08-01 17:37:21,023 / INFO: Episode 220, Ave step reward -2.2570000000000094
2026-08-01 17:37:22,110 / INFO: Episode 30, Ave step reward -2.6865000000000077
2026-08-01 17:37:36,920 / INFO: Episode 160, Ave step reward -2.212000000000009
2026-08-01 17:37:39,563 / INFO: Episode 40, Ave step reward -2.2330000000000085
2026-08-01 17:37:40,454 / INFO: Episode 230, Ave step reward -2.1615000000000086
2026-08-01 17:37:55,419 / INFO: Episode 170, Ave step reward -2.1830000000000087
2026-08-01 17:37:56,502 / INFO: Episode 50, Ave step reward -2.317500000000009
2026-08-01 17:37:58,741 / INFO: Episode 240, Ave step reward -2.34000000000001
2026-08-01 17:38:13,815 / INFO: Episode 60, Ave step reward -2.2605000000000093
2026-08-01 17:38:14,982 / INFO: Episode 180, Ave step reward -2.3865000000000105
2026-08-01 17:38:18,177 / INFO: Episode 250, Ave step reward -2.2770000000000095
2026-08-01 17:38:30,906 / INFO: Episode 70, Ave step reward -2.2855000000000096
2026-08-01 17:38:33,641 / INFO: Episode 190, Ave step reward -2.1220000000000083
2026-08-01 17:38:37,692 / INFO: Episode 260, Ave step reward -2.2770000000000095
2026-08-01 17:38:49,444 / INFO: Episode 80, Ave step reward -2.39350000000001
2026-08-01 17:38:52,191 / INFO: Episode 200, Ave step reward -2.2085000000000092
2026-08-01 17:38:57,859 / INFO: Episode 270, Ave step reward -2.2950000000000097
2026-08-01 17:39:07,060 / INFO: Episode 90, Ave step reward -2.078500000000008
2026-08-01 17:39:10,727 / INFO: Episode 210, Ave step reward -2.246000000000009
2026-08-01 17:39:16,880 / INFO: Episode 280, Ave step reward -2.4030000000000102
2026-08-01 17:39:25,006 / INFO: Episode 100, Ave step reward -2.2805000000000093
2026-08-01 17:39:29,942 / INFO: Episode 220, Ave step reward -2.2895000000000096
2026-08-01 17:39:36,256 / INFO: Episode 290, Ave step reward -2.1130000000000084
2026-08-01 17:39:43,252 / INFO: Episode 110, Ave step reward -2.221000000000009
2026-08-01 17:39:49,061 / INFO: Episode 230, Ave step reward -2.1670000000000087
2026-08-01 17:39:55,539 / INFO: Episode 300, Ave step reward -2.30750000000001
2026-08-01 17:40:01,766 / INFO: Episode 120, Ave step reward -2.36300000000001
2026-08-01 17:40:02,262 / INFO: find_mixed_NE: 1 equilibria found. Defender utility range: min=-43.0881, max=-43.0881, mean=-43.0881
###########################################################################################
Iteration 0
Current defender payoff matrix:
[[-43.08805132]]
Current attacker payoff matrix:
[[-2261.77647662]]
Attacker's mixed strategy: [1.0]
Defender's mixed strategy: [1.0]
2026-08-01 17:40:02,268 / INFO: Iteration 0: def=-43.0880513233164 att=-2261.7764766151167
attack-19-0_0
2026-08-01 17:40:07,371 / INFO: find_mixed_NE: 1 equilibria found. Defender utility range: min=-42.1740, max=-42.1740, mean=-42.1740
###########################################################################################
Iteration 2
Current defender payoff matrix:
[[-42.78375662 -55.26820854 -50.71806916]
 [-42.54865731 -55.1792903  -49.87415401]
 [-42.1740249  -55.03847076 -50.18695879]]
Current attacker payoff matrix:
[[-2261.94552923 -2469.29543663 -2471.82329184]
 [-2262.07613995 -2469.34483565 -2472.29213359]
 [-2262.28426907 -2469.42306873 -2472.11835316]]
Attacker's mixed strategy: [1.0, 0.0, 0.0]
Defender's mixed strategy: [0.0, 0.0, 1.0]
2026-08-01 17:40:07,377 / INFO: Iteration 2: def=-42.17402489874864 att=-2262.284269073211
2026-08-01 17:40:08,187 / INFO: Episode 240, Ave step reward -2.2030000000000087
attack-2-2_0
2026-08-01 17:40:14,482 / INFO: Episode 310, Ave step reward -2.3310000000000097
2026-08-01 17:40:20,195 / INFO: Episode 130, Ave step reward -2.2440000000000087
2026-08-01 17:40:21,271 / INFO: Episode 30, Ave step reward -100.01104581298212
2026-08-01 17:40:26,730 / INFO: Episode 250, Ave step reward -2.4515000000000104
2026-08-01 17:40:32,151 / INFO: Episode 30, Ave step reward -95.90952351552023
2026-08-01 17:40:33,670 / INFO: Episode 320, Ave step reward -2.205000000000009
2026-08-01 17:40:38,253 / INFO: Episode 140, Ave step reward -2.2750000000000092
2026-08-01 17:40:38,947 / INFO: Episode 40, Ave step reward -101.65553247402313
2026-08-01 17:40:45,159 / INFO: Episode 260, Ave step reward -2.2085000000000092
2026-08-01 17:40:51,487 / INFO: Episode 40, Ave step reward -96.74315047237342
2026-08-01 17:40:51,929 / INFO: Episode 330, Ave step reward -2.205000000000009
2026-08-01 17:40:56,054 / INFO: Episode 50, Ave step reward -106.82305389912746
2026-08-01 17:40:56,293 / INFO: Episode 150, Ave step reward -2.264000000000009
2026-08-01 17:41:03,415 / INFO: Episode 270, Ave step reward -2.1275000000000084
2026-08-01 17:41:10,182 / INFO: Episode 340, Ave step reward -2.2625000000000095
2026-08-01 17:41:10,646 / INFO: Episode 50, Ave step reward -100.00140653038528
2026-08-01 17:41:13,807 / INFO: Episode 160, Ave step reward -2.33450000000001
2026-08-01 17:41:13,809 / INFO: Episode 60, Ave step reward -109.7832952104631
2026-08-01 17:41:21,681 / INFO: Episode 280, Ave step reward -2.194000000000009
2026-08-01 17:41:28,756 / INFO: Episode 350, Ave step reward -2.1725000000000088
2026-08-01 17:41:30,015 / INFO: Episode 60, Ave step reward -93.18468454880191
2026-08-01 17:41:31,441 / INFO: Episode 70, Ave step reward -110.11116912292636
2026-08-01 17:41:31,489 / INFO: Episode 170, Ave step reward -2.2945000000000095
2026-08-01 17:41:40,114 / INFO: Episode 290, Ave step reward -2.2590000000000092
2026-08-01 17:41:47,010 / INFO: Episode 360, Ave step reward -2.3310000000000097
2026-08-01 17:41:48,694 / INFO: Episode 80, Ave step reward -112.02267733620887
2026-08-01 17:41:48,815 / INFO: Episode 180, Ave step reward -2.37400000000001
2026-08-01 17:41:49,624 / INFO: Episode 70, Ave step reward -102.95647471232809
2026-08-01 17:41:58,531 / INFO: Episode 300, Ave step reward -2.36150000000001
2026-08-01 17:42:06,355 / INFO: Episode 370, Ave step reward -2.0610000000000084
2026-08-01 17:42:06,519 / INFO: Episode 190, Ave step reward -2.2875000000000094
2026-08-01 17:42:07,006 / INFO: Episode 90, Ave step reward -113.25846942959842
2026-08-01 17:42:09,892 / INFO: Episode 80, Ave step reward -110.95317940287495
2026-08-01 17:42:17,364 / INFO: Episode 310, Ave step reward -2.232000000000009
2026-08-01 17:42:24,463 / INFO: Episode 200, Ave step reward -2.39550000000001
2026-08-01 17:42:25,221 / INFO: Episode 100, Ave step reward -111.96298176104322
2026-08-01 17:42:25,259 / INFO: Episode 380, Ave step reward -2.223000000000009
2026-08-01 17:42:30,525 / INFO: Episode 90, Ave step reward -112.92834017498424
2026-08-01 17:42:36,325 / INFO: Episode 320, Ave step reward -2.2625000000000095
2026-08-01 17:42:42,166 / INFO: Episode 210, Ave step reward -2.31300000000001
2026-08-01 17:42:43,920 / INFO: Episode 110, Ave step reward -113.43000332583841
2026-08-01 17:42:44,189 / INFO: Episode 390, Ave step reward -2.226500000000009
2026-08-01 17:42:50,873 / INFO: Episode 100, Ave step reward -114.15849700813739
2026-08-01 17:42:54,609 / INFO: Episode 330, Ave step reward -2.2625000000000095
2026-08-01 17:43:00,141 / INFO: Episode 220, Ave step reward -2.2625000000000095
2026-08-01 17:43:02,057 / INFO: Episode 120, Ave step reward -115.95100424942973
2026-08-01 17:43:02,653 / INFO: Episode 400, Ave step reward -2.4750000000000107
2026-08-01 17:43:12,035 / INFO: Episode 110, Ave step reward -116.13246514693972
2026-08-01 17:43:13,695 / INFO: Episode 340, Ave step reward -2.35250000000001
2026-08-01 17:43:17,704 / INFO: find_mixed_NE: 1 equilibria found. Defender utility range: min=-42.9834, max=-42.9834, mean=-42.9834
###########################################################################################
Iteration 1
Current defender payoff matrix:
[[-43.10587504 -50.17273885]
 [-42.98339063 -50.46143134]]
Current attacker payoff matrix:
[[-2261.76657455 -2472.12625312]
 [-2261.83462145 -2471.96586841]]
Attacker's mixed strategy: [1.0, 0.0]
Defender's mixed strategy: [0.0, 1.0]
2026-08-01 17:43:17,708 / INFO: Iteration 1: def=-42.983390626328 att=-2261.834621446779
2026-08-01 17:43:18,400 / INFO: Episode 230, Ave step reward -2.35250000000001
attack-12-1_0
2026-08-01 17:43:20,459 / INFO: Episode 130, Ave step reward -115.6035067045658
2026-08-01 17:43:21,551 / INFO: Episode 410, Ave step reward -2.35250000000001
2026-08-01 17:43:32,093 / INFO: Episode 350, Ave step reward -2.2590000000000092
2026-08-01 17:43:32,852 / INFO: Episode 120, Ave step reward -116.49432414919309
2026-08-01 17:43:36,532 / INFO: Episode 240, Ave step reward -2.1130000000000084
2026-08-01 17:43:38,105 / INFO: Episode 140, Ave step reward -116.201146775534
2026-08-01 17:43:39,976 / INFO: Episode 420, Ave step reward -2.2140000000000093
2026-08-01 17:43:42,345 / INFO: Episode 30, Ave step reward -104.30911680700936
2026-08-01 17:43:50,899 / INFO: Episode 360, Ave step reward -2.28600000000001
2026-08-01 17:43:53,304 / INFO: Episode 130, Ave step reward -116.24600607309108
2026-08-01 17:43:54,058 / INFO: Episode 250, Ave step reward -2.3885000000000103
2026-08-01 17:43:56,069 / INFO: Episode 150, Ave step reward -116.47547248892984
2026-08-01 17:43:58,791 / INFO: Episode 430, Ave step reward -2.31300000000001
2026-08-01 17:44:01,536 / INFO: Episode 40, Ave step reward -108.39378302132515
2026-08-01 17:44:09,512 / INFO: Episode 370, Ave step reward -2.3165000000000098
2026-08-01 17:44:12,146 / INFO: Episode 260, Ave step reward -2.223000000000009
2026-08-01 17:44:14,075 / INFO: Episode 160, Ave step reward -117.34476049165052
2026-08-01 17:44:14,193 / INFO: Episode 140, Ave step reward -116.89896138480353
2026-08-01 17:44:17,822 / INFO: Episode 440, Ave step reward -2.4300000000000104
2026-08-01 17:44:21,019 / INFO: Episode 50, Ave step reward -107.39645052781219
2026-08-01 17:44:27,993 / INFO: Episode 380, Ave step reward -2.3310000000000097
2026-08-01 17:44:29,864 / INFO: Episode 270, Ave step reward -2.32200000000001
2026-08-01 17:44:31,729 / INFO: Episode 170, Ave step reward -115.45879151096118
2026-08-01 17:44:35,153 / INFO: Episode 150, Ave step reward -117.09563216062779
2026-08-01 17:44:36,583 / INFO: Episode 450, Ave step reward -2.3310000000000097
2026-08-01 17:44:40,812 / INFO: Episode 60, Ave step reward -109.16022407048729
2026-08-01 17:44:46,820 / INFO: Episode 390, Ave step reward -2.40650000000001
2026-08-01 17:44:47,924 / INFO: Episode 280, Ave step reward -2.1220000000000083
2026-08-01 17:44:49,524 / INFO: Episode 180, Ave step reward -120.09350141088487
2026-08-01 17:44:55,416 / INFO: Episode 460, Ave step reward -2.4840000000000106
2026-08-01 17:44:56,111 / INFO: Episode 160, Ave step reward -116.57975844015424
2026-08-01 17:45:00,715 / INFO: Episode 70, Ave step reward -107.08450746330078
2026-08-01 17:45:05,580 / INFO: Episode 400, Ave step reward -2.4300000000000104
2026-08-01 17:45:05,943 / INFO: Episode 290, Ave step reward -2.28600000000001
2026-08-01 17:45:07,503 / INFO: Episode 190, Ave step reward -117.49299875177623
2026-08-01 17:45:13,712 / INFO: Episode 470, Ave step reward -2.34000000000001
2026-08-01 17:45:17,048 / INFO: Episode 170, Ave step reward -117.70201188672354
2026-08-01 17:45:20,489 / INFO: Episode 80, Ave step reward -111.70678251051025
2026-08-01 17:45:23,844 / INFO: Episode 300, Ave step reward -2.3310000000000097
2026-08-01 17:45:23,905 / INFO: Episode 410, Ave step reward -2.36700000000001
2026-08-01 17:45:25,040 / INFO: Episode 200, Ave step reward -120.3891860781354
2026-08-01 17:45:32,264 / INFO: Episode 480, Ave step reward -2.160000000000009
2026-08-01 17:45:37,912 / INFO: Episode 180, Ave step reward -118.36659035928378
2026-08-01 17:45:40,446 / INFO: Episode 90, Ave step reward -110.53293497286064
2026-08-01 17:45:41,804 / INFO: Episode 310, Ave step reward -2.2355000000000094
2026-08-01 17:45:42,276 / INFO: Episode 420, Ave step reward -2.1510000000000087
2026-08-01 17:45:42,690 / INFO: Episode 210, Ave step reward -119.31502028092092
2026-08-01 17:45:50,765 / INFO: Episode 490, Ave step reward -2.2410000000000094
2026-08-01 17:45:58,795 / INFO: Episode 190, Ave step reward -117.84555516412621
2026-08-01 17:45:59,806 / INFO: Episode 320, Ave step reward -2.36700000000001
2026-08-01 17:46:00,509 / INFO: Episode 220, Ave step reward -118.88557989838897
2026-08-01 17:46:00,591 / INFO: Episode 100, Ave step reward -113.02911614578514
2026-08-01 17:46:00,897 / INFO: Episode 430, Ave step reward -2.39750000000001
2026-08-01 17:46:09,120 / INFO: Episode 500, Ave step reward -2.232000000000009
2026-08-01 17:46:17,558 / INFO: Episode 330, Ave step reward -2.40100000000001
2026-08-01 17:46:18,113 / INFO: Episode 230, Ave step reward -120.84919645250136
2026-08-01 17:46:19,138 / INFO: Episode 440, Ave step reward -2.31300000000001
2026-08-01 17:46:19,920 / INFO: Episode 200, Ave step reward -121.62877159577685
2026-08-01 17:46:20,821 / INFO: Episode 110, Ave step reward -113.91593565344732
2026-08-01 17:46:35,429 / INFO: Episode 340, Ave step reward -2.36150000000001
2026-08-01 17:46:35,932 / INFO: Episode 240, Ave step reward -120.52834615632942
2026-08-01 17:46:37,734 / INFO: Episode 450, Ave step reward -2.2680000000000096
2026-08-01 17:46:41,331 / INFO: Episode 210, Ave step reward -119.88073408521306
2026-08-01 17:46:41,586 / INFO: Episode 120, Ave step reward -116.84406409643739
2026-08-01 17:46:53,545 / INFO: Episode 350, Ave step reward -2.34900000000001
2026-08-01 17:46:53,696 / INFO: Episode 250, Ave step reward -121.44795639328979
2026-08-01 17:46:56,430 / INFO: Episode 460, Ave step reward -2.2770000000000095
2026-08-01 17:47:02,309 / INFO: Episode 130, Ave step reward -115.41299014249229
2026-08-01 17:47:02,637 / INFO: Episode 220, Ave step reward -121.61973111012543
2026-08-01 17:47:11,432 / INFO: Episode 260, Ave step reward -121.4143402799033
2026-08-01 17:47:11,498 / INFO: Episode 360, Ave step reward -2.232000000000009
2026-08-01 17:47:14,942 / INFO: Episode 470, Ave step reward -2.0970000000000084
2026-08-01 17:47:23,190 / INFO: Episode 140, Ave step reward -115.57060065568629
2026-08-01 17:47:24,130 / INFO: Episode 230, Ave step reward -119.68890262175333
2026-08-01 17:47:29,393 / INFO: Episode 270, Ave step reward -121.68444504303343
2026-08-01 17:47:29,757 / INFO: Episode 370, Ave step reward -2.4210000000000105
2026-08-01 17:47:33,641 / INFO: Episode 480, Ave step reward -2.079000000000008
2026-08-01 17:47:44,196 / INFO: Episode 150, Ave step reward -117.80767183465514
2026-08-01 17:47:45,511 / INFO: Episode 240, Ave step reward -121.1658313269169
2026-08-01 17:47:47,178 / INFO: Episode 280, Ave step reward -121.81948851816738
2026-08-01 17:47:47,781 / INFO: Episode 380, Ave step reward -2.3310000000000097
2026-08-01 17:47:52,334 / INFO: Episode 490, Ave step reward -2.223000000000009
2026-08-01 17:48:05,044 / INFO: Episode 290, Ave step reward -121.95268775192537
2026-08-01 17:48:05,143 / INFO: Episode 160, Ave step reward -117.02352481451126
2026-08-01 17:48:05,852 / INFO: Episode 390, Ave step reward -2.3040000000000096
2026-08-01 17:48:07,020 / INFO: Episode 250, Ave step reward -120.91806245771755
2026-08-01 17:48:10,858 / INFO: Episode 500, Ave step reward -2.3040000000000096
2026-08-01 17:48:22,546 / INFO: Episode 300, Ave step reward -121.68457562773507
2026-08-01 17:48:23,607 / INFO: Episode 400, Ave step reward -2.3310000000000097
2026-08-01 17:48:25,807 / INFO: Episode 170, Ave step reward -119.02855079722374
2026-08-01 17:48:28,281 / INFO: Episode 260, Ave step reward -122.17779227282567
2026-08-01 17:48:40,399 / INFO: Episode 310, Ave step reward -121.9093168906719
2026-08-01 17:48:41,746 / INFO: Episode 410, Ave step reward -2.37950000000001
2026-08-01 17:48:46,878 / INFO: Episode 180, Ave step reward -117.18278343570682
2026-08-01 17:48:49,764 / INFO: Episode 270, Ave step reward -121.17514536464911
2026-08-01 17:48:58,209 / INFO: Episode 320, Ave step reward -122.54279360291316
2026-08-01 17:48:59,736 / INFO: Episode 420, Ave step reward -2.142000000000009
2026-08-01 17:49:07,666 / INFO: Episode 190, Ave step reward -119.0279303438834
2026-08-01 17:49:11,082 / INFO: Episode 280, Ave step reward -122.24277484709813
2026-08-01 17:49:15,777 / INFO: Episode 330, Ave step reward -122.54679946494434
2026-08-01 17:49:17,581 / INFO: Episode 430, Ave step reward -2.3310000000000097
2026-08-01 17:49:28,624 / INFO: Episode 200, Ave step reward -120.07544647459359
2026-08-01 17:49:32,529 / INFO: Episode 290, Ave step reward -123.21762793892154
2026-08-01 17:49:33,620 / INFO: Episode 340, Ave step reward -122.04029360291315
2026-08-01 17:49:35,784 / INFO: Episode 440, Ave step reward -2.223000000000009
2026-08-01 17:49:49,536 / INFO: Episode 210, Ave step reward -119.91820230013764
2026-08-01 17:49:51,236 / INFO: Episode 350, Ave step reward -122.21764692257148
2026-08-01 17:49:53,427 / INFO: Episode 450, Ave step reward -2.4210000000000105
2026-08-01 17:49:53,633 / INFO: Episode 300, Ave step reward -122.33569923375796
2026-08-01 17:50:08,815 / INFO: Episode 360, Ave step reward -122.73014692257148
2026-08-01 17:50:10,192 / INFO: Episode 220, Ave step reward -119.82629188072445
2026-08-01 17:50:11,110 / INFO: Episode 460, Ave step reward -2.2410000000000094
2026-08-01 17:50:14,699 / INFO: Episode 310, Ave step reward -122.99335758976329
2026-08-01 17:50:26,418 / INFO: Episode 370, Ave step reward -122.27207562773506
2026-08-01 17:50:28,941 / INFO: Episode 470, Ave step reward -2.35800000000001
2026-08-01 17:50:31,044 / INFO: Episode 230, Ave step reward -120.75791554954102
2026-08-01 17:50:35,972 / INFO: Episode 320, Ave step reward -121.97694613089112
2026-08-01 17:50:43,852 / INFO: Episode 380, Ave step reward -122.7950000143949
2026-08-01 17:50:46,597 / INFO: Episode 480, Ave step reward -2.35800000000001
2026-08-01 17:50:51,952 / INFO: Episode 240, Ave step reward -121.59932546488571
2026-08-01 17:50:57,042 / INFO: Episode 330, Ave step reward -123.60207976757755
2026-08-01 17:51:01,315 / INFO: Episode 390, Ave step reward -122.99362363481272
2026-08-01 17:51:01,789 / INFO: RL utililty: -43.02012381680209
2026-08-01 17:51:04,244 / INFO: Episode 490, Ave step reward -2.2500000000000093
2026-08-01 17:51:12,666 / INFO: Episode 250, Ave step reward -120.51295194452358
2026-08-01 17:51:18,091 / INFO: Episode 340, Ave step reward -122.41776886919934
2026-08-01 17:51:18,868 / INFO: Episode 400, Ave step reward -122.49667596039413
2026-08-01 17:51:21,900 / INFO: Episode 500, Ave step reward -2.2590000000000092
2026-08-01 17:51:33,602 / INFO: Episode 260, Ave step reward -121.91004629928386
2026-08-01 17:51:36,354 / INFO: Episode 410, Ave step reward -122.7650000143949
2026-08-01 17:51:38,987 / INFO: Episode 350, Ave step reward -123.33
2026-08-01 17:51:53,565 / INFO: Episode 420, Ave step reward -122.77584747202204
2026-08-01 17:51:54,222 / INFO: Episode 270, Ave step reward -121.59806975130894
2026-08-01 17:51:59,774 / INFO: Episode 360, Ave step reward -123.2685989010989
2026-08-01 17:52:10,923 / INFO: Episode 430, Ave step reward -123.0400000143949
2026-08-01 17:52:14,771 / INFO: Episode 280, Ave step reward -120.9840466913851
2026-08-01 17:52:21,064 / INFO: Episode 370, Ave step reward -122.96112362041782
2026-08-01 17:52:29,361 / INFO: Episode 440, Ave step reward -122.51669492964915
2026-08-01 17:52:37,003 / INFO: Episode 290, Ave step reward -122.23321665948549
2026-08-01 17:52:43,585 / INFO: Episode 380, Ave step reward -122.54197107804494
2026-08-01 17:52:48,024 / INFO: Episode 450, Ave step reward -122.05834747202204
2026-08-01 17:52:59,114 / INFO: Episode 300, Ave step reward -122.83427916560186
2026-08-01 17:53:05,479 / INFO: Episode 390, Ave step reward -123.57207561334013
2026-08-01 17:53:06,045 / INFO: Episode 460, Ave step reward -123.0700000143949
2026-08-01 17:53:06,918 / INFO: RL utililty: -43.107041878870966
2026-08-01 17:53:19,979 / INFO: Episode 310, Ave step reward -123.04224126293684
2026-08-01 17:53:23,347 / INFO: Episode 470, Ave step reward -123.1750000143949
2026-08-01 17:53:26,200 / INFO: Episode 400, Ave step reward -123.09416996810043
2026-08-01 17:53:40,528 / INFO: Episode 480, Ave step reward -123.06889381970463
2026-08-01 17:53:40,605 / INFO: Episode 320, Ave step reward -122.02806975130896
2026-08-01 17:53:42,096 / INFO: Non-strategic (Uniform) utility: -43.00400255292684
attack-16-0_1
2026-08-01 17:53:46,895 / INFO: Episode 410, Ave step reward -123.07207561334015
2026-08-01 17:53:57,732 / INFO: Episode 30, Ave step reward -99.94164786833886
2026-08-01 17:53:58,261 / INFO: Episode 490, Ave step reward -122.7785989154938
2026-08-01 17:54:01,717 / INFO: Episode 330, Ave step reward -123.32916996810044
2026-08-01 17:54:08,406 / INFO: Episode 420, Ave step reward -122.6575
2026-08-01 17:54:13,793 / INFO: Episode 40, Ave step reward -102.18099242950028
2026-08-01 17:54:16,122 / INFO: Episode 500, Ave step reward -123.02362363481272
2026-08-01 17:54:22,868 / INFO: Episode 340, Ave step reward -122.26889226178226
2026-08-01 17:54:29,797 / INFO: Episode 430, Ave step reward -122.3735989010989
2026-08-01 17:54:29,986 / INFO: Episode 50, Ave step reward -105.74846326062206
2026-08-01 17:54:43,931 / INFO: Episode 350, Ave step reward -122.7508284883721
2026-08-01 17:54:46,410 / INFO: Episode 60, Ave step reward -102.44700384252077
2026-08-01 17:54:51,120 / INFO: Episode 440, Ave step reward -123.29069325585917
2026-08-01 17:55:03,007 / INFO: Episode 70, Ave step reward -108.1790924704881
2026-08-01 17:55:05,117 / INFO: Episode 360, Ave step reward -122.54389978320853
2026-08-01 17:55:12,432 / INFO: Episode 450, Ave step reward -123.57
2026-08-01 17:55:19,850 / INFO: Episode 80, Ave step reward -111.02040281665694
2026-08-01 17:55:26,128 / INFO: Episode 370, Ave step reward -123.25096941864987
2026-08-01 17:55:33,814 / INFO: Episode 460, Ave step reward -123.0725
2026-08-01 17:55:36,738 / INFO: Episode 90, Ave step reward -110.67465728681981
2026-08-01 17:55:45,744 / INFO: Non-strategic (Uniform) utility: -42.61525227653817
attack-17-0_1
2026-08-01 17:55:47,417 / INFO: Episode 380, Ave step reward -123.255
2026-08-01 17:55:53,783 / INFO: Episode 100, Ave step reward -113.31225137963888
2026-08-01 17:55:55,047 / INFO: Episode 470, Ave step reward -123.58
2026-08-01 17:55:58,864 / INFO: RL utililty: -43.37929483743284
2026-08-01 17:56:02,009 / INFO: Episode 30, Ave step reward -101.28636623611412
2026-08-01 17:56:08,864 / INFO: Episode 390, Ave step reward -122.9577761627907
2026-08-01 17:56:11,298 / INFO: Episode 110, Ave step reward -110.95115963633226
2026-08-01 17:56:16,697 / INFO: Episode 480, Ave step reward -123.0625
2026-08-01 17:56:18,003 / INFO: Episode 40, Ave step reward -99.12524677805524
2026-08-01 17:56:29,298 / INFO: Episode 120, Ave step reward -112.97748017482179
2026-08-01 17:56:30,797 / INFO: Episode 400, Ave step reward -123.49557522123892
2026-08-01 17:56:34,484 / INFO: Episode 50, Ave step reward -106.07142735202078
2026-08-01 17:56:38,605 / INFO: Episode 490, Ave step reward -123.35055232558139
2026-08-01 17:56:47,145 / INFO: Episode 130, Ave step reward -115.18636256341618
2026-08-01 17:56:50,945 / INFO: Episode 60, Ave step reward -105.0262050099402
2026-08-01 17:56:52,432 / INFO: Episode 410, Ave step reward -122.72363506824657
2026-08-01 17:57:00,234 / INFO: Episode 500, Ave step reward -123.21929945054944
2026-08-01 17:57:05,008 / INFO: Episode 140, Ave step reward -116.79071176062662
2026-08-01 17:57:07,527 / INFO: Episode 70, Ave step reward -109.09522961339151
2026-08-01 17:57:13,828 / INFO: Episode 420, Ave step reward -123.13
2026-08-01 17:57:22,886 / INFO: Episode 150, Ave step reward -115.11978541960875
2026-08-01 17:57:24,069 / INFO: Episode 80, Ave step reward -110.81772148045258
2026-08-01 17:57:35,166 / INFO: Episode 430, Ave step reward -123.07707561334014
2026-08-01 17:57:40,691 / INFO: Episode 160, Ave step reward -118.23969633670372
2026-08-01 17:57:40,999 / INFO: Episode 90, Ave step reward -112.27827932826298
2026-08-01 17:57:56,490 / INFO: Episode 440, Ave step reward -123.29862362041781
2026-08-01 17:57:58,035 / INFO: Episode 100, Ave step reward -111.50929683823433
2026-08-01 17:57:58,625 / INFO: Episode 170, Ave step reward -115.99209335236561
2026-08-01 17:58:12,742 / INFO: find_mixed_NE: 1 equilibria found. Defender utility range: min=-2.4829, max=-2.4829, mean=-2.4829
###########################################################################################
Iteration 2
Current defender payoff matrix:
[[-42.90496087  -2.4966     -48.92719859]
 [-43.06253934  -2.50344    -49.01598527]
 [-42.91462338  -2.48292    -49.23875641]]
Current attacker payoff matrix:
[[-2261.87819353  -598.61397172 -2468.39196903]
 [-2261.79064994  -598.61017172 -2468.3426431 ]
 [-2261.87282547  -598.62157172 -2468.21888135]]
Attacker's mixed strategy: [0.0, 1.0, 0.0]
Defender's mixed strategy: [0.0, 0.0, 1.0]
2026-08-01 17:58:12,746 / INFO: Iteration 2: def=-2.4829199999999987 att=-598.621571717776
attack-9-2_0
2026-08-01 17:58:15,342 / INFO: Episode 110, Ave step reward -116.23697680743356
2026-08-01 17:58:16,693 / INFO: Episode 180, Ave step reward -116.44574961998285
2026-08-01 17:58:17,841 / INFO: Episode 450, Ave step reward -123.2559694186499
2026-08-01 17:58:29,775 / INFO: RL utililty: -2369.3081491965454
2026-08-01 17:58:32,699 / INFO: Episode 120, Ave step reward -115.3347849101603
2026-08-01 17:58:34,904 / INFO: Episode 190, Ave step reward -119.89614813643406
2026-08-01 17:58:37,693 / INFO: Episode 30, Ave step reward -101.3501539707228
2026-08-01 17:58:39,299 / INFO: Episode 460, Ave step reward -122.73139380530972
2026-08-01 17:58:40,287 / INFO: Non-strategic (Uniform) utility: -42.62187395267355
attack-18-0_1
2026-08-01 17:58:50,428 / INFO: Episode 130, Ave step reward -117.23298568744575
2026-08-01 17:58:53,465 / INFO: Episode 200, Ave step reward -117.33594660423037
2026-08-01 17:58:56,818 / INFO: Episode 40, Ave step reward -104.10155622135194
2026-08-01 17:58:56,818 / INFO: Episode 30, Ave step reward -103.09635943142149
2026-08-01 17:59:01,124 / INFO: Episode 470, Ave step reward -122.95889978320851
2026-08-01 17:59:08,515 / INFO: Episode 140, Ave step reward -113.5700363743073
2026-08-01 17:59:12,312 / INFO: Episode 210, Ave step reward -117.53843924011682
2026-08-01 17:59:13,249 / INFO: Episode 40, Ave step reward -104.8663378263491
2026-08-01 17:59:16,269 / INFO: Episode 50, Ave step reward -106.37983876249422
2026-08-01 17:59:23,117 / INFO: Episode 480, Ave step reward -123.25
2026-08-01 17:59:26,646 / INFO: Episode 150, Ave step reward -116.11264250542904
2026-08-01 17:59:29,923 / INFO: Episode 50, Ave step reward -105.18831833395548
2026-08-01 17:59:31,099 / INFO: Episode 220, Ave step reward -119.50545411054735
2026-08-01 17:59:35,921 / INFO: Episode 60, Ave step reward -110.89729998463659
2026-08-01 17:59:44,869 / INFO: Episode 160, Ave step reward -118.51061319137278
2026-08-01 17:59:44,934 / INFO: Episode 490, Ave step reward -123.055
2026-08-01 17:59:46,870 / INFO: Episode 60, Ave step reward -107.60664836585507
2026-08-01 17:59:49,961 / INFO: Episode 230, Ave step reward -118.25267110030427
2026-08-01 17:59:55,524 / INFO: Episode 70, Ave step reward -108.70128482591646
2026-08-01 18:00:03,306 / INFO: Episode 170, Ave step reward -117.58708995201273
2026-08-01 18:00:04,061 / INFO: Episode 70, Ave step reward -112.41456545892355
2026-08-01 18:00:06,864 / INFO: Episode 500, Ave step reward -123.52724126293684
2026-08-01 18:00:09,088 / INFO: Episode 240, Ave step reward -118.64433778806709
2026-08-01 18:00:15,710 / INFO: Episode 80, Ave step reward -112.5245363575324
2026-08-01 18:00:21,197 / INFO: Episode 80, Ave step reward -113.2433807242042
2026-08-01 18:00:21,495 / INFO: Episode 180, Ave step reward -119.86354532729376
2026-08-01 18:00:27,861 / INFO: Episode 250, Ave step reward -119.88539988344358
2026-08-01 18:00:35,835 / INFO: Episode 90, Ave step reward -112.003265828938
2026-08-01 18:00:38,495 / INFO: Episode 90, Ave step reward -112.25343740413439
2026-08-01 18:00:39,793 / INFO: Episode 190, Ave step reward -121.44557856775253
2026-08-01 18:00:46,623 / INFO: Episode 260, Ave step reward -118.96753079049924
2026-08-01 18:00:55,798 / INFO: Episode 100, Ave step reward -111.87991416477442
2026-08-01 18:00:55,874 / INFO: Episode 100, Ave step reward -112.73911819728143
2026-08-01 18:00:57,868 / INFO: Episode 200, Ave step reward -119.95608852045261
2026-08-01 18:01:04,603 / INFO: Episode 270, Ave step reward -119.31933501569819
2026-08-01 18:01:11,104 / INFO: Non-strategic (Uniform) utility: -2427.0619919335454
defend-19-0_0
2026-08-01 18:01:12,064 / INFO: Episode 110, Ave step reward -113.76467753632025
2026-08-01 18:01:14,589 / INFO: Episode 110, Ave step reward -114.05150899978
2026-08-01 18:01:14,726 / INFO: Episode 210, Ave step reward -119.30170350386297
2026-08-01 18:01:21,823 / INFO: Episode 280, Ave step reward -119.68925337171441
2026-08-01 18:01:27,033 / INFO: Episode 30, Ave step reward -2.45950000000001
2026-08-01 18:01:28,139 / INFO: Episode 120, Ave step reward -112.8301570196375
2026-08-01 18:01:31,588 / INFO: Episode 220, Ave step reward -120.82669228386906
2026-08-01 18:01:33,448 / INFO: Episode 120, Ave step reward -115.96014562410781
2026-08-01 18:01:39,182 / INFO: Episode 290, Ave step reward -120.59082696766455
2026-08-01 18:01:42,134 / INFO: Episode 40, Ave step reward -2.329500000000009
2026-08-01 18:01:44,406 / INFO: Episode 130, Ave step reward -115.80640419690455
2026-08-01 18:01:48,510 / INFO: Episode 230, Ave step reward -120.85308608917877
2026-08-01 18:01:52,389 / INFO: Episode 130, Ave step reward -115.39006398447009
2026-08-01 18:01:56,452 / INFO: Episode 300, Ave step reward -118.70266620163146
2026-08-01 18:01:57,413 / INFO: Episode 50, Ave step reward -2.1865000000000085
2026-08-01 18:02:00,777 / INFO: Episode 140, Ave step reward -117.85120811767038
2026-08-01 18:02:05,458 / INFO: Episode 240, Ave step reward -120.32588828698098
2026-08-01 18:02:11,439 / INFO: Episode 140, Ave step reward -113.31913716653649
2026-08-01 18:02:13,001 / INFO: Episode 60, Ave step reward -2.1125000000000083
2026-08-01 18:02:13,875 / INFO: Episode 310, Ave step reward -119.40444322396894
2026-08-01 18:02:17,470 / INFO: Episode 150, Ave step reward -116.21813289643141
2026-08-01 18:02:22,636 / INFO: Episode 250, Ave step reward -120.67361478329899
2026-08-01 18:02:28,958 / INFO: Episode 70, Ave step reward -2.3520000000000096
2026-08-01 18:02:30,737 / INFO: Episode 150, Ave step reward -115.84722825090539
2026-08-01 18:02:31,600 / INFO: Episode 320, Ave step reward -120.33711440967157
2026-08-01 18:02:34,146 / INFO: Episode 160, Ave step reward -117.57404821423728
2026-08-01 18:02:39,719 / INFO: Episode 260, Ave step reward -119.95819216800147
2026-08-01 18:02:44,865 / INFO: Episode 80, Ave step reward -2.249500000000009
2026-08-01 18:02:49,038 / INFO: Episode 330, Ave step reward -119.9685591928005
2026-08-01 18:02:49,986 / INFO: Episode 160, Ave step reward -117.12363664339786
2026-08-01 18:02:50,836 / INFO: Episode 170, Ave step reward -118.22256086579138
2026-08-01 18:02:56,798 / INFO: Episode 270, Ave step reward -122.39336333982723
2026-08-01 18:03:00,986 / INFO: Episode 90, Ave step reward -2.3990000000000102
2026-08-01 18:03:06,672 / INFO: Episode 340, Ave step reward -120.19047116317077
2026-08-01 18:03:07,648 / INFO: Episode 180, Ave step reward -120.948366178372
2026-08-01 18:03:09,461 / INFO: Episode 170, Ave step reward -116.3230668920889
2026-08-01 18:03:14,056 / INFO: Episode 280, Ave step reward -121.66457561334015
2026-08-01 18:03:17,056 / INFO: Episode 100, Ave step reward -2.204500000000009
2026-08-01 18:03:24,064 / INFO: Episode 350, Ave step reward -120.21408880568981
2026-08-01 18:03:24,340 / INFO: Episode 190, Ave step reward -118.99071511595804
2026-08-01 18:03:28,762 / INFO: Episode 180, Ave step reward -119.77502186009887
2026-08-01 18:03:31,229 / INFO: Episode 290, Ave step reward -121.83501013213616
2026-08-01 18:03:33,326 / INFO: Episode 110, Ave step reward -2.3145000000000095
2026-08-01 18:03:41,135 / INFO: Episode 200, Ave step reward -120.916962468761
2026-08-01 18:03:41,609 / INFO: Episode 360, Ave step reward -120.1610452260299
2026-08-01 18:03:48,277 / INFO: Episode 190, Ave step reward -119.36365095044667
2026-08-01 18:03:48,519 / INFO: Episode 300, Ave step reward -122.01944613089114
2026-08-01 18:03:49,926 / INFO: Episode 120, Ave step reward -2.2585000000000095
2026-08-01 18:03:58,429 / INFO: Episode 210, Ave step reward -119.46559730917267
2026-08-01 18:03:59,591 / INFO: Episode 370, Ave step reward -120.01388997533277
2026-08-01 18:04:05,940 / INFO: Episode 310, Ave step reward -122.69864104614537
2026-08-01 18:04:06,578 / INFO: Episode 130, Ave step reward -2.255000000000009
2026-08-01 18:04:07,999 / INFO: Episode 200, Ave step reward -119.56445603519244
2026-08-01 18:04:13,307 / INFO: RL utililty: -2472.672085637045
2026-08-01 18:04:15,355 / INFO: Episode 220, Ave step reward -120.34892602537965
2026-08-01 18:04:16,978 / INFO: Episode 380, Ave step reward -120.79611450347633
2026-08-01 18:04:23,006 / INFO: Episode 320, Ave step reward -122.54889380530975
2026-08-01 18:04:23,051 / INFO: Episode 140, Ave step reward -2.3180000000000094
2026-08-01 18:04:27,468 / INFO: Episode 210, Ave step reward -120.74975007938045
2026-08-01 18:04:32,176 / INFO: Episode 230, Ave step reward -121.07555516412619
2026-08-01 18:04:34,406 / INFO: Episode 390, Ave step reward -120.07804051107878
2026-08-01 18:04:39,567 / INFO: Episode 150, Ave step reward -2.163500000000009
2026-08-01 18:04:40,163 / INFO: Episode 330, Ave step reward -122.42614127398025
2026-08-01 18:04:47,012 / INFO: Episode 220, Ave step reward -121.01458551764146
2026-08-01 18:04:49,158 / INFO: Episode 240, Ave step reward -119.79485023260338
2026-08-01 18:04:51,788 / INFO: Episode 400, Ave step reward -120.29419585992684
2026-08-01 18:04:56,181 / INFO: Episode 160, Ave step reward -2.185000000000009
2026-08-01 18:04:57,458 / INFO: Episode 340, Ave step reward -121.90777616279071
2026-08-01 18:05:06,290 / INFO: Episode 250, Ave step reward -121.84586488335466
2026-08-01 18:05:06,558 / INFO: Episode 230, Ave step reward -121.40555100988882
2026-08-01 18:05:09,175 / INFO: Episode 410, Ave step reward -120.79382131835902
2026-08-01 18:05:12,831 / INFO: Episode 170, Ave step reward -2.2300000000000093
2026-08-01 18:05:14,633 / INFO: Episode 350, Ave step reward -122.69319325585919
2026-08-01 18:05:23,343 / INFO: Episode 260, Ave step reward -121.61475737297182
2026-08-01 18:05:26,324 / INFO: Episode 240, Ave step reward -119.77528606709203
2026-08-01 18:05:26,859 / INFO: Episode 420, Ave step reward -120.72184323120278
2026-08-01 18:05:29,731 / INFO: Episode 180, Ave step reward -2.4350000000000103
2026-08-01 18:05:32,021 / INFO: Episode 360, Ave step reward -123.0508284883721
2026-08-01 18:05:40,494 / INFO: Episode 270, Ave step reward -121.15669359956162
2026-08-01 18:05:44,330 / INFO: Episode 430, Ave step reward -120.65744493877682
2026-08-01 18:05:45,816 / INFO: Episode 250, Ave step reward -120.13695626302733
2026-08-01 18:05:46,377 / INFO: Episode 190, Ave step reward -2.2300000000000093
2026-08-01 18:05:49,056 / INFO: Episode 370, Ave step reward -122.50874558144058
2026-08-01 18:05:57,486 / INFO: Episode 280, Ave step reward -121.955469598086
2026-08-01 18:06:01,721 / INFO: Episode 440, Ave step reward -120.41836674679642
2026-08-01 18:06:03,188 / INFO: Episode 200, Ave step reward -2.34900000000001
2026-08-01 18:06:05,283 / INFO: Episode 260, Ave step reward -120.84612777465522
2026-08-01 18:06:06,271 / INFO: Episode 380, Ave step reward -123.50779358851825
2026-08-01 18:06:14,548 / INFO: Episode 290, Ave step reward -122.36416996810043
2026-08-01 18:06:19,124 / INFO: Episode 450, Ave step reward -120.74032217790577
2026-08-01 18:06:19,915 / INFO: Episode 210, Ave step reward -2.37400000000001
2026-08-01 18:06:23,393 / INFO: Episode 390, Ave step reward -121.91654669138508
2026-08-01 18:06:24,800 / INFO: Episode 270, Ave step reward -122.37334745762712
2026-08-01 18:06:31,596 / INFO: Episode 300, Ave step reward -122.47139978320851
2026-08-01 18:06:36,711 / INFO: Episode 460, Ave step reward -120.98192279809818
2026-08-01 18:06:36,919 / INFO: Episode 220, Ave step reward -2.160000000000009
2026-08-01 18:06:40,739 / INFO: Episode 400, Ave step reward -122.49697107804492
2026-08-01 18:06:44,526 / INFO: Episode 280, Ave step reward -122.85697107804494
2026-08-01 18:06:48,734 / INFO: Episode 310, Ave step reward -122.51711046479524
2026-08-01 18:06:53,747 / INFO: Episode 230, Ave step reward -2.38300000000001
2026-08-01 18:06:54,137 / INFO: Episode 470, Ave step reward -120.96549927098509
2026-08-01 18:06:57,882 / INFO: Episode 410, Ave step reward -122.95416996810043
2026-08-01 18:07:04,184 / INFO: Episode 290, Ave step reward -122.14126300716815
2026-08-01 18:07:05,815 / INFO: Episode 320, Ave step reward -122.9013997832085
2026-08-01 18:07:10,735 / INFO: Episode 240, Ave step reward -2.185000000000009
2026-08-01 18:07:11,612 / INFO: Episode 480, Ave step reward -121.04229803060026
2026-08-01 18:07:14,229 / INFO: RL utililty: -2472.049543572667
2026-08-01 18:07:15,070 / INFO: Episode 420, Ave step reward -123.50542307096727
2026-08-01 18:07:22,950 / INFO: Episode 330, Ave step reward -122.71539835164835
2026-08-01 18:07:23,773 / INFO: Episode 300, Ave step reward -121.88720355226171
2026-08-01 18:07:27,726 / INFO: Episode 250, Ave step reward -2.2820000000000094
2026-08-01 18:07:29,030 / INFO: Episode 490, Ave step reward -120.50431505292688
2026-08-01 18:07:32,441 / INFO: Episode 430, Ave step reward -123.00679945054944
2026-08-01 18:07:40,153 / INFO: Episode 340, Ave step reward -122.27417594599922
2026-08-01 18:07:43,367 / INFO: Episode 310, Ave step reward -122.66499868430743
2026-08-01 18:07:44,809 / INFO: Episode 260, Ave step reward -2.2680000000000096
2026-08-01 18:07:46,553 / INFO: Episode 500, Ave step reward -120.7052231081944
2026-08-01 18:07:49,724 / INFO: Episode 440, Ave step reward -123.2802761627907
2026-08-01 18:07:57,155 / INFO: Episode 350, Ave step reward -122.71517578173287
2026-08-01 18:08:01,794 / INFO: Episode 270, Ave step reward -2.079000000000008
2026-08-01 18:08:02,896 / INFO: Episode 320, Ave step reward -123.21542307096728
2026-08-01 18:08:06,789 / INFO: Episode 450, Ave step reward -123.51
2026-08-01 18:08:14,183 / INFO: Episode 360, Ave step reward -121.6602761627907
2026-08-01 18:08:18,746 / INFO: Episode 280, Ave step reward -2.1330000000000084
2026-08-01 18:08:22,389 / INFO: Episode 330, Ave step reward -122.44779358851825
2026-08-01 18:08:23,878 / INFO: Episode 460, Ave step reward -123.29027616279069
2026-08-01 18:08:31,170 / INFO: Episode 370, Ave step reward -122.435
2026-08-01 18:08:35,745 / INFO: Episode 290, Ave step reward -2.2950000000000097
2026-08-01 18:08:41,056 / INFO: Episode 470, Ave step reward -123.47027616279068
2026-08-01 18:08:41,867 / INFO: Episode 340, Ave step reward -123.25224126293686
2026-08-01 18:08:48,234 / INFO: Episode 380, Ave step reward -123.25569325585919
2026-08-01 18:08:52,650 / INFO: Episode 300, Ave step reward -2.158000000000009
2026-08-01 18:08:58,147 / INFO: Episode 480, Ave step reward -123.505
2026-08-01 18:09:01,442 / INFO: Episode 350, Ave step reward -123.2048632239596
2026-08-01 18:09:05,285 / INFO: Episode 390, Ave step reward -122.91082119478072
2026-08-01 18:09:09,604 / INFO: Episode 310, Ave step reward -2.2950000000000097
2026-08-01 18:09:15,161 / INFO: Episode 490, Ave step reward -123.315
2026-08-01 18:09:20,874 / INFO: Episode 360, Ave step reward -122.86447107804493
2026-08-01 18:09:22,296 / INFO: Episode 400, Ave step reward -123.27
2026-08-01 18:09:26,600 / INFO: Episode 320, Ave step reward -2.2770000000000095
2026-08-01 18:09:29,106 / INFO: Non-strategic (Uniform) utility: -2426.994368024457
defend-2-2_0
2026-08-01 18:09:32,328 / INFO: Episode 500, Ave step reward -123.54389380530972
2026-08-01 18:09:39,382 / INFO: Episode 410, Ave step reward -122.7375
2026-08-01 18:09:40,434 / INFO: Episode 370, Ave step reward -122.44694613089115
2026-08-01 18:09:43,702 / INFO: Episode 330, Ave step reward -2.2950000000000097
2026-08-01 18:09:44,847 / INFO: Episode 30, Ave step reward -2.3335000000000092
2026-08-01 18:09:56,560 / INFO: Episode 420, Ave step reward -122.69166996810043
2026-08-01 18:09:59,916 / INFO: Episode 40, Ave step reward -2.2910000000000093
2026-08-01 18:10:00,215 / INFO: Episode 380, Ave step reward -123.4502761627907
2026-08-01 18:10:01,018 / INFO: Episode 340, Ave step reward -2.2590000000000092
2026-08-01 18:10:13,618 / INFO: Episode 430, Ave step reward -122.6925
2026-08-01 18:10:15,121 / INFO: Episode 50, Ave step reward -2.3355000000000095
2026-08-01 18:10:18,042 / INFO: Episode 350, Ave step reward -2.2770000000000095
2026-08-01 18:10:19,722 / INFO: Episode 390, Ave step reward -123.1952761627907
2026-08-01 18:10:30,380 / INFO: Episode 60, Ave step reward -2.186500000000009
2026-08-01 18:10:30,667 / INFO: Episode 440, Ave step reward -123.03916996810041
2026-08-01 18:10:35,091 / INFO: Episode 360, Ave step reward -2.3850000000000104
2026-08-01 18:10:39,324 / INFO: Episode 400, Ave step reward -122.9575
2026-08-01 18:10:45,875 / INFO: Episode 70, Ave step reward -2.101500000000008
2026-08-01 18:10:47,798 / INFO: Episode 450, Ave step reward -123.55
2026-08-01 18:10:52,147 / INFO: Episode 370, Ave step reward -2.2355000000000094
2026-08-01 18:10:58,987 / INFO: Episode 410, Ave step reward -123.36238817111344
2026-08-01 18:11:01,537 / INFO: Episode 80, Ave step reward -2.317500000000009
2026-08-01 18:11:04,984 / INFO: Episode 460, Ave step reward -123.435
2026-08-01 18:11:09,268 / INFO: Episode 380, Ave step reward -2.2950000000000097
2026-08-01 18:11:17,409 / INFO: Episode 90, Ave step reward -2.116000000000008
2026-08-01 18:11:18,630 / INFO: Episode 420, Ave step reward -123.45611632682645
2026-08-01 18:11:22,063 / INFO: Episode 470, Ave step reward -123.59334745762712
2026-08-01 18:11:26,401 / INFO: Episode 390, Ave step reward -2.199500000000009
2026-08-01 18:11:33,350 / INFO: Episode 100, Ave step reward -2.41850000000001
2026-08-01 18:11:38,165 / INFO: Episode 430, Ave step reward -123.2952761627907
2026-08-01 18:11:39,064 / INFO: Episode 480, Ave step reward -123.48
2026-08-01 18:11:43,427 / INFO: Episode 400, Ave step reward -2.34350000000001
2026-08-01 18:11:49,313 / INFO: Episode 110, Ave step reward -2.3055000000000097
2026-08-01 18:11:56,201 / INFO: Episode 490, Ave step reward -122.82389380530975
2026-08-01 18:11:57,929 / INFO: Episode 440, Ave step reward -123.12139978320853
2026-08-01 18:12:00,751 / INFO: Episode 410, Ave step reward -2.3885000000000103
2026-08-01 18:12:05,748 / INFO: Episode 120, Ave step reward -2.2965000000000093
2026-08-01 18:12:13,462 / INFO: Episode 500, Ave step reward -122.52
2026-08-01 18:12:17,370 / INFO: Episode 450, Ave step reward -122.99749270640865
2026-08-01 18:12:17,741 / INFO: Episode 420, Ave step reward -2.2140000000000093
2026-08-01 18:12:21,846 / INFO: Episode 130, Ave step reward -2.2695000000000096
2026-08-01 18:12:29,476 / INFO: Non-strategic (Uniform) utility: -2427.181866486365
defend-12-1_0
2026-08-01 18:12:34,775 / INFO: Episode 430, Ave step reward -2.3940000000000103
2026-08-01 18:12:36,772 / INFO: Episode 460, Ave step reward -123.44916996810045
2026-08-01 18:12:38,087 / INFO: Episode 140, Ave step reward -2.264000000000009
2026-08-01 18:12:42,331 / INFO: RL utililty: -2423.142667334303
2026-08-01 18:12:45,458 / INFO: Episode 30, Ave step reward -2.1440000000000072
2026-08-01 18:12:51,615 / INFO: Episode 440, Ave step reward -2.2590000000000092
2026-08-01 18:12:54,261 / INFO: Episode 150, Ave step reward -2.1740000000000084
2026-08-01 18:12:56,036 / INFO: Episode 470, Ave step reward -123.44889380530975
2026-08-01 18:12:59,976 / INFO: Episode 40, Ave step reward -2.278000000000009
2026-08-01 18:13:08,513 / INFO: Episode 450, Ave step reward -2.217500000000009
2026-08-01 18:13:10,550 / INFO: Episode 160, Ave step reward -2.232000000000009
2026-08-01 18:13:15,130 / INFO: Episode 50, Ave step reward -2.258000000000009
2026-08-01 18:13:15,637 / INFO: Episode 480, Ave step reward -123.51
2026-08-01 18:13:25,591 / INFO: Episode 460, Ave step reward -2.205000000000009
2026-08-01 18:13:27,135 / INFO: Episode 170, Ave step reward -2.163500000000009
2026-08-01 18:13:30,273 / INFO: Episode 60, Ave step reward -2.105000000000008
2026-08-01 18:13:35,211 / INFO: Episode 490, Ave step reward -123.47
2026-08-01 18:13:42,695 / INFO: Episode 470, Ave step reward -2.073500000000008
2026-08-01 18:13:43,648 / INFO: Episode 180, Ave step reward -2.3160000000000096
2026-08-01 18:13:45,576 / INFO: Episode 70, Ave step reward -2.0960000000000076
2026-08-01 18:13:54,604 / INFO: Episode 500, Ave step reward -123.27862362041782
2026-08-01 18:13:59,611 / INFO: Episode 480, Ave step reward -2.3310000000000097
2026-08-01 18:14:00,193 / INFO: Episode 190, Ave step reward -2.33250000000001
2026-08-01 18:14:00,910 / INFO: Episode 80, Ave step reward -2.3340000000000094
2026-08-01 18:14:17,051 / INFO: Episode 490, Ave step reward -2.35800000000001
2026-08-01 18:14:17,061 / INFO: Episode 90, Ave step reward -2.185000000000009
2026-08-01 18:14:17,331 / INFO: Episode 200, Ave step reward -2.39900000000001
2026-08-01 18:14:19,478 / INFO: RL utililty: -2472.223816282721
2026-08-01 18:14:32,742 / INFO: Episode 100, Ave step reward -2.1720000000000086
2026-08-01 18:14:33,810 / INFO: Episode 500, Ave step reward -2.2500000000000093
2026-08-01 18:14:33,842 / INFO: Episode 210, Ave step reward -2.2300000000000093
2026-08-01 18:14:48,418 / INFO: Episode 110, Ave step reward -2.251500000000009
2026-08-01 18:14:50,221 / INFO: Episode 220, Ave step reward -2.264000000000009
2026-08-01 18:15:04,242 / INFO: Episode 120, Ave step reward -2.37200000000001
2026-08-01 18:15:06,661 / INFO: Episode 230, Ave step reward -2.28600000000001
2026-08-01 18:15:18,691 / INFO: Non-strategic (Uniform) utility: -2427.153399030161
defend-16-0_1
2026-08-01 18:15:20,190 / INFO: Episode 130, Ave step reward -2.2985000000000095
2026-08-01 18:15:23,176 / INFO: Episode 240, Ave step reward -2.2390000000000096
2026-08-01 18:15:33,692 / INFO: Episode 30, Ave step reward -2.3050000000000095
2026-08-01 18:15:36,093 / INFO: Episode 140, Ave step reward -2.239000000000009
2026-08-01 18:15:39,645 / INFO: Episode 250, Ave step reward -2.31300000000001
2026-08-01 18:15:48,204 / INFO: Episode 40, Ave step reward -2.2360000000000086
2026-08-01 18:15:52,165 / INFO: Episode 150, Ave step reward -2.3000000000000096
2026-08-01 18:15:56,286 / INFO: Episode 260, Ave step reward -2.3020000000000094
2026-08-01 18:16:02,955 / INFO: Episode 50, Ave step reward -2.312000000000009
2026-08-01 18:16:08,442 / INFO: Episode 160, Ave step reward -2.310500000000009
2026-08-01 18:16:13,029 / INFO: Episode 270, Ave step reward -2.40100000000001
2026-08-01 18:16:17,974 / INFO: Episode 60, Ave step reward -2.2980000000000094
2026-08-01 18:16:24,655 / INFO: Episode 170, Ave step reward -2.253500000000009
2026-08-01 18:16:29,640 / INFO: Episode 280, Ave step reward -2.160000000000009
2026-08-01 18:16:33,143 / INFO: Episode 70, Ave step reward -2.2170000000000094
2026-08-01 18:16:41,054 / INFO: Episode 180, Ave step reward -2.3900000000000103
2026-08-01 18:16:46,160 / INFO: Episode 290, Ave step reward -2.185000000000009
2026-08-01 18:16:48,242 / INFO: Episode 80, Ave step reward -2.3630000000000098
2026-08-01 18:16:53,552 / INFO: Non-strategic (Uniform) utility: -2426.85741869812
defend-17-0_1
2026-08-01 18:16:56,566 / INFO: RL utililty: -2472.0549873579052
2026-08-01 18:16:57,277 / INFO: Episode 190, Ave step reward -2.226500000000009
2026-08-01 18:17:02,892 / INFO: Episode 300, Ave step reward -2.1130000000000084
2026-08-01 18:17:03,759 / INFO: Episode 90, Ave step reward -2.2945000000000095
2026-08-01 18:17:09,177 / INFO: Episode 30, Ave step reward -2.2440000000000087
2026-08-01 18:17:14,142 / INFO: Episode 200, Ave step reward -2.2660000000000093
2026-08-01 18:17:19,863 / INFO: Episode 100, Ave step reward -2.3125000000000098
2026-08-01 18:17:20,204 / INFO: Episode 310, Ave step reward -2.025000000000008
2026-08-01 18:17:24,097 / INFO: Episode 40, Ave step reward -2.234500000000009
2026-08-01 18:17:30,914 / INFO: Episode 210, Ave step reward -2.258500000000009
2026-08-01 18:17:35,587 / INFO: Episode 110, Ave step reward -2.1935000000000087
2026-08-01 18:17:36,926 / INFO: Episode 320, Ave step reward -2.2895000000000096
2026-08-01 18:17:38,808 / INFO: Episode 50, Ave step reward -2.1775000000000087
2026-08-01 18:17:47,516 / INFO: Episode 220, Ave step reward -2.2030000000000087
2026-08-01 18:17:51,394 / INFO: Episode 120, Ave step reward -2.1165000000000083
2026-08-01 18:17:53,724 / INFO: Episode 330, Ave step reward -2.37600000000001
2026-08-01 18:17:53,763 / INFO: Episode 60, Ave step reward -2.105000000000008
2026-08-01 18:18:04,031 / INFO: Episode 230, Ave step reward -2.1435000000000084
2026-08-01 18:18:07,269 / INFO: Episode 130, Ave step reward -2.34150000000001
2026-08-01 18:18:08,848 / INFO: Episode 70, Ave step reward -2.041000000000008
2026-08-01 18:18:10,476 / INFO: Episode 340, Ave step reward -2.226500000000009
2026-08-01 18:18:20,703 / INFO: Episode 240, Ave step reward -2.1510000000000087
2026-08-01 18:18:23,328 / INFO: Episode 140, Ave step reward -2.36700000000001
2026-08-01 18:18:24,200 / INFO: Episode 80, Ave step reward -2.2820000000000094
2026-08-01 18:18:27,500 / INFO: Episode 350, Ave step reward -2.3040000000000096
2026-08-01 18:18:37,983 / INFO: Episode 250, Ave step reward -2.35250000000001
2026-08-01 18:18:39,895 / INFO: Episode 150, Ave step reward -2.33250000000001
2026-08-01 18:18:40,083 / INFO: Episode 90, Ave step reward -2.2525000000000093
2026-08-01 18:18:44,572 / INFO: Episode 360, Ave step reward -2.253500000000009
2026-08-01 18:18:55,015 / INFO: Episode 260, Ave step reward -2.1525000000000087
2026-08-01 18:18:56,034 / INFO: Episode 100, Ave step reward -2.3340000000000094
2026-08-01 18:18:56,392 / INFO: Episode 160, Ave step reward -2.2390000000000096
2026-08-01 18:19:01,784 / INFO: Episode 370, Ave step reward -2.2210000000000094
2026-08-01 18:19:11,819 / INFO: Episode 110, Ave step reward -2.1920000000000086
2026-08-01 18:19:11,835 / INFO: Episode 270, Ave step reward -2.36700000000001
2026-08-01 18:19:12,650 / INFO: Episode 170, Ave step reward -2.37000000000001
2026-08-01 18:19:18,659 / INFO: Episode 380, Ave step reward -2.232000000000009
2026-08-01 18:19:24,386 / INFO: RL utililty: -42.53732209609023
2026-08-01 18:19:27,654 / INFO: Episode 120, Ave step reward -2.3125000000000093
2026-08-01 18:19:28,633 / INFO: Episode 280, Ave step reward -2.160000000000009
2026-08-01 18:19:29,069 / INFO: Episode 180, Ave step reward -2.4245000000000103
2026-08-01 18:19:35,770 / INFO: Episode 390, Ave step reward -2.205000000000009
2026-08-01 18:19:37,371 / INFO: Non-strategic (Uniform) utility: -2427.2747513818076
defend-18-0_1
2026-08-01 18:19:43,777 / INFO: Episode 130, Ave step reward -2.224500000000009
2026-08-01 18:19:45,508 / INFO: Episode 290, Ave step reward -2.205000000000009
2026-08-01 18:19:45,592 / INFO: Episode 190, Ave step reward -2.2300000000000093
2026-08-01 18:19:52,692 / INFO: Episode 400, Ave step reward -2.2770000000000095
2026-08-01 18:19:52,875 / INFO: Episode 30, Ave step reward -2.297500000000009
2026-08-01 18:19:59,981 / INFO: Episode 140, Ave step reward -2.2715000000000094
2026-08-01 18:20:02,201 / INFO: Episode 200, Ave step reward -2.39000000000001
2026-08-01 18:20:02,367 / INFO: Episode 300, Ave step reward -2.163500000000009
2026-08-01 18:20:07,598 / INFO: Episode 40, Ave step reward -2.279500000000009
2026-08-01 18:20:09,768 / INFO: Episode 410, Ave step reward -2.34000000000001
2026-08-01 18:20:16,467 / INFO: Episode 150, Ave step reward -2.273000000000009
2026-08-01 18:20:19,103 / INFO: Episode 210, Ave step reward -2.2930000000000095
2026-08-01 18:20:19,656 / INFO: Episode 310, Ave step reward -2.37600000000001
2026-08-01 18:20:23,019 / INFO: Episode 50, Ave step reward -2.296000000000009
2026-08-01 18:20:27,208 / INFO: Episode 420, Ave step reward -2.187000000000009
2026-08-01 18:20:33,173 / INFO: Episode 160, Ave step reward -2.35600000000001
2026-08-01 18:20:36,098 / INFO: Episode 220, Ave step reward -2.34350000000001
2026-08-01 18:20:36,980 / INFO: Episode 320, Ave step reward -2.36700000000001
2026-08-01 18:20:38,588 / INFO: Episode 60, Ave step reward -2.2385000000000086
2026-08-01 18:20:40,087 / INFO: RL utililty: -2471.062708709686
2026-08-01 18:20:44,744 / INFO: Episode 430, Ave step reward -2.36700000000001
2026-08-01 18:20:49,888 / INFO: Episode 170, Ave step reward -2.2910000000000097
2026-08-01 18:20:53,043 / INFO: Episode 230, Ave step reward -2.1365000000000087
2026-08-01 18:20:54,314 / INFO: Episode 330, Ave step reward -2.32200000000001
2026-08-01 18:20:54,376 / INFO: Episode 70, Ave step reward -2.119500000000008
2026-08-01 18:21:02,200 / INFO: Episode 440, Ave step reward -2.2950000000000097
2026-08-01 18:21:06,548 / INFO: Episode 180, Ave step reward -2.2660000000000093
2026-08-01 18:21:09,886 / INFO: Episode 240, Ave step reward -2.4190000000000103
2026-08-01 18:21:10,007 / INFO: Episode 80, Ave step reward -2.103500000000008
2026-08-01 18:21:11,486 / INFO: Episode 340, Ave step reward -2.3040000000000096
2026-08-01 18:21:19,350 / INFO: Episode 450, Ave step reward -2.232000000000009
2026-08-01 18:21:23,098 / INFO: Episode 190, Ave step reward -2.35600000000001
2026-08-01 18:21:25,912 / INFO: Episode 90, Ave step reward -2.1885000000000088
2026-08-01 18:21:26,757 / INFO: Episode 250, Ave step reward -2.2570000000000094
2026-08-01 18:21:28,753 / INFO: Episode 350, Ave step reward -2.3885000000000103
2026-08-01 18:21:36,779 / INFO: Episode 460, Ave step reward -2.2500000000000093
2026-08-01 18:21:40,001 / INFO: Episode 200, Ave step reward -2.0970000000000084
2026-08-01 18:21:42,191 / INFO: Episode 100, Ave step reward -2.40050000000001
2026-08-01 18:21:43,823 / INFO: Episode 260, Ave step reward -2.2085000000000092
2026-08-01 18:21:45,982 / INFO: Episode 360, Ave step reward -2.187000000000009
2026-08-01 18:21:54,141 / INFO: Episode 470, Ave step reward -2.205000000000009
2026-08-01 18:21:56,808 / INFO: Episode 210, Ave step reward -2.3110000000000097
2026-08-01 18:21:58,467 / INFO: Episode 110, Ave step reward -2.33250000000001
2026-08-01 18:22:00,900 / INFO: Episode 270, Ave step reward -2.34900000000001
2026-08-01 18:22:03,471 / INFO: Episode 370, Ave step reward -2.2715000000000094
2026-08-01 18:22:08,775 / INFO: Non-strategic (Uniform) utility: -43.09788683940556
2026-08-01 18:22:11,581 / INFO: Episode 480, Ave step reward -2.034000000000008
attack-19-0_1
2026-08-01 18:22:13,774 / INFO: Episode 220, Ave step reward -2.3255000000000097
2026-08-01 18:22:15,029 / INFO: Episode 120, Ave step reward -2.2605000000000093
2026-08-01 18:22:18,007 / INFO: Episode 280, Ave step reward -2.2355000000000094
2026-08-01 18:22:20,678 / INFO: Episode 380, Ave step reward -2.178000000000009
2026-08-01 18:22:26,631 / INFO: Episode 30, Ave step reward -106.68167663884716
2026-08-01 18:22:28,993 / INFO: Episode 490, Ave step reward -2.2805000000000093
2026-08-01 18:22:30,859 / INFO: Episode 230, Ave step reward -2.31300000000001
2026-08-01 18:22:31,637 / INFO: Episode 130, Ave step reward -2.249500000000009
2026-08-01 18:22:35,421 / INFO: Episode 290, Ave step reward -2.2445000000000093
2026-08-01 18:22:38,288 / INFO: Episode 390, Ave step reward -2.32200000000001
2026-08-01 18:22:42,156 / INFO: Episode 40, Ave step reward -104.1076848369599
2026-08-01 18:22:46,573 / INFO: Episode 500, Ave step reward -2.160000000000009
2026-08-01 18:22:47,939 / INFO: Episode 240, Ave step reward -2.2660000000000093
2026-08-01 18:22:48,498 / INFO: Episode 140, Ave step reward -2.35950000000001
2026-08-01 18:22:52,608 / INFO: Episode 300, Ave step reward -2.2715000000000094
2026-08-01 18:22:55,694 / INFO: Episode 400, Ave step reward -2.34000000000001
2026-08-01 18:22:57,561 / INFO: Episode 50, Ave step reward -104.29792282085198
2026-08-01 18:23:04,887 / INFO: Episode 250, Ave step reward -2.059000000000008
2026-08-01 18:23:05,083 / INFO: Episode 150, Ave step reward -2.3090000000000095
2026-08-01 18:23:09,474 / INFO: Episode 310, Ave step reward -2.1725000000000088
2026-08-01 18:23:12,885 / INFO: Episode 410, Ave step reward -2.169000000000009
2026-08-01 18:23:13,026 / INFO: Episode 60, Ave step reward -109.64166738740913
2026-08-01 18:23:21,672 / INFO: Episode 260, Ave step reward -2.33450000000001
2026-08-01 18:23:21,700 / INFO: Episode 160, Ave step reward -2.37050000000001
2026-08-01 18:23:26,571 / INFO: Episode 320, Ave step reward -2.3850000000000104
2026-08-01 18:23:28,788 / INFO: Episode 70, Ave step reward -109.986808037553
2026-08-01 18:23:30,102 / INFO: Episode 420, Ave step reward -2.223000000000009
2026-08-01 18:23:38,378 / INFO: Episode 170, Ave step reward -2.37750000000001
2026-08-01 18:23:38,525 / INFO: Episode 270, Ave step reward -2.2895000000000096
2026-08-01 18:23:43,519 / INFO: Episode 330, Ave step reward -2.043000000000008
2026-08-01 18:23:44,560 / INFO: Episode 80, Ave step reward -108.8132710710331
2026-08-01 18:23:47,220 / INFO: Episode 430, Ave step reward -2.40650000000001
2026-08-01 18:23:55,334 / INFO: Episode 180, Ave step reward -2.2750000000000092
2026-08-01 18:23:55,597 / INFO: Episode 280, Ave step reward -2.3200000000000096
2026-08-01 18:24:00,518 / INFO: Episode 90, Ave step reward -68.64459727052864
2026-08-01 18:24:00,743 / INFO: Episode 340, Ave step reward -2.3040000000000096
2026-08-01 18:24:04,549 / INFO: Episode 440, Ave step reward -2.0970000000000084
2026-08-01 18:24:11,995 / INFO: Episode 190, Ave step reward -2.2680000000000096
2026-08-01 18:24:12,285 / INFO: Episode 290, Ave step reward -2.1815000000000087
2026-08-01 18:24:16,149 / INFO: Episode 100, Ave step reward -61.95983157938888
2026-08-01 18:24:17,514 / INFO: Episode 350, Ave step reward -2.199500000000009
2026-08-01 18:24:21,565 / INFO: Episode 450, Ave step reward -2.205000000000009
2026-08-01 18:24:28,669 / INFO: Episode 200, Ave step reward -2.1095000000000086
2026-08-01 18:24:29,127 / INFO: Episode 300, Ave step reward -2.3255000000000097
2026-08-01 18:24:32,053 / INFO: Episode 110, Ave step reward -52.94855063512967
2026-08-01 18:24:34,452 / INFO: Episode 360, Ave step reward -2.196000000000009
2026-08-01 18:24:38,725 / INFO: Episode 460, Ave step reward -2.32200000000001
2026-08-01 18:24:45,565 / INFO: Episode 210, Ave step reward -2.2930000000000095
2026-08-01 18:24:46,054 / INFO: Episode 310, Ave step reward -2.34000000000001
2026-08-01 18:24:47,918 / INFO: Episode 120, Ave step reward -55.35760206724034
2026-08-01 18:24:51,395 / INFO: Episode 370, Ave step reward -2.2500000000000093
2026-08-01 18:24:55,810 / INFO: Episode 470, Ave step reward -2.36700000000001
2026-08-01 18:25:02,332 / INFO: Episode 220, Ave step reward -2.169000000000009
2026-08-01 18:25:02,971 / INFO: Episode 320, Ave step reward -2.35800000000001
2026-08-01 18:25:03,944 / INFO: Episode 130, Ave step reward -52.393363775116406
2026-08-01 18:25:08,383 / INFO: Episode 380, Ave step reward -2.3940000000000103
2026-08-01 18:25:12,941 / INFO: Episode 480, Ave step reward -2.32200000000001
2026-08-01 18:25:19,352 / INFO: Episode 230, Ave step reward -2.1095000000000086
2026-08-01 18:25:19,951 / INFO: Episode 330, Ave step reward -2.223000000000009
2026-08-01 18:25:20,133 / INFO: Episode 140, Ave step reward -49.58717834045398
2026-08-01 18:25:25,429 / INFO: Episode 390, Ave step reward -2.32200000000001
2026-08-01 18:25:30,098 / INFO: Episode 490, Ave step reward -2.2140000000000093
2026-08-01 18:25:36,274 / INFO: Episode 240, Ave step reward -2.34350000000001
2026-08-01 18:25:36,308 / INFO: Episode 150, Ave step reward -46.23290479512386
2026-08-01 18:25:36,818 / INFO: Episode 340, Ave step reward -2.34900000000001
2026-08-01 18:25:42,450 / INFO: Episode 400, Ave step reward -2.3310000000000097
2026-08-01 18:25:47,161 / INFO: Episode 500, Ave step reward -2.31300000000001
2026-08-01 18:25:52,303 / INFO: Episode 160, Ave step reward -48.14507182028466
2026-08-01 18:25:53,080 / INFO: Episode 250, Ave step reward -2.0880000000000085
2026-08-01 18:25:53,587 / INFO: Episode 350, Ave step reward -2.28600000000001
2026-08-01 18:25:54,866 / INFO: Non-strategic (Uniform) utility: -2427.216005442004
defend-9-2_0
2026-08-01 18:25:59,210 / INFO: Episode 410, Ave step reward -2.2445000000000093
2026-08-01 18:26:08,355 / INFO: Episode 170, Ave step reward -44.75451472978982
2026-08-01 18:26:09,945 / INFO: Episode 260, Ave step reward -2.2590000000000092
2026-08-01 18:26:10,272 / INFO: Episode 360, Ave step reward -2.1725000000000088
2026-08-01 18:26:16,045 / INFO: Episode 420, Ave step reward -2.016000000000008
2026-08-01 18:26:17,214 / INFO: Episode 30, Ave step reward -0.0335
2026-08-01 18:26:24,373 / INFO: Episode 180, Ave step reward -38.65763505053876
2026-08-01 18:26:26,630 / INFO: Episode 270, Ave step reward -2.226500000000009
2026-08-01 18:26:26,979 / INFO: Episode 370, Ave step reward -2.196000000000009
2026-08-01 18:26:32,877 / INFO: Episode 430, Ave step reward -2.187000000000009
2026-08-01 18:26:33,982 / INFO: Episode 40, Ave step reward -0.06499999999999999
2026-08-01 18:26:40,605 / INFO: Episode 190, Ave step reward -37.96956437682352
2026-08-01 18:26:43,516 / INFO: Episode 280, Ave step reward -2.4785000000000106
2026-08-01 18:26:43,782 / INFO: Episode 380, Ave step reward -2.37950000000001
2026-08-01 18:26:49,771 / INFO: Episode 440, Ave step reward -2.1725000000000088
2026-08-01 18:26:50,950 / INFO: Episode 50, Ave step reward -0.044000000000000004
2026-08-01 18:26:56,801 / INFO: Episode 200, Ave step reward -42.175378244886325
2026-08-01 18:27:00,478 / INFO: Episode 290, Ave step reward -2.1725000000000088
2026-08-01 18:27:00,630 / INFO: Episode 390, Ave step reward -2.32200000000001
2026-08-01 18:27:06,690 / INFO: Episode 450, Ave step reward -2.2680000000000096
2026-08-01 18:27:08,051 / INFO: Episode 60, Ave step reward -0.044000000000000004
2026-08-01 18:27:13,026 / INFO: Episode 210, Ave step reward -35.93365858572713
2026-08-01 18:27:17,408 / INFO: Episode 400, Ave step reward -2.2590000000000092
2026-08-01 18:27:17,477 / INFO: Episode 300, Ave step reward -2.37400000000001
2026-08-01 18:27:23,771 / INFO: Episode 460, Ave step reward -2.064500000000008
2026-08-01 18:27:25,578 / INFO: Episode 70, Ave step reward -0.0335
2026-08-01 18:27:29,939 / INFO: Episode 220, Ave step reward -37.64672956658885
2026-08-01 18:27:35,436 / INFO: Episode 410, Ave step reward -2.2410000000000094
2026-08-01 18:27:35,654 / INFO: Episode 310, Ave step reward -2.1885000000000088
2026-08-01 18:27:40,579 / INFO: RL utililty: -43.126342535666325
2026-08-01 18:27:42,321 / INFO: Episode 470, Ave step reward -2.178000000000009
2026-08-01 18:27:44,882 / INFO: Episode 80, Ave step reward -0.0335
2026-08-01 18:27:48,156 / INFO: Episode 230, Ave step reward -34.664402119615595
2026-08-01 18:27:54,092 / INFO: Episode 420, Ave step reward -2.2950000000000097
2026-08-01 18:27:54,338 / INFO: Episode 320, Ave step reward -2.33450000000001
2026-08-01 18:28:01,067 / INFO: Episode 480, Ave step reward -2.1815000000000087
2026-08-01 18:28:04,355 / INFO: Episode 90, Ave step reward -0.030000000000000006
2026-08-01 18:28:06,288 / INFO: Episode 240, Ave step reward -32.42823753329583
2026-08-01 18:28:12,623 / INFO: Episode 430, Ave step reward -2.205000000000009
2026-08-01 18:28:13,073 / INFO: Episode 330, Ave step reward -2.163500000000009
2026-08-01 18:28:19,710 / INFO: Episode 490, Ave step reward -2.142000000000009
2026-08-01 18:28:23,913 / INFO: Episode 100, Ave step reward -0.026500000000000003
2026-08-01 18:28:24,424 / INFO: Episode 250, Ave step reward -31.89630923983349
2026-08-01 18:28:31,453 / INFO: Episode 440, Ave step reward -2.2590000000000092
2026-08-01 18:28:32,097 / INFO: Episode 340, Ave step reward -2.2770000000000095
2026-08-01 18:28:38,850 / INFO: Episode 500, Ave step reward -2.37600000000001
2026-08-01 18:28:42,933 / INFO: Episode 260, Ave step reward -33.426719839714174
2026-08-01 18:28:44,023 / INFO: Episode 110, Ave step reward -0.010499999999999999
2026-08-01 18:28:50,201 / INFO: Episode 450, Ave step reward -2.187000000000009
2026-08-01 18:28:51,088 / INFO: Episode 350, Ave step reward -2.196000000000009
2026-08-01 18:29:01,237 / INFO: Episode 270, Ave step reward -32.98215590203775
2026-08-01 18:29:03,916 / INFO: Episode 120, Ave step reward -0.030000000000000006
2026-08-01 18:29:08,773 / INFO: Episode 460, Ave step reward -2.2355000000000094
2026-08-01 18:29:09,885 / INFO: Episode 360, Ave step reward -2.2680000000000096
2026-08-01 18:29:19,387 / INFO: Episode 280, Ave step reward -32.44450192590354
2026-08-01 18:29:23,721 / INFO: Episode 130, Ave step reward -0.026500000000000003
2026-08-01 18:29:27,212 / INFO: Episode 470, Ave step reward -1.9440000000000075
2026-08-01 18:29:28,556 / INFO: Episode 370, Ave step reward -2.223000000000009
2026-08-01 18:29:37,493 / INFO: Episode 290, Ave step reward -28.662983309605714
2026-08-01 18:29:43,595 / INFO: Episode 140, Ave step reward -0.006999999999999999
2026-08-01 18:29:45,593 / INFO: Episode 480, Ave step reward -2.1150000000000087
2026-08-01 18:29:47,208 / INFO: Episode 380, Ave step reward -2.2085000000000092
2026-08-01 18:29:55,558 / INFO: Episode 300, Ave step reward -30.613093055356423
2026-08-01 18:30:04,006 / INFO: Episode 150, Ave step reward -0.026500000000000003
2026-08-01 18:30:04,569 / INFO: Episode 490, Ave step reward -2.2590000000000092
2026-08-01 18:30:06,746 / INFO: Episode 390, Ave step reward -2.32200000000001
2026-08-01 18:30:15,480 / INFO: Episode 310, Ave step reward -31.239215424681603
2026-08-01 18:30:25,651 / INFO: Episode 500, Ave step reward -2.3255000000000097
2026-08-01 18:30:26,899 / INFO: Episode 160, Ave step reward -0.026500000000000003
2026-08-01 18:30:27,926 / INFO: Episode 400, Ave step reward -2.2590000000000092
2026-08-01 18:30:36,335 / INFO: Episode 320, Ave step reward -29.602270700769868
2026-08-01 18:30:38,137 / INFO: Non-strategic (Uniform) utility: -42.74637700502512
attack-2-2_1
2026-08-01 18:30:48,494 / INFO: Episode 410, Ave step reward -2.2140000000000093
2026-08-01 18:30:49,010 / INFO: Episode 170, Ave step reward -0.016
2026-08-01 18:30:55,416 / INFO: Episode 330, Ave step reward -29.077971861776977
2026-08-01 18:31:01,453 / INFO: RL utililty: -43.21502850347232
2026-08-01 18:31:07,188 / INFO: Episode 420, Ave step reward -2.196000000000009
2026-08-01 18:31:07,414 / INFO: Episode 30, Ave step reward -104.68034214485284
2026-08-01 18:31:09,094 / INFO: Episode 180, Ave step reward -0.0125
2026-08-01 18:31:13,586 / INFO: Episode 340, Ave step reward -30.306759852719342
2026-08-01 18:31:25,838 / INFO: Episode 430, Ave step reward -2.169000000000009
2026-08-01 18:31:26,508 / INFO: Episode 40, Ave step reward -104.48920814378872
2026-08-01 18:31:29,351 / INFO: Episode 190, Ave step reward -0.006999999999999999
2026-08-01 18:31:31,767 / INFO: Episode 350, Ave step reward -27.673924494235408
2026-08-01 18:31:44,783 / INFO: Episode 440, Ave step reward -2.2590000000000092
2026-08-01 18:31:46,034 / INFO: Episode 50, Ave step reward -107.10134224165031
2026-08-01 18:31:49,837 / INFO: Episode 200, Ave step reward -0.019500000000000003
2026-08-01 18:31:50,116 / INFO: Episode 360, Ave step reward -27.940914441607728
2026-08-01 18:32:03,567 / INFO: Episode 450, Ave step reward -2.196000000000009
2026-08-01 18:32:05,483 / INFO: Episode 60, Ave step reward -106.01873150062146
2026-08-01 18:32:08,344 / INFO: Episode 370, Ave step reward -26.703673690299752
2026-08-01 18:32:10,044 / INFO: Episode 210, Ave step reward -0.019500000000000003
2026-08-01 18:32:22,843 / INFO: Episode 460, Ave step reward -2.3040000000000096
2026-08-01 18:32:25,722 / INFO: Episode 70, Ave step reward -110.3837198762027
2026-08-01 18:32:27,065 / INFO: Episode 380, Ave step reward -27.65881983103299
2026-08-01 18:32:30,841 / INFO: Episode 220, Ave step reward -0.016
2026-08-01 18:32:41,818 / INFO: Episode 470, Ave step reward -2.28600000000001
2026-08-01 18:32:45,867 / INFO: Episode 390, Ave step reward -26.47505019778916
2026-08-01 18:32:46,284 / INFO: Episode 80, Ave step reward -113.85696113239314
2026-08-01 18:32:51,922 / INFO: Episode 230, Ave step reward -0.0125
2026-08-01 18:33:00,989 / INFO: Episode 480, Ave step reward -2.2140000000000093
2026-08-01 18:33:04,158 / INFO: Episode 400, Ave step reward -27.099496172793508
2026-08-01 18:33:06,484 / INFO: Episode 90, Ave step reward -111.84536588146311
2026-08-01 18:33:12,259 / INFO: Episode 240, Ave step reward -0.009000000000000001
2026-08-01 18:33:19,712 / INFO: Episode 490, Ave step reward -2.1510000000000087
2026-08-01 18:33:22,323 / INFO: Episode 410, Ave step reward -27.205325848950977
2026-08-01 18:33:26,755 / INFO: Episode 100, Ave step reward -115.39188240427455
2026-08-01 18:33:32,812 / INFO: Episode 250, Ave step reward -0.016
2026-08-01 18:33:38,714 / INFO: Episode 500, Ave step reward -2.199500000000009
2026-08-01 18:33:40,785 / INFO: Episode 420, Ave step reward -26.46839765541627
2026-08-01 18:33:47,398 / INFO: Episode 110, Ave step reward -115.65889717089341
2026-08-01 18:33:53,443 / INFO: Episode 260, Ave step reward -0.0125
2026-08-01 18:33:55,895 / INFO: Non-strategic (Uniform) utility: -42.91212607307749
attack-12-1_1
2026-08-01 18:33:58,790 / INFO: RL utililty: -42.997901443517634
2026-08-01 18:33:59,346 / INFO: Episode 430, Ave step reward -27.20202089211242
2026-08-01 18:34:08,052 / INFO: Episode 120, Ave step reward -113.61312691853267
2026-08-01 18:34:14,070 / INFO: Episode 270, Ave step reward -0.019500000000000003
2026-08-01 18:34:17,850 / INFO: Episode 440, Ave step reward -26.16755019778915
2026-08-01 18:34:22,190 / INFO: Episode 30, Ave step reward -104.43147876918063
2026-08-01 18:34:29,071 / INFO: Episode 130, Ave step reward -118.84957843120972
2026-08-01 18:34:35,046 / INFO: Episode 280, Ave step reward -0.0125
2026-08-01 18:34:36,220 / INFO: Episode 450, Ave step reward -25.72839791123072
2026-08-01 18:34:41,277 / INFO: Episode 40, Ave step reward -105.49219755208247
2026-08-01 18:34:49,847 / INFO: Episode 140, Ave step reward -116.10311078782237
2026-08-01 18:34:54,446 / INFO: Episode 460, Ave step reward -25.432550581510828
2026-08-01 18:34:55,713 / INFO: Episode 290, Ave step reward 0.0
2026-08-01 18:35:00,841 / INFO: Episode 50, Ave step reward -106.31192189726062
2026-08-01 18:35:10,724 / INFO: Episode 150, Ave step reward -116.62061762574407
2026-08-01 18:35:12,785 / INFO: Episode 470, Ave step reward -25.98505058151082
2026-08-01 18:35:16,343 / INFO: Episode 300, Ave step reward -0.0125
2026-08-01 18:35:20,453 / INFO: Episode 60, Ave step reward -110.44482288029413
2026-08-01 18:35:31,064 / INFO: Episode 480, Ave step reward -24.937550965232493
2026-08-01 18:35:31,570 / INFO: Episode 160, Ave step reward -120.17519632613917
2026-08-01 18:35:36,954 / INFO: Episode 310, Ave step reward -0.009000000000000001
2026-08-01 18:35:40,378 / INFO: Episode 70, Ave step reward -108.76760190230488
2026-08-01 18:35:44,067 / INFO: RL utililty: -42.76979590395681
2026-08-01 18:35:49,400 / INFO: Episode 490, Ave step reward -25.978398039137947
2026-08-01 18:35:52,523 / INFO: Episode 170, Ave step reward -119.1158373048157
2026-08-01 18:35:57,570 / INFO: Episode 320, Ave step reward -0.009000000000000001
2026-08-01 18:36:00,624 / INFO: Episode 80, Ave step reward -111.7613851944206
2026-08-01 18:36:07,729 / INFO: Episode 500, Ave step reward -25.432550453603625
2026-08-01 18:36:13,563 / INFO: Episode 180, Ave step reward -119.13057104632628
2026-08-01 18:36:18,257 / INFO: Episode 330, Ave step reward -0.009000000000000001
2026-08-01 18:36:20,887 / INFO: Episode 90, Ave step reward -110.88509752023256
2026-08-01 18:36:34,556 / INFO: Episode 190, Ave step reward -117.87962242059282
2026-08-01 18:36:39,021 / INFO: Episode 340, Ave step reward -0.009000000000000001
2026-08-01 18:36:41,235 / INFO: Episode 100, Ave step reward -113.9431222356512
2026-08-01 18:36:54,253 / INFO: Non-strategic (Uniform) utility: -42.72260287895707
2026-08-01 18:36:55,682 / INFO: Episode 200, Ave step reward -120.43031699214458
2026-08-01 18:36:59,629 / INFO: Episode 350, Ave step reward 0.0
2026-08-01 18:37:01,638 / INFO: Episode 110, Ave step reward -113.38744225128217
2026-08-01 18:37:16,729 / INFO: Episode 210, Ave step reward -121.65416865240785
2026-08-01 18:37:20,111 / INFO: Episode 360, Ave step reward 0.0
2026-08-01 18:37:22,115 / INFO: Episode 120, Ave step reward -114.70642088682845
2026-08-01 18:37:37,839 / INFO: Episode 220, Ave step reward -121.38406411711263
2026-08-01 18:37:40,750 / INFO: Episode 370, Ave step reward -0.009000000000000001
2026-08-01 18:37:42,690 / INFO: Episode 130, Ave step reward -114.37088256854095
2026-08-01 18:37:58,807 / INFO: Episode 230, Ave step reward -119.8401742382054
2026-08-01 18:38:01,124 / INFO: Episode 380, Ave step reward -0.009000000000000001
2026-08-01 18:38:03,216 / INFO: Episode 140, Ave step reward -116.30371509138251
2026-08-01 18:38:20,342 / INFO: Episode 240, Ave step reward -120.51362230472523
2026-08-01 18:38:22,132 / INFO: Episode 390, Ave step reward -0.0125
2026-08-01 18:38:24,341 / INFO: Episode 150, Ave step reward -117.4320261937724
2026-08-01 18:38:37,833 / INFO: Non-strategic (Uniform) utility: -42.734385084928014
2026-08-01 18:38:41,438 / INFO: Episode 250, Ave step reward -121.51253353576254
2026-08-01 18:38:42,682 / INFO: Episode 400, Ave step reward 0.0
2026-08-01 18:38:45,133 / INFO: Episode 160, Ave step reward -117.12029072929822
2026-08-01 18:39:02,725 / INFO: Episode 260, Ave step reward -122.00876323500303
2026-08-01 18:39:03,243 / INFO: Episode 410, Ave step reward 0.0
2026-08-01 18:39:03,551 / INFO: RL utililty: -42.56322799890352
2026-08-01 18:39:06,159 / INFO: Episode 170, Ave step reward -118.71987801830198
2026-08-01 18:39:23,705 / INFO: Episode 420, Ave step reward 0.0
2026-08-01 18:39:23,804 / INFO: Episode 270, Ave step reward -121.05960317120388
2026-08-01 18:39:27,021 / INFO: Episode 180, Ave step reward -117.16668891668023
2026-08-01 18:39:44,456 / INFO: Episode 430, Ave step reward -0.009000000000000001
2026-08-01 18:39:45,229 / INFO: Episode 280, Ave step reward -120.18196378445359
2026-08-01 18:39:48,328 / INFO: Episode 190, Ave step reward -119.4886821033341
2026-08-01 18:40:04,940 / INFO: Episode 440, Ave step reward -0.0034999999999999996
2026-08-01 18:40:06,479 / INFO: Episode 290, Ave step reward -122.73806377341019
2026-08-01 18:40:09,291 / INFO: Episode 200, Ave step reward -121.59156672782255
2026-08-01 18:40:25,295 / INFO: Episode 450, Ave step reward -0.0125
2026-08-01 18:40:27,743 / INFO: Episode 300, Ave step reward -122.6027761627907
2026-08-01 18:40:30,293 / INFO: Episode 210, Ave step reward -119.39737933399456
2026-08-01 18:40:45,304 / INFO: RL utililty: -500.0009947446004
2026-08-01 18:40:45,827 / INFO: Episode 460, Ave step reward -0.009000000000000001
2026-08-01 18:40:49,127 / INFO: Episode 310, Ave step reward -121.66804503199005
2026-08-01 18:40:51,626 / INFO: Episode 220, Ave step reward -119.9443155605844
2026-08-01 18:41:06,640 / INFO: Episode 470, Ave step reward -0.009000000000000001
2026-08-01 18:41:10,644 / INFO: Episode 320, Ave step reward -121.68194613089116
2026-08-01 18:41:13,088 / INFO: Episode 230, Ave step reward -120.21361478329896
2026-08-01 18:41:27,371 / INFO: Episode 480, Ave step reward -0.009000000000000001
2026-08-01 18:41:32,167 / INFO: Episode 330, Ave step reward -122.05194635872601
2026-08-01 18:41:34,498 / INFO: Episode 240, Ave step reward -122.23096655942983
2026-08-01 18:41:48,112 / INFO: Episode 490, Ave step reward -0.0125
2026-08-01 18:41:53,600 / INFO: Non-strategic (Uniform) utility: -43.014866428814926
2026-08-01 18:41:53,705 / INFO: Episode 340, Ave step reward -121.50457561334015
2026-08-01 18:41:55,894 / INFO: Episode 250, Ave step reward -121.5151453646491
2026-08-01 18:42:08,961 / INFO: Episode 500, Ave step reward 0.0
2026-08-01 18:42:15,348 / INFO: Episode 350, Ave step reward -121.79961798622149
2026-08-01 18:42:17,519 / INFO: Episode 260, Ave step reward -122.60015681247785
2026-08-01 18:42:36,648 / INFO: Episode 360, Ave step reward -122.97484448253948
2026-08-01 18:42:38,776 / INFO: Episode 270, Ave step reward -120.9463997832085
2026-08-01 18:42:57,814 / INFO: Episode 370, Ave step reward -123.24500000000002
2026-08-01 18:43:00,005 / INFO: Episode 280, Ave step reward -122.2895930390677
2026-08-01 18:43:18,247 / INFO: Episode 380, Ave step reward -122.64736322395962
2026-08-01 18:43:20,160 / INFO: Episode 290, Ave step reward -121.84234448253949
2026-08-01 18:43:31,708 / INFO: Non-strategic (Uniform) utility: -2427.035711660342
defend-19-0_1
2026-08-01 18:43:37,450 / INFO: Episode 390, Ave step reward -123.1531932558592
2026-08-01 18:43:39,253 / INFO: Episode 300, Ave step reward -122.3845870611689
2026-08-01 18:43:47,131 / INFO: Episode 30, Ave step reward -2.313500000000009
2026-08-01 18:43:56,824 / INFO: Episode 400, Ave step reward -122.76750000000001
2026-08-01 18:43:58,609 / INFO: Episode 310, Ave step reward -120.91318026450294
2026-08-01 18:44:01,739 / INFO: Episode 40, Ave step reward -2.2455000000000087
2026-08-01 18:44:16,267 / INFO: Episode 410, Ave step reward -122.73679945054946
2026-08-01 18:44:16,599 / INFO: Episode 50, Ave step reward -2.2470000000000088
2026-08-01 18:44:18,075 / INFO: Episode 320, Ave step reward -123.52262793892154
2026-08-01 18:44:31,404 / INFO: Episode 60, Ave step reward -2.4670000000000103
2026-08-01 18:44:35,611 / INFO: Episode 420, Ave step reward -122.35972252151673
2026-08-01 18:44:37,320 / INFO: Episode 330, Ave step reward -122.51155813921383
2026-08-01 18:44:46,415 / INFO: Episode 70, Ave step reward -2.247500000000009
2026-08-01 18:44:54,872 / INFO: Episode 430, Ave step reward -123.53000000000002
2026-08-01 18:44:56,639 / INFO: Episode 340, Ave step reward -122.14166996810043
2026-08-01 18:45:01,753 / INFO: Episode 80, Ave step reward -2.2675000000000094
2026-08-01 18:45:14,478 / INFO: Episode 440, Ave step reward -123.4437705285944
2026-08-01 18:45:16,378 / INFO: Episode 350, Ave step reward -123.22669491525423
2026-08-01 18:45:17,471 / INFO: Episode 90, Ave step reward -2.3215000000000092
2026-08-01 18:45:33,468 / INFO: Episode 100, Ave step reward -2.1345000000000085
2026-08-01 18:45:34,327 / INFO: Episode 450, Ave step reward -123.56669491525425
2026-08-01 18:45:36,316 / INFO: Episode 360, Ave step reward -122.52707561334014
2026-08-01 18:45:49,046 / INFO: Episode 110, Ave step reward -2.2765000000000093
2026-08-01 18:45:53,618 / INFO: Episode 460, Ave step reward -122.61000000000001
2026-08-01 18:45:55,619 / INFO: Episode 370, Ave step reward -123.04333993620087
2026-08-01 18:46:04,859 / INFO: Episode 120, Ave step reward -2.37000000000001
2026-08-01 18:46:13,017 / INFO: Episode 470, Ave step reward -123.53027616279073
2026-08-01 18:46:15,011 / INFO: Episode 380, Ave step reward -122.92416996810043
2026-08-01 18:46:20,576 / INFO: Episode 130, Ave step reward -2.3270000000000097
2026-08-01 18:46:32,708 / INFO: Episode 480, Ave step reward -123.4502761627907
2026-08-01 18:46:34,795 / INFO: Episode 390, Ave step reward -123.2491512266803
2026-08-01 18:46:37,031 / INFO: Episode 140, Ave step reward -2.1990000000000087
2026-08-01 18:46:52,044 / INFO: Episode 490, Ave step reward -123.48707561334017
2026-08-01 18:46:52,949 / INFO: Episode 150, Ave step reward -2.3200000000000096
2026-08-01 18:46:54,150 / INFO: Episode 400, Ave step reward -122.71527616279069
2026-08-01 18:47:08,869 / INFO: Episode 160, Ave step reward -2.1400000000000086
2026-08-01 18:47:11,343 / INFO: Episode 500, Ave step reward -123.44679945054946
2026-08-01 18:47:13,483 / INFO: Episode 410, Ave step reward -123.51251742572752
2026-08-01 18:47:24,966 / INFO: Episode 170, Ave step reward -2.217500000000009
2026-08-01 18:47:32,691 / INFO: Episode 420, Ave step reward -122.81334745762712
2026-08-01 18:47:40,895 / INFO: Episode 180, Ave step reward -2.3415000000000097
2026-08-01 18:47:51,747 / INFO: Episode 430, Ave step reward -123.26929945054944
2026-08-01 18:47:56,779 / INFO: Episode 190, Ave step reward -2.233500000000009
2026-08-01 18:48:10,779 / INFO: Episode 440, Ave step reward -123.57
2026-08-01 18:48:12,764 / INFO: Episode 200, Ave step reward -2.2605000000000093
2026-08-01 18:48:28,907 / INFO: Episode 210, Ave step reward -2.190500000000009
2026-08-01 18:48:29,055 / INFO: RL utililty: -2.5855200000000007
2026-08-01 18:48:30,018 / INFO: Episode 450, Ave step reward -123.325
2026-08-01 18:48:45,073 / INFO: Episode 220, Ave step reward -2.034000000000008
2026-08-01 18:48:49,146 / INFO: Episode 460, Ave step reward -123.49527616279069
2026-08-01 18:49:01,286 / INFO: Episode 230, Ave step reward -2.2985000000000095
2026-08-01 18:49:08,700 / INFO: Episode 470, Ave step reward -123.32389978320853
2026-08-01 18:49:17,759 / INFO: Episode 240, Ave step reward -2.3650000000000104
2026-08-01 18:49:28,085 / INFO: Episode 480, Ave step reward -123.55834745762712
2026-08-01 18:49:34,197 / INFO: Episode 250, Ave step reward -2.33450000000001
2026-08-01 18:49:47,262 / INFO: Episode 490, Ave step reward -123.465
2026-08-01 18:49:50,234 / INFO: Episode 260, Ave step reward -2.3255000000000097
2026-08-01 18:50:06,320 / INFO: Episode 500, Ave step reward -123.52916996810042
2026-08-01 18:50:06,473 / INFO: Episode 270, Ave step reward -2.1815000000000087
2026-08-01 18:50:22,637 / INFO: Episode 280, Ave step reward -2.1920000000000086
2026-08-01 18:50:38,746 / INFO: Episode 290, Ave step reward -2.1150000000000087
2026-08-01 18:50:54,870 / INFO: Episode 300, Ave step reward -2.205000000000009
2026-08-01 18:51:10,949 / INFO: Episode 310, Ave step reward -2.2355000000000094
2026-08-01 18:51:27,215 / INFO: Episode 320, Ave step reward -2.2210000000000094
2026-08-01 18:51:43,324 / INFO: Episode 330, Ave step reward -2.2895000000000096
2026-08-01 18:51:59,537 / INFO: Episode 340, Ave step reward -2.199500000000009
2026-08-01 18:52:16,884 / INFO: Episode 350, Ave step reward -2.2605000000000093
2026-08-01 18:52:33,530 / INFO: Episode 360, Ave step reward -2.34000000000001
2026-08-01 18:52:48,049 / INFO: Non-strategic (Uniform) utility: -2.441879999999998
2026-08-01 18:52:49,784 / INFO: Episode 370, Ave step reward -2.1725000000000088
attack-9-2_1
2026-08-01 18:53:05,062 / INFO: Episode 380, Ave step reward -2.31300000000001
2026-08-01 18:53:12,891 / INFO: Episode 30, Ave step reward -95.6360769728171
2026-08-01 18:53:21,090 / INFO: Episode 390, Ave step reward -2.3040000000000096
2026-08-01 18:53:29,469 / INFO: Episode 40, Ave step reward -95.3989201279387
2026-08-01 18:53:36,945 / INFO: find_mixed_NE: 1 equilibria found. Defender utility range: min=-42.6148, max=-42.6148, mean=-42.6148
###########################################################################################
Iteration 1
Current defender payoff matrix:
[[-43.04732764 -46.2861767 ]
 [-42.61477303 -46.63963393]]
Current attacker payoff matrix:
[[-2261.79910088 -2423.36781111]
 [-2262.039409   -2423.17144599]]
Attacker's mixed strategy: [1.0, 0.0]
Defender's mixed strategy: [0.0, 1.0]
2026-08-01 18:53:36,950 / INFO: Iteration 1: def=-42.61477303044018 att=-2262.0394090000495
2026-08-01 18:53:37,087 / INFO: Episode 400, Ave step reward -2.1240000000000085
attack-16-1_0
2026-08-01 18:53:42,804 / INFO: RL utililty: -2471.4344211962725
2026-08-01 18:53:45,732 / INFO: Episode 50, Ave step reward -94.28887479713946
2026-08-01 18:53:52,138 / INFO: Episode 410, Ave step reward -2.223000000000009
2026-08-01 18:53:58,886 / INFO: Episode 30, Ave step reward -105.43568513226359
2026-08-01 18:54:01,606 / INFO: Episode 60, Ave step reward -91.99597275739765
2026-08-01 18:54:07,357 / INFO: Episode 420, Ave step reward -2.3165000000000098
2026-08-01 18:54:14,325 / INFO: Episode 40, Ave step reward -103.49225553958372
2026-08-01 18:54:17,521 / INFO: Episode 70, Ave step reward -105.08063752578755
2026-08-01 18:54:22,128 / INFO: Episode 430, Ave step reward -2.2140000000000093
2026-08-01 18:54:29,721 / INFO: Episode 50, Ave step reward -105.84148801065255
2026-08-01 18:54:33,513 / INFO: Episode 80, Ave step reward -109.92357633382692
2026-08-01 18:54:37,043 / INFO: Episode 440, Ave step reward -2.178000000000009
2026-08-01 18:54:45,494 / INFO: Episode 60, Ave step reward -106.99306674558932
2026-08-01 18:54:49,836 / INFO: Episode 90, Ave step reward -115.17862025243954
2026-08-01 18:54:51,916 / INFO: Episode 450, Ave step reward -2.35800000000001
2026-08-01 18:55:01,313 / INFO: Episode 70, Ave step reward -108.25409824371252
2026-08-01 18:55:06,216 / INFO: Episode 100, Ave step reward -115.29809745901366
2026-08-01 18:55:06,841 / INFO: Episode 460, Ave step reward -2.3310000000000097
2026-08-01 18:55:17,323 / INFO: Episode 80, Ave step reward -110.05565838212365
2026-08-01 18:55:21,709 / INFO: Episode 470, Ave step reward -2.223000000000009
2026-08-01 18:55:22,635 / INFO: Episode 110, Ave step reward -115.62850541997145
2026-08-01 18:55:33,473 / INFO: Episode 90, Ave step reward -110.56103674963359
2026-08-01 18:55:36,674 / INFO: Episode 480, Ave step reward -2.253500000000009
2026-08-01 18:55:39,219 / INFO: Episode 120, Ave step reward -114.77078719794517
2026-08-01 18:55:49,715 / INFO: Episode 100, Ave step reward -114.1001268826876
2026-08-01 18:55:51,620 / INFO: Episode 490, Ave step reward -2.178000000000009
2026-08-01 18:55:56,023 / INFO: Episode 130, Ave step reward -117.02682685126611
2026-08-01 18:56:06,154 / INFO: Episode 110, Ave step reward -113.50359400945264
2026-08-01 18:56:06,606 / INFO: Episode 500, Ave step reward -2.35800000000001
2026-08-01 18:56:12,901 / INFO: Episode 140, Ave step reward -116.1322226112335
2026-08-01 18:56:22,874 / INFO: Episode 120, Ave step reward -115.0583755027844
2026-08-01 18:56:24,570 / INFO: RL utililty: -2472.057622463212
2026-08-01 18:56:30,395 / INFO: Episode 150, Ave step reward -116.8507046252512
2026-08-01 18:56:40,448 / INFO: Episode 130, Ave step reward -114.5944582938483
2026-08-01 18:56:48,204 / INFO: Episode 160, Ave step reward -117.41525148118593
2026-08-01 18:56:58,137 / INFO: Episode 140, Ave step reward -115.3517583917555
2026-08-01 18:57:06,430 / INFO: Episode 170, Ave step reward -116.41610458201586
2026-08-01 18:57:16,008 / INFO: Episode 150, Ave step reward -116.81839089769092
2026-08-01 18:57:24,585 / INFO: Episode 180, Ave step reward -119.6851730285462
2026-08-01 18:57:34,028 / INFO: Episode 160, Ave step reward -117.01993161117721
2026-08-01 18:57:39,535 / INFO: find_mixed_NE: 1 equilibria found. Defender utility range: min=-42.4872, max=-42.4872, mean=-42.4872
###########################################################################################
Iteration 1
Current defender payoff matrix:
[[-42.7554707  -50.23075048]
 [-42.48715129 -50.20788354]]
Current attacker payoff matrix:
[[-2261.96124363 -2472.09402444]
 [-2262.11030997 -2472.1067283 ]]
Attacker's mixed strategy: [1.0, 0.0]
Defender's mixed strategy: [0.0, 1.0]
2026-08-01 18:57:39,539 / INFO: Iteration 1: def=-42.48715128597782 att=-2262.1103099691945
attack-18-1_0
2026-08-01 18:57:42,916 / INFO: Episode 190, Ave step reward -120.0059541317253
2026-08-01 18:57:52,028 / INFO: Episode 170, Ave step reward -119.6036672883165
2026-08-01 18:58:01,585 / INFO: Episode 200, Ave step reward -118.25079009310944
2026-08-01 18:58:02,371 / INFO: Episode 30, Ave step reward -105.09046365020578
2026-08-01 18:58:10,529 / INFO: Episode 180, Ave step reward -118.29018459817645
2026-08-01 18:58:19,127 / INFO: Episode 40, Ave step reward -106.54003068749097
2026-08-01 18:58:20,170 / INFO: Episode 210, Ave step reward -120.92961887959977
2026-08-01 18:58:21,589 / INFO: Non-strategic (Uniform) utility: -2427.1173044007314
defend-2-2_1
2026-08-01 18:58:28,736 / INFO: Episode 190, Ave step reward -118.39461512700143
2026-08-01 18:58:36,142 / INFO: Episode 50, Ave step reward -105.71557593476219
2026-08-01 18:58:36,752 / INFO: Episode 30, Ave step reward -2.3065000000000095
2026-08-01 18:58:38,941 / INFO: Episode 220, Ave step reward -120.38195778052528
2026-08-01 18:58:47,285 / INFO: Episode 200, Ave step reward -119.46028497923432
2026-08-01 18:58:50,864 / INFO: Episode 40, Ave step reward -2.2330000000000085
2026-08-01 18:58:53,410 / INFO: Episode 60, Ave step reward -107.82672997226378
2026-08-01 18:58:57,836 / INFO: Episode 230, Ave step reward -119.89510927250967
2026-08-01 18:59:05,264 / INFO: Episode 50, Ave step reward -2.3750000000000093
2026-08-01 18:59:05,823 / INFO: Episode 210, Ave step reward -119.31528497923428
2026-08-01 18:59:11,078 / INFO: Episode 70, Ave step reward -110.14823851797917
2026-08-01 18:59:16,915 / INFO: Episode 240, Ave step reward -120.40054453578843
2026-08-01 18:59:19,800 / INFO: Episode 60, Ave step reward -2.505000000000011
2026-08-01 18:59:24,539 / INFO: Episode 220, Ave step reward -120.98958574547632
2026-08-01 18:59:28,596 / INFO: Episode 80, Ave step reward -110.13267132508113
2026-08-01 18:59:34,232 / INFO: Episode 70, Ave step reward -2.226000000000009
2026-08-01 18:59:35,765 / INFO: Episode 250, Ave step reward -120.63991178522416
2026-08-01 18:59:43,005 / INFO: Episode 230, Ave step reward -120.77438657918721
2026-08-01 18:59:46,271 / INFO: Episode 90, Ave step reward -111.51691104999598
2026-08-01 18:59:48,946 / INFO: Episode 80, Ave step reward -2.213000000000009
2026-08-01 18:59:54,549 / INFO: Episode 260, Ave step reward -122.48174350422669
2026-08-01 19:00:01,513 / INFO: Episode 240, Ave step reward -120.65266301821151
2026-08-01 19:00:04,023 / INFO: Episode 100, Ave step reward -114.94104996882469
2026-08-01 19:00:04,058 / INFO: Episode 90, Ave step reward -2.1705000000000085
2026-08-01 19:00:13,502 / INFO: Episode 270, Ave step reward -121.80950758247408
2026-08-01 19:00:19,366 / INFO: Episode 100, Ave step reward -2.2445000000000093
2026-08-01 19:00:20,160 / INFO: Episode 250, Ave step reward -121.58654669138508
2026-08-01 19:00:21,970 / INFO: Episode 110, Ave step reward -113.75305491561605
2026-08-01 19:00:28,853 / INFO: RL utililty: -43.00173821390516
2026-08-01 19:00:32,459 / INFO: Episode 280, Ave step reward -122.59784015119627
2026-08-01 19:00:34,869 / INFO: Episode 110, Ave step reward -2.4855000000000107
2026-08-01 19:00:38,791 / INFO: Episode 260, Ave step reward -120.5378110142458
2026-08-01 19:00:40,041 / INFO: Episode 120, Ave step reward -117.839370096423
2026-08-01 19:00:50,415 / INFO: Episode 120, Ave step reward -2.215500000000009
2026-08-01 19:00:51,633 / INFO: Episode 290, Ave step reward -121.63695123141657
2026-08-01 19:00:57,352 / INFO: Episode 270, Ave step reward -121.8008326426095
2026-08-01 19:00:58,200 / INFO: Episode 130, Ave step reward -115.47714063336893
2026-08-01 19:01:05,969 / INFO: Episode 130, Ave step reward -2.032000000000008
2026-08-01 19:01:10,606 / INFO: Episode 300, Ave step reward -122.5948989755234
2026-08-01 19:01:15,012 / INFO: Non-strategic (Uniform) utility: -2426.997271545921
defend-12-1_1
2026-08-01 19:01:16,036 / INFO: Episode 280, Ave step reward -121.32916865240783
2026-08-01 19:01:16,408 / INFO: Episode 140, Ave step reward -117.63415252169766
2026-08-01 19:01:21,646 / INFO: Episode 140, Ave step reward -2.2895000000000096
2026-08-01 19:01:29,840 / INFO: Episode 310, Ave step reward -122.3382255663468
2026-08-01 19:01:30,157 / INFO: Episode 30, Ave step reward -2.380000000000009
2026-08-01 19:01:35,014 / INFO: Episode 290, Ave step reward -121.82
2026-08-01 19:01:35,059 / INFO: Episode 150, Ave step reward -117.7432616430768
2026-08-01 19:01:37,583 / INFO: Episode 150, Ave step reward -2.194000000000009
2026-08-01 19:01:44,609 / INFO: Episode 40, Ave step reward -2.2505000000000086
2026-08-01 19:01:49,220 / INFO: Episode 320, Ave step reward -121.62676776848659
2026-08-01 19:01:53,427 / INFO: Episode 160, Ave step reward -2.3850000000000104
2026-08-01 19:01:53,727 / INFO: Episode 160, Ave step reward -117.4400683872176
2026-08-01 19:01:53,968 / INFO: Episode 300, Ave step reward -122.81281853567205
2026-08-01 19:01:59,066 / INFO: Episode 50, Ave step reward -2.229500000000009
2026-08-01 19:02:08,493 / INFO: Episode 330, Ave step reward -123.36833338294733
2026-08-01 19:02:09,465 / INFO: Episode 170, Ave step reward -2.4890000000000105
2026-08-01 19:02:12,499 / INFO: Episode 170, Ave step reward -117.2780595984975
2026-08-01 19:02:13,066 / INFO: Episode 310, Ave step reward -121.52834591409966
2026-08-01 19:02:13,864 / INFO: Episode 60, Ave step reward -2.2710000000000092
2026-08-01 19:02:25,611 / INFO: Episode 180, Ave step reward -2.2355000000000094
2026-08-01 19:02:27,982 / INFO: Episode 340, Ave step reward -122.71800811651111
2026-08-01 19:02:28,974 / INFO: Episode 70, Ave step reward -2.123000000000008
2026-08-01 19:02:31,388 / INFO: Episode 180, Ave step reward -117.66278629492689
2026-08-01 19:02:32,141 / INFO: Episode 320, Ave step reward -122.92249868430741
2026-08-01 19:02:41,591 / INFO: Episode 190, Ave step reward -2.1130000000000084
2026-08-01 19:02:43,959 / INFO: Episode 80, Ave step reward -2.190000000000009
2026-08-01 19:02:47,123 / INFO: Episode 350, Ave step reward -121.81195228630058
2026-08-01 19:02:50,102 / INFO: Episode 190, Ave step reward -120.05924096602796
2026-08-01 19:02:50,967 / INFO: Episode 330, Ave step reward -122.86526886919934
2026-08-01 19:02:57,614 / INFO: Episode 200, Ave step reward -2.4550000000000107
2026-08-01 19:02:59,310 / INFO: Episode 90, Ave step reward -2.2805000000000093
2026-08-01 19:03:06,558 / INFO: Episode 360, Ave step reward -122.98484896762432
2026-08-01 19:03:09,168 / INFO: Episode 200, Ave step reward -118.96890991534468
2026-08-01 19:03:10,102 / INFO: Episode 340, Ave step reward -122.39707561334015
2026-08-01 19:03:11,436 / INFO: Non-strategic (Uniform) utility: -42.769827806222594
2026-08-01 19:03:13,913 / INFO: Episode 210, Ave step reward -2.093000000000008
2026-08-01 19:03:14,667 / INFO: Episode 100, Ave step reward -2.4815000000000107
2026-08-01 19:03:25,747 / INFO: Episode 370, Ave step reward -122.41429900394041
2026-08-01 19:03:27,974 / INFO: Episode 210, Ave step reward -120.46282712428075
2026-08-01 19:03:29,006 / INFO: Episode 350, Ave step reward -122.90334745762712
2026-08-01 19:03:30,072 / INFO: Episode 220, Ave step reward -2.2570000000000094
2026-08-01 19:03:30,175 / INFO: Episode 110, Ave step reward -2.2820000000000094
2026-08-01 19:03:45,154 / INFO: Episode 380, Ave step reward -123.15958028008048
2026-08-01 19:03:45,839 / INFO: Episode 120, Ave step reward -2.3270000000000097
2026-08-01 19:03:46,344 / INFO: Episode 230, Ave step reward -2.239000000000009
2026-08-01 19:03:46,977 / INFO: Episode 220, Ave step reward -121.14514559248397
2026-08-01 19:03:48,034 / INFO: Episode 360, Ave step reward -123.17348684437744
2026-08-01 19:04:01,475 / INFO: Episode 130, Ave step reward -2.2855000000000096
2026-08-01 19:04:02,504 / INFO: Episode 240, Ave step reward -2.3055000000000097
2026-08-01 19:04:04,402 / INFO: Episode 390, Ave step reward -122.56771774770938
2026-08-01 19:04:05,978 / INFO: Episode 230, Ave step reward -120.50640107822586
2026-08-01 19:04:07,043 / INFO: Episode 370, Ave step reward -123.45207561334014
2026-08-01 19:04:17,385 / INFO: Episode 140, Ave step reward -2.39900000000001
2026-08-01 19:04:18,934 / INFO: Episode 250, Ave step reward -2.4460000000000104
2026-08-01 19:04:23,967 / INFO: Episode 400, Ave step reward -122.93272684037103
2026-08-01 19:04:25,067 / INFO: Episode 240, Ave step reward -121.8686395026179
2026-08-01 19:04:26,003 / INFO: Episode 380, Ave step reward -123.18362362041782
2026-08-01 19:04:33,156 / INFO: Episode 150, Ave step reward -2.2840000000000096
2026-08-01 19:04:35,099 / INFO: Episode 260, Ave step reward -2.242500000000009
2026-08-01 19:04:43,134 / INFO: Episode 410, Ave step reward -123.40742791066855
2026-08-01 19:04:43,942 / INFO: Episode 250, Ave step reward -121.662232425818
2026-08-01 19:04:44,951 / INFO: Episode 390, Ave step reward -122.13679215695807
2026-08-01 19:04:49,019 / INFO: Episode 160, Ave step reward -2.169000000000009
2026-08-01 19:04:51,341 / INFO: Episode 270, Ave step reward -2.3040000000000096
2026-08-01 19:05:02,416 / INFO: Episode 420, Ave step reward -122.9364737375042
2026-08-01 19:05:03,005 / INFO: Episode 260, Ave step reward -119.40794049669479
2026-08-01 19:05:03,803 / INFO: Episode 400, Ave step reward -122.74527616279069
2026-08-01 19:05:04,859 / INFO: Episode 170, Ave step reward -2.1705000000000085
2026-08-01 19:05:07,554 / INFO: Episode 280, Ave step reward -2.2140000000000093
2026-08-01 19:05:20,785 / INFO: Episode 180, Ave step reward -2.36150000000001
2026-08-01 19:05:21,578 / INFO: Episode 430, Ave step reward -122.9171691736054
2026-08-01 19:05:21,932 / INFO: Episode 270, Ave step reward -121.72012662322895
2026-08-01 19:05:22,646 / INFO: Episode 410, Ave step reward -122.8788750638896
2026-08-01 19:05:23,809 / INFO: Episode 290, Ave step reward -2.2140000000000093
2026-08-01 19:05:36,698 / INFO: Episode 190, Ave step reward -2.2660000000000093
2026-08-01 19:05:40,073 / INFO: Episode 300, Ave step reward -2.239000000000009
2026-08-01 19:05:40,707 / INFO: Episode 440, Ave step reward -122.9909273898216
2026-08-01 19:05:40,803 / INFO: Episode 280, Ave step reward -122.65013961458519
2026-08-01 19:05:41,467 / INFO: Episode 420, Ave step reward -122.75334745762711
2026-08-01 19:05:52,633 / INFO: Episode 200, Ave step reward -2.194000000000009
2026-08-01 19:05:56,265 / INFO: Episode 310, Ave step reward -2.3310000000000097
2026-08-01 19:05:59,670 / INFO: Episode 290, Ave step reward -122.63335758976329
2026-08-01 19:05:59,848 / INFO: Episode 450, Ave step reward -123.42190192182086
2026-08-01 19:06:00,345 / INFO: Episode 430, Ave step reward -122.6425
2026-08-01 19:06:09,120 / INFO: Episode 210, Ave step reward -2.3505000000000096
2026-08-01 19:06:12,969 / INFO: Episode 320, Ave step reward -2.0880000000000085
2026-08-01 19:06:19,077 / INFO: Episode 300, Ave step reward -122.9333284883721
2026-08-01 19:06:19,529 / INFO: Episode 460, Ave step reward -123.19586719492793
2026-08-01 19:06:19,612 / INFO: Episode 440, Ave step reward -123.17916996810044
2026-08-01 19:06:25,101 / INFO: Episode 220, Ave step reward -2.2480000000000095
2026-08-01 19:06:29,283 / INFO: Episode 330, Ave step reward -2.196000000000009
2026-08-01 19:06:38,105 / INFO: Episode 310, Ave step reward -122.5179404966948
2026-08-01 19:06:38,542 / INFO: Episode 450, Ave step reward -122.945
2026-08-01 19:06:38,843 / INFO: Episode 470, Ave step reward -123.41001082629464
2026-08-01 19:06:41,188 / INFO: Episode 230, Ave step reward -2.2410000000000094
2026-08-01 19:06:45,920 / INFO: Episode 340, Ave step reward -2.2355000000000094
2026-08-01 19:06:57,327 / INFO: Episode 320, Ave step reward -122.97711046479525
2026-08-01 19:06:57,526 / INFO: Episode 240, Ave step reward -2.1400000000000086
2026-08-01 19:06:57,659 / INFO: Episode 460, Ave step reward -123.1034694186499
2026-08-01 19:06:58,320 / INFO: Episode 480, Ave step reward -123.46723846116072
2026-08-01 19:07:02,176 / INFO: Episode 350, Ave step reward -2.2410000000000094
2026-08-01 19:07:13,652 / INFO: Episode 250, Ave step reward -2.190500000000009
2026-08-01 19:07:16,413 / INFO: Episode 330, Ave step reward -122.23374558144059
2026-08-01 19:07:16,589 / INFO: Episode 470, Ave step reward -123.23
2026-08-01 19:07:17,551 / INFO: Episode 490, Ave step reward -123.07751082629466
2026-08-01 19:07:18,556 / INFO: Episode 360, Ave step reward -2.205000000000009
2026-08-01 19:07:29,755 / INFO: Episode 260, Ave step reward -2.34900000000001
2026-08-01 19:07:34,874 / INFO: Episode 370, Ave step reward -2.2500000000000093
2026-08-01 19:07:35,337 / INFO: Episode 340, Ave step reward -123.0008284883721
2026-08-01 19:07:35,503 / INFO: Episode 480, Ave step reward -122.91
2026-08-01 19:07:36,749 / INFO: Episode 500, Ave step reward -123.17742791066856
2026-08-01 19:07:45,924 / INFO: Episode 270, Ave step reward -2.199500000000009
2026-08-01 19:07:51,080 / INFO: Episode 380, Ave step reward -2.2590000000000092
2026-08-01 19:07:54,139 / INFO: Episode 490, Ave step reward -123.0875
2026-08-01 19:07:54,177 / INFO: Episode 350, Ave step reward -122.70806975130894
2026-08-01 19:08:01,915 / INFO: Episode 280, Ave step reward -2.169000000000009
2026-08-01 19:08:07,287 / INFO: Episode 390, Ave step reward -2.2950000000000097
2026-08-01 19:08:12,774 / INFO: Episode 500, Ave step reward -123.40707561334015
2026-08-01 19:08:12,949 / INFO: Episode 360, Ave step reward -121.98697107804493
2026-08-01 19:08:17,915 / INFO: Episode 290, Ave step reward -2.232000000000009
2026-08-01 19:08:23,377 / INFO: Episode 400, Ave step reward -2.196000000000009
2026-08-01 19:08:31,660 / INFO: Episode 370, Ave step reward -121.81695757871991
2026-08-01 19:08:33,904 / INFO: Episode 300, Ave step reward -2.169000000000009
2026-08-01 19:08:39,459 / INFO: Episode 410, Ave step reward -2.1150000000000087
2026-08-01 19:08:49,781 / INFO: Episode 310, Ave step reward -2.35250000000001
2026-08-01 19:08:50,276 / INFO: Episode 380, Ave step reward -122.97776886919934
2026-08-01 19:08:55,567 / INFO: Episode 420, Ave step reward -2.34000000000001
2026-08-01 19:09:05,852 / INFO: Episode 320, Ave step reward -2.33450000000001
2026-08-01 19:09:09,005 / INFO: Episode 390, Ave step reward -122.68567451443906
2026-08-01 19:09:11,650 / INFO: Episode 430, Ave step reward -2.3940000000000103
2026-08-01 19:09:21,761 / INFO: Episode 330, Ave step reward -2.223000000000009
2026-08-01 19:09:27,676 / INFO: Episode 400, Ave step reward -122.61222229368184
2026-08-01 19:09:27,734 / INFO: Episode 440, Ave step reward -2.199500000000009
2026-08-01 19:09:38,029 / INFO: Episode 340, Ave step reward -2.1060000000000083
2026-08-01 19:09:44,062 / INFO: Episode 450, Ave step reward -2.196000000000009
2026-08-01 19:09:46,665 / INFO: Episode 410, Ave step reward -122.6091512266803
2026-08-01 19:09:54,089 / INFO: Episode 350, Ave step reward -2.4515000000000104
2026-08-01 19:10:00,270 / INFO: Episode 460, Ave step reward -2.4570000000000105
2026-08-01 19:10:05,515 / INFO: Episode 420, Ave step reward -122.67819325585917
2026-08-01 19:10:10,188 / INFO: Episode 360, Ave step reward -2.1060000000000083
2026-08-01 19:10:16,420 / INFO: Episode 470, Ave step reward -2.30750000000001
2026-08-01 19:10:24,265 / INFO: Episode 430, Ave step reward -123.13777616279069
2026-08-01 19:10:26,220 / INFO: Episode 370, Ave step reward -2.1330000000000084
2026-08-01 19:10:32,516 / INFO: Episode 480, Ave step reward -2.34000000000001
2026-08-01 19:10:42,264 / INFO: Episode 380, Ave step reward -2.36150000000001
2026-08-01 19:10:43,084 / INFO: Episode 440, Ave step reward -123.41334745762711
2026-08-01 19:10:48,689 / INFO: Episode 490, Ave step reward -2.36500000000001
2026-08-01 19:10:58,279 / INFO: Episode 390, Ave step reward -2.4030000000000102
2026-08-01 19:11:01,843 / INFO: Episode 450, Ave step reward -123.4736236204178
2026-08-01 19:11:04,872 / INFO: Episode 500, Ave step reward -2.1510000000000087
2026-08-01 19:11:14,762 / INFO: Episode 400, Ave step reward -2.2680000000000096
2026-08-01 19:11:20,862 / INFO: Episode 460, Ave step reward -123.1875
2026-08-01 19:11:30,847 / INFO: Episode 410, Ave step reward -2.205000000000009
2026-08-01 19:11:39,442 / INFO: Episode 470, Ave step reward -123.26207561334014
2026-08-01 19:11:46,900 / INFO: Episode 420, Ave step reward -2.2770000000000095
2026-08-01 19:11:58,060 / INFO: Episode 480, Ave step reward -123.19179945054944
2026-08-01 19:12:02,919 / INFO: Episode 430, Ave step reward -2.2590000000000092
2026-08-01 19:12:16,584 / INFO: Episode 490, Ave step reward -123.535
2026-08-01 19:12:18,872 / INFO: Episode 440, Ave step reward -2.3310000000000097
2026-08-01 19:12:34,952 / INFO: Episode 450, Ave step reward -2.2445000000000093
2026-08-01 19:12:35,279 / INFO: Episode 500, Ave step reward -122.995
2026-08-01 19:12:51,137 / INFO: Episode 460, Ave step reward -2.3850000000000104
2026-08-01 19:13:08,671 / INFO: Episode 470, Ave step reward -2.34900000000001
2026-08-01 19:13:24,808 / INFO: Episode 480, Ave step reward -2.223000000000009
2026-08-01 19:13:40,949 / INFO: Episode 490, Ave step reward -2.187000000000009
2026-08-01 19:13:57,305 / INFO: Episode 500, Ave step reward -2.0610000000000084
2026-08-01 19:14:10,960 / INFO: RL utililty: -2470.1260157064603
2026-08-01 19:14:24,585 / INFO: RL utililty: -2470.964614761873
2026-08-01 19:15:17,954 / INFO: RL utililty: -42.75267441980057
/home/pranjal/research/DDPG_MQTT_125/venv/lib/python3.6/site-packages/nashpy/algorithms/support_enumeration.py:196: RuntimeWarning: 
An even number of (2) equilibria was returned. This
indicates that the game is degenerate. Consider using another algorithm
to investigate.
                  
  warnings.warn(warning, RuntimeWarning)
2026-08-01 19:17:23,307 / INFO: find_mixed_NE: 2 equilibria found. Defender utility range: min=0.0000, max=0.0000, mean=0.0000
###########################################################################################
Iteration 1
Current defender payoff matrix:
[[-43.08805132   0.        ]
 [-42.95483182   0.        ]]
Current attacker payoff matrix:
[[-2261.77647662  -500.00099474]
 [-2261.85048745  -500.00099474]]
Attacker's mixed strategy: [0.0, 1.0]
Defender's mixed strategy: [1.0, 0.0]
2026-08-01 19:17:23,309 / INFO: Iteration 1: def=0.0 att=-500.0009947446004
attack-19-1_0
2026-08-01 19:17:31,452 / INFO: Non-strategic (Uniform) utility: -42.69297202951159
2026-08-01 19:17:37,396 / INFO: Episode 30, Ave step reward -103.81293556369809
2026-08-01 19:17:51,785 / INFO: Episode 40, Ave step reward -104.53516299593112
2026-08-01 19:17:55,249 / INFO: RL utililty: -42.895085887730296
2026-08-01 19:18:06,565 / INFO: Episode 50, Ave step reward -104.17801350476815
2026-08-01 19:18:21,702 / INFO: Episode 60, Ave step reward -110.05536328982328
2026-08-01 19:18:23,262 / INFO: Non-strategic (Uniform) utility: -2427.0966741277693
defend-9-2_1
2026-08-01 19:18:31,259 / INFO: RL utililty: -2471.6547111881187
2026-08-01 19:18:37,239 / INFO: Episode 70, Ave step reward -111.62288581435674
2026-08-01 19:18:38,776 / INFO: Non-strategic (Uniform) utility: -2427.181637781264
defend-16-1_0
2026-08-01 19:18:43,914 / INFO: Episode 30, Ave step reward -0.048999999999999995
2026-08-01 19:18:52,341 / INFO: Episode 80, Ave step reward -109.2712650047602
2026-08-01 19:18:53,307 / INFO: Episode 30, Ave step reward -2.227500000000009
2026-08-01 19:19:00,229 / INFO: Episode 40, Ave step reward -0.0335
2026-08-01 19:19:07,447 / INFO: Episode 40, Ave step reward -2.159000000000008
2026-08-01 19:19:07,489 / INFO: Episode 90, Ave step reward -115.50313573497624
2026-08-01 19:19:16,728 / INFO: Episode 50, Ave step reward -0.030000000000000006
2026-08-01 19:19:22,036 / INFO: Episode 50, Ave step reward -2.242000000000009
2026-08-01 19:19:22,975 / INFO: Episode 100, Ave step reward -111.7725202958961
2026-08-01 19:19:33,277 / INFO: Episode 60, Ave step reward -0.04050000000000001
2026-08-01 19:19:36,577 / INFO: Episode 60, Ave step reward -2.197000000000009
2026-08-01 19:19:38,382 / INFO: Episode 110, Ave step reward -113.93589003766809
2026-08-01 19:19:50,044 / INFO: Episode 70, Ave step reward -0.021
2026-08-01 19:19:51,406 / INFO: Episode 70, Ave step reward -2.2890000000000095
2026-08-01 19:19:53,720 / INFO: Episode 120, Ave step reward -117.01881554380944
2026-08-01 19:20:06,169 / INFO: Episode 80, Ave step reward -2.2895000000000096
2026-08-01 19:20:06,730 / INFO: Episode 80, Ave step reward -0.028000000000000004
2026-08-01 19:20:09,138 / INFO: Episode 130, Ave step reward -118.4150657558324
2026-08-01 19:20:21,125 / INFO: Episode 90, Ave step reward -2.2030000000000087
2026-08-01 19:20:23,644 / INFO: Episode 90, Ave step reward -0.023000000000000003
2026-08-01 19:20:24,722 / INFO: Episode 140, Ave step reward -115.94724124226157
2026-08-01 19:20:28,287 / INFO: Non-strategic (Uniform) utility: -42.55816604943536
2026-08-01 19:20:36,032 / INFO: Episode 100, Ave step reward -2.251500000000009
2026-08-01 19:20:40,245 / INFO: Episode 150, Ave step reward -116.49948564455242
2026-08-01 19:20:40,514 / INFO: Episode 100, Ave step reward -0.0335
2026-08-01 19:20:51,043 / INFO: Episode 110, Ave step reward -2.1830000000000087
2026-08-01 19:20:55,875 / INFO: Episode 160, Ave step reward -116.20199732021607
2026-08-01 19:20:57,533 / INFO: Episode 110, Ave step reward -0.026500000000000003
2026-08-01 19:21:06,208 / INFO: Episode 120, Ave step reward -2.2585000000000095
2026-08-01 19:21:11,600 / INFO: Episode 170, Ave step reward -118.55429322414052
2026-08-01 19:21:14,783 / INFO: Episode 120, Ave step reward -0.010499999999999999
2026-08-01 19:21:21,455 / INFO: Episode 130, Ave step reward -2.1525000000000087
2026-08-01 19:21:27,288 / INFO: Episode 180, Ave step reward -116.65706391700124
2026-08-01 19:21:31,992 / INFO: Episode 130, Ave step reward -0.010499999999999999
2026-08-01 19:21:36,787 / INFO: Episode 140, Ave step reward -2.1470000000000082
2026-08-01 19:21:43,051 / INFO: Episode 190, Ave step reward -120.56335295918092
2026-08-01 19:21:49,263 / INFO: Episode 140, Ave step reward -0.010499999999999999
2026-08-01 19:21:52,124 / INFO: Episode 150, Ave step reward -2.1975000000000087
2026-08-01 19:21:58,875 / INFO: Episode 200, Ave step reward -121.10821511595805
2026-08-01 19:22:06,874 / INFO: Episode 150, Ave step reward -0.006999999999999999
2026-08-01 19:22:07,811 / INFO: Episode 160, Ave step reward -2.2370000000000094
2026-08-01 19:22:14,997 / INFO: Episode 210, Ave step reward -122.0089200474809
2026-08-01 19:22:23,277 / INFO: Episode 170, Ave step reward -2.33250000000001
2026-08-01 19:22:24,198 / INFO: Episode 160, Ave step reward -0.019500000000000003
2026-08-01 19:22:30,843 / INFO: Episode 220, Ave step reward -121.22929659132939
2026-08-01 19:22:38,809 / INFO: Episode 180, Ave step reward -2.1740000000000084
2026-08-01 19:22:41,631 / INFO: Episode 170, Ave step reward -0.019500000000000003
2026-08-01 19:22:46,741 / INFO: Episode 230, Ave step reward -119.45569791806537
2026-08-01 19:22:54,323 / INFO: Episode 190, Ave step reward -2.2895000000000096
2026-08-01 19:22:59,000 / INFO: Episode 180, Ave step reward -0.0125
2026-08-01 19:23:02,753 / INFO: Episode 240, Ave step reward -120.52906411711265
2026-08-01 19:23:09,987 / INFO: Episode 200, Ave step reward -2.2140000000000093
2026-08-01 19:23:16,627 / INFO: Episode 190, Ave step reward -0.0125
2026-08-01 19:23:18,748 / INFO: Episode 250, Ave step reward -121.28931687627701
2026-08-01 19:23:25,543 / INFO: Episode 210, Ave step reward -2.35800000000001
2026-08-01 19:23:29,367 / INFO: Non-strategic (Uniform) utility: -2427.5991296625925
defend-18-1_0
2026-08-01 19:23:34,174 / INFO: Episode 200, Ave step reward -0.019500000000000003
2026-08-01 19:23:34,722 / INFO: Episode 260, Ave step reward -121.38916113098159
2026-08-01 19:23:41,273 / INFO: Episode 220, Ave step reward -2.1365000000000087
2026-08-01 19:23:44,438 / INFO: Episode 30, Ave step reward -2.135500000000008
2026-08-01 19:23:50,905 / INFO: Episode 270, Ave step reward -122.68692738947101
2026-08-01 19:23:51,850 / INFO: Episode 210, Ave step reward -0.009000000000000001
2026-08-01 19:23:57,072 / INFO: Episode 230, Ave step reward -2.2750000000000097
2026-08-01 19:23:58,426 / INFO: Episode 40, Ave step reward -2.46350000000001
2026-08-01 19:24:07,105 / INFO: Episode 280, Ave step reward -122.28821068158673
2026-08-01 19:24:09,726 / INFO: Episode 220, Ave step reward -0.0125
2026-08-01 19:24:12,765 / INFO: Episode 50, Ave step reward -2.2980000000000094
2026-08-01 19:24:12,930 / INFO: Episode 240, Ave step reward -2.2315000000000094
2026-08-01 19:24:23,332 / INFO: Episode 290, Ave step reward -120.9097282715806
2026-08-01 19:24:27,244 / INFO: Episode 60, Ave step reward -2.4365000000000103
2026-08-01 19:24:27,579 / INFO: Episode 230, Ave step reward -0.016
2026-08-01 19:24:28,845 / INFO: Episode 250, Ave step reward -2.1400000000000086
2026-08-01 19:24:39,483 / INFO: Episode 300, Ave step reward -121.52435924915834
2026-08-01 19:24:41,831 / INFO: Episode 70, Ave step reward -2.2895000000000096
2026-08-01 19:24:44,740 / INFO: Episode 260, Ave step reward -2.2895000000000096
2026-08-01 19:24:45,408 / INFO: Episode 240, Ave step reward -0.016
2026-08-01 19:24:55,620 / INFO: Episode 310, Ave step reward -122.15391720893608
2026-08-01 19:24:56,500 / INFO: Episode 80, Ave step reward -2.332000000000009
2026-08-01 19:25:00,597 / INFO: Episode 270, Ave step reward -2.199500000000009
2026-08-01 19:25:03,263 / INFO: Episode 250, Ave step reward -0.0125
2026-08-01 19:25:11,515 / INFO: Episode 90, Ave step reward -2.35950000000001
2026-08-01 19:25:11,880 / INFO: Episode 320, Ave step reward -122.69457561334015
2026-08-01 19:25:16,634 / INFO: Episode 280, Ave step reward -2.1815000000000087
2026-08-01 19:25:21,255 / INFO: Episode 260, Ave step reward -0.006999999999999999
2026-08-01 19:25:26,555 / INFO: Episode 100, Ave step reward -2.38450000000001
2026-08-01 19:25:28,100 / INFO: Episode 330, Ave step reward -121.97112362041781
2026-08-01 19:25:32,512 / INFO: Episode 290, Ave step reward -2.190500000000009
2026-08-01 19:25:39,131 / INFO: Episode 270, Ave step reward -0.006999999999999999
2026-08-01 19:25:41,656 / INFO: Episode 110, Ave step reward -2.5355000000000105
2026-08-01 19:25:44,275 / INFO: Episode 340, Ave step reward -122.69040410171225
2026-08-01 19:25:48,546 / INFO: Episode 300, Ave step reward -2.196000000000009
2026-08-01 19:25:57,700 / INFO: Episode 120, Ave step reward -2.274500000000009
2026-08-01 19:25:57,800 / INFO: Episode 280, Ave step reward -0.0125
2026-08-01 19:26:01,961 / INFO: Episode 350, Ave step reward -122.42832717267953
2026-08-01 19:26:05,976 / INFO: Episode 310, Ave step reward -2.3310000000000097
2026-08-01 19:26:13,735 / INFO: Episode 130, Ave step reward -2.2925000000000093
2026-08-01 19:26:16,510 / INFO: Episode 290, Ave step reward -0.009000000000000001
2026-08-01 19:26:18,264 / INFO: Episode 360, Ave step reward -123.24055232558139
2026-08-01 19:26:21,856 / INFO: Episode 320, Ave step reward -2.32200000000001
2026-08-01 19:26:29,099 / INFO: Episode 140, Ave step reward -2.2965000000000098
2026-08-01 19:26:34,438 / INFO: Episode 300, Ave step reward -0.0125
2026-08-01 19:26:34,482 / INFO: Episode 370, Ave step reward -123.29586488335467
2026-08-01 19:26:37,841 / INFO: Episode 330, Ave step reward -2.1185000000000085
2026-08-01 19:26:44,611 / INFO: Episode 150, Ave step reward -2.3090000000000095
2026-08-01 19:26:50,680 / INFO: Episode 380, Ave step reward -122.38
2026-08-01 19:26:52,381 / INFO: Episode 310, Ave step reward -0.009000000000000001
2026-08-01 19:26:53,894 / INFO: Episode 340, Ave step reward -2.28600000000001
2026-08-01 19:27:00,117 / INFO: Episode 160, Ave step reward -2.3090000000000095
2026-08-01 19:27:06,912 / INFO: Episode 390, Ave step reward -122.94016433390411
2026-08-01 19:27:09,916 / INFO: Episode 350, Ave step reward -2.2355000000000094
2026-08-01 19:27:10,406 / INFO: Episode 320, Ave step reward 0.0
2026-08-01 19:27:15,783 / INFO: Episode 170, Ave step reward -2.33800000000001
2026-08-01 19:27:23,172 / INFO: Episode 400, Ave step reward -122.80251742572754
2026-08-01 19:27:25,924 / INFO: Episode 360, Ave step reward -2.37600000000001
2026-08-01 19:27:28,382 / INFO: Episode 330, Ave step reward -0.009000000000000001
2026-08-01 19:27:31,342 / INFO: Episode 180, Ave step reward -2.1975000000000087
2026-08-01 19:27:39,418 / INFO: Episode 410, Ave step reward -122.9777761627907
2026-08-01 19:27:41,895 / INFO: Episode 370, Ave step reward -2.31300000000001
2026-08-01 19:27:46,239 / INFO: Episode 340, Ave step reward -0.0125
2026-08-01 19:27:47,062 / INFO: Episode 190, Ave step reward -2.2660000000000093
2026-08-01 19:27:55,618 / INFO: Episode 420, Ave step reward -123.5402761627907
2026-08-01 19:27:57,823 / INFO: Episode 380, Ave step reward -2.28600000000001
2026-08-01 19:28:02,738 / INFO: Episode 200, Ave step reward -2.3310000000000097
2026-08-01 19:28:04,211 / INFO: Episode 350, Ave step reward -0.009000000000000001
2026-08-01 19:28:11,926 / INFO: Episode 430, Ave step reward -123.21014690817655
2026-08-01 19:28:13,821 / INFO: Episode 390, Ave step reward -2.2770000000000095
2026-08-01 19:28:18,584 / INFO: Episode 210, Ave step reward -2.39350000000001
2026-08-01 19:28:22,235 / INFO: Episode 360, Ave step reward -0.009000000000000001
2026-08-01 19:28:28,230 / INFO: Episode 440, Ave step reward -123.0005523255814
2026-08-01 19:28:29,842 / INFO: Episode 400, Ave step reward -2.3940000000000103
2026-08-01 19:28:34,466 / INFO: Episode 220, Ave step reward -2.1725000000000088
2026-08-01 19:28:40,244 / INFO: Episode 370, Ave step reward 0.0
2026-08-01 19:28:44,533 / INFO: Episode 450, Ave step reward -123.55889380530972
2026-08-01 19:28:45,896 / INFO: Episode 410, Ave step reward -2.3850000000000104
2026-08-01 19:28:50,212 / INFO: Episode 230, Ave step reward -2.248000000000009
2026-08-01 19:28:58,290 / INFO: Episode 380, Ave step reward -0.0034999999999999996
2026-08-01 19:29:00,827 / INFO: Episode 460, Ave step reward -123.27679945054945
2026-08-01 19:29:01,940 / INFO: Episode 420, Ave step reward -2.2140000000000093
2026-08-01 19:29:06,121 / INFO: Episode 240, Ave step reward -2.4190000000000103
2026-08-01 19:29:16,365 / INFO: Episode 390, Ave step reward -0.009000000000000001
2026-08-01 19:29:17,225 / INFO: Episode 470, Ave step reward -123.295
2026-08-01 19:29:18,044 / INFO: Episode 430, Ave step reward -2.2140000000000093
2026-08-01 19:29:22,097 / INFO: Episode 250, Ave step reward -2.28600000000001
2026-08-01 19:29:33,497 / INFO: Episode 480, Ave step reward -123.465
2026-08-01 19:29:34,018 / INFO: Episode 440, Ave step reward -2.1240000000000085
2026-08-01 19:29:34,316 / INFO: Episode 400, Ave step reward -0.009000000000000001
2026-08-01 19:29:37,963 / INFO: Episode 260, Ave step reward -2.31300000000001
2026-08-01 19:29:49,714 / INFO: Episode 490, Ave step reward -122.9075
2026-08-01 19:29:50,042 / INFO: Episode 450, Ave step reward -2.2770000000000095
2026-08-01 19:29:52,309 / INFO: Episode 410, Ave step reward -0.009000000000000001
2026-08-01 19:29:53,874 / INFO: Episode 270, Ave step reward -2.28600000000001
2026-08-01 19:30:06,561 / INFO: Episode 460, Ave step reward -2.169000000000009
2026-08-01 19:30:06,563 / INFO: Episode 500, Ave step reward -123.1675
2026-08-01 19:30:10,390 / INFO: Episode 280, Ave step reward -2.223000000000009
2026-08-01 19:30:10,910 / INFO: Episode 420, Ave step reward 0.0
2026-08-01 19:30:24,483 / INFO: Episode 470, Ave step reward -2.35250000000001
2026-08-01 19:30:28,158 / INFO: Episode 290, Ave step reward -2.38300000000001
2026-08-01 19:30:30,668 / INFO: Episode 430, Ave step reward -0.009000000000000001
2026-08-01 19:30:40,504 / INFO: Episode 480, Ave step reward -2.36700000000001
2026-08-01 19:30:43,999 / INFO: Episode 300, Ave step reward -2.2660000000000093
2026-08-01 19:30:48,710 / INFO: Episode 440, Ave step reward 0.0
2026-08-01 19:30:56,472 / INFO: Episode 490, Ave step reward -2.160000000000009
2026-08-01 19:30:59,968 / INFO: Episode 310, Ave step reward -2.3020000000000094
2026-08-01 19:31:06,567 / INFO: Episode 450, Ave step reward 0.0
2026-08-01 19:31:12,399 / INFO: Episode 500, Ave step reward -2.3040000000000096
2026-08-01 19:31:15,911 / INFO: Episode 320, Ave step reward -2.31300000000001
2026-08-01 19:31:24,396 / INFO: Episode 460, Ave step reward -0.009000000000000001
2026-08-01 19:31:31,745 / INFO: Episode 330, Ave step reward -2.196000000000009
2026-08-01 19:31:42,190 / INFO: Episode 470, Ave step reward -0.009000000000000001
2026-08-01 19:31:47,763 / INFO: Episode 340, Ave step reward -2.3310000000000097
2026-08-01 19:32:00,019 / INFO: Episode 480, Ave step reward 0.0
2026-08-01 19:32:03,751 / INFO: Episode 350, Ave step reward -2.2985000000000095
2026-08-01 19:32:18,083 / INFO: Episode 490, Ave step reward -0.009000000000000001
2026-08-01 19:32:19,889 / INFO: Episode 360, Ave step reward -2.1240000000000085
2026-08-01 19:32:35,893 / INFO: Episode 370, Ave step reward -2.232000000000009
2026-08-01 19:32:36,115 / INFO: Episode 500, Ave step reward -0.009000000000000001
2026-08-01 19:32:51,908 / INFO: Episode 380, Ave step reward -2.32200000000001
2026-08-01 19:33:08,024 / INFO: Episode 390, Ave step reward -2.2680000000000096
2026-08-01 19:33:24,197 / INFO: Episode 400, Ave step reward -2.30750000000001
2026-08-01 19:33:40,370 / INFO: Episode 410, Ave step reward -2.0610000000000084
2026-08-01 19:33:56,568 / INFO: Episode 420, Ave step reward -2.160000000000009
2026-08-01 19:34:12,718 / INFO: Episode 430, Ave step reward -2.1365000000000087
2026-08-01 19:34:27,950 / INFO: RL utililty: -2471.915023092876
2026-08-01 19:34:29,366 / INFO: Episode 440, Ave step reward -2.232000000000009
2026-08-01 19:34:45,811 / INFO: Episode 450, Ave step reward -2.31300000000001
2026-08-01 19:35:02,219 / INFO: Episode 460, Ave step reward -2.1330000000000084
2026-08-01 19:35:18,641 / INFO: Episode 470, Ave step reward -2.4210000000000105
2026-08-01 19:35:28,313 / INFO: RL utililty: -42.9063056292378
2026-08-01 19:35:35,461 / INFO: Episode 480, Ave step reward -2.2140000000000093
2026-08-01 19:35:52,261 / INFO: Episode 490, Ave step reward -2.34900000000001
2026-08-01 19:36:08,995 / INFO: Episode 500, Ave step reward -2.169000000000009
2026-08-01 19:36:45,965 / INFO: Non-strategic (Uniform) utility: -2426.999780923867
defend-19-1_0
2026-08-01 19:37:05,599 / INFO: Episode 30, Ave step reward -0.021
2026-08-01 19:37:21,806 / INFO: Episode 40, Ave step reward -0.028000000000000004
2026-08-01 19:37:38,248 / INFO: Episode 50, Ave step reward -0.0175
2026-08-01 19:37:47,597 / INFO: Non-strategic (Uniform) utility: -43.124103057377724
attack-16-1_1
2026-08-01 19:37:54,675 / INFO: Episode 60, Ave step reward -0.0175
2026-08-01 19:38:09,117 / INFO: Episode 30, Ave step reward -100.86636022659157
2026-08-01 19:38:10,244 / INFO: RL utililty: -2.455559999999998
2026-08-01 19:38:10,960 / INFO: Episode 70, Ave step reward -0.0245
2026-08-01 19:38:25,541 / INFO: Episode 40, Ave step reward -106.19250486776069
2026-08-01 19:38:27,534 / INFO: Episode 80, Ave step reward -0.021
2026-08-01 19:38:42,210 / INFO: Episode 50, Ave step reward -106.31703556887865
2026-08-01 19:38:44,486 / INFO: Episode 90, Ave step reward -0.0175
2026-08-01 19:38:59,281 / INFO: Episode 60, Ave step reward -109.08754440209722
2026-08-01 19:39:01,507 / INFO: Episode 100, Ave step reward -0.021
2026-08-01 19:39:16,044 / INFO: Episode 70, Ave step reward -109.74053797718209
2026-08-01 19:39:18,365 / INFO: Episode 110, Ave step reward -0.010499999999999999
2026-08-01 19:39:33,050 / INFO: Episode 80, Ave step reward -112.4455294283187
2026-08-01 19:39:35,261 / INFO: Episode 120, Ave step reward -0.006999999999999999
2026-08-01 19:39:50,270 / INFO: Episode 90, Ave step reward -111.32567165361384
2026-08-01 19:39:52,382 / INFO: Episode 130, Ave step reward -0.010499999999999999
2026-08-01 19:40:07,552 / INFO: Episode 100, Ave step reward -114.2227283183742
2026-08-01 19:40:09,482 / INFO: Episode 140, Ave step reward -0.0175
2026-08-01 19:40:22,861 / INFO: RL utililty: -42.61143439134974
2026-08-01 19:40:24,894 / INFO: Episode 110, Ave step reward -116.86659821208877
2026-08-01 19:40:26,687 / INFO: Episode 150, Ave step reward -0.010499999999999999
2026-08-01 19:40:42,462 / INFO: Episode 120, Ave step reward -114.77762687013391
2026-08-01 19:40:43,933 / INFO: Episode 160, Ave step reward -0.010499999999999999
2026-08-01 19:41:00,085 / INFO: Episode 130, Ave step reward -114.19333576128818
2026-08-01 19:41:01,324 / INFO: Episode 170, Ave step reward -0.013999999999999999
2026-08-01 19:41:17,869 / INFO: Episode 140, Ave step reward -117.68598244162989
2026-08-01 19:41:18,812 / INFO: Episode 180, Ave step reward 0.0
2026-08-01 19:41:35,623 / INFO: Episode 150, Ave step reward -118.94651136358497
2026-08-01 19:41:36,191 / INFO: Episode 190, Ave step reward 0.0
2026-08-01 19:41:53,422 / INFO: Episode 160, Ave step reward -118.41238245267328
2026-08-01 19:41:53,593 / INFO: Episode 200, Ave step reward -0.0034999999999999996
2026-08-01 19:42:11,102 / INFO: Episode 210, Ave step reward -0.0034999999999999996
2026-08-01 19:42:11,332 / INFO: Episode 170, Ave step reward -119.8577340368143
2026-08-01 19:42:17,145 / INFO: Non-strategic (Uniform) utility: -2.5239599999999998
2026-08-01 19:42:28,719 / INFO: Episode 220, Ave step reward -0.006999999999999999
2026-08-01 19:42:29,369 / INFO: Episode 180, Ave step reward -118.78266562892141
2026-08-01 19:42:46,449 / INFO: Episode 230, Ave step reward 0.0
2026-08-01 19:42:47,530 / INFO: Episode 190, Ave step reward -121.22931401705694
2026-08-01 19:42:54,586 / INFO: Non-strategic (Uniform) utility: -42.78917480767886
attack-18-1_1
2026-08-01 19:43:04,004 / INFO: Episode 240, Ave step reward -0.010499999999999999
2026-08-01 19:43:05,517 / INFO: Episode 200, Ave step reward -120.33436368352965
2026-08-01 19:43:17,175 / INFO: Episode 30, Ave step reward -101.13350271685084
2026-08-01 19:43:21,635 / INFO: Episode 250, Ave step reward -0.006999999999999999
2026-08-01 19:43:23,618 / INFO: Episode 210, Ave step reward -119.50779204499078
2026-08-01 19:43:33,663 / INFO: Episode 40, Ave step reward -105.51764534236865
2026-08-01 19:43:39,327 / INFO: Episode 260, Ave step reward -0.006999999999999999
2026-08-01 19:43:41,809 / INFO: Episode 220, Ave step reward -120.17672092959046
2026-08-01 19:43:50,219 / INFO: Episode 50, Ave step reward -108.97572859300264
2026-08-01 19:43:56,952 / INFO: Episode 270, Ave step reward -0.0034999999999999996
2026-08-01 19:43:59,932 / INFO: Episode 230, Ave step reward -121.41768773753043
2026-08-01 19:44:07,098 / INFO: Episode 60, Ave step reward -107.56319791646023
2026-08-01 19:44:14,748 / INFO: Episode 280, Ave step reward 0.0
2026-08-01 19:44:18,260 / INFO: Episode 240, Ave step reward -121.58518175963165
2026-08-01 19:44:24,270 / INFO: Episode 70, Ave step reward -107.82497992060685
2026-08-01 19:44:32,414 / INFO: Episode 290, Ave step reward -0.0034999999999999996
2026-08-01 19:44:36,468 / INFO: Episode 250, Ave step reward -123.10173989884552
2026-08-01 19:44:41,479 / INFO: Episode 80, Ave step reward -110.78092572847079
2026-08-01 19:44:50,118 / INFO: Episode 300, Ave step reward -0.0034999999999999996
2026-08-01 19:44:54,688 / INFO: Episode 260, Ave step reward -122.90528629492687
2026-08-01 19:44:58,862 / INFO: Episode 90, Ave step reward -110.75779119085766
2026-08-01 19:45:07,953 / INFO: Episode 310, Ave step reward -0.0034999999999999996
2026-08-01 19:45:13,126 / INFO: Episode 270, Ave step reward -122.14765704031275
2026-08-01 19:45:16,376 / INFO: Episode 100, Ave step reward -113.4407936352282
2026-08-01 19:45:25,717 / INFO: Episode 320, Ave step reward 0.0
2026-08-01 19:45:31,418 / INFO: Episode 280, Ave step reward -122.48179636349452
2026-08-01 19:45:34,019 / INFO: Episode 110, Ave step reward -117.16667306610388
2026-08-01 19:45:43,610 / INFO: Episode 330, Ave step reward 0.0
2026-08-01 19:45:49,750 / INFO: Episode 290, Ave step reward -121.46808717703651
2026-08-01 19:45:51,721 / INFO: Episode 120, Ave step reward -114.55674671609182
2026-08-01 19:46:01,430 / INFO: Episode 340, Ave step reward 0.0
2026-08-01 19:46:08,062 / INFO: Episode 300, Ave step reward -121.87915122668029
2026-08-01 19:46:09,595 / INFO: Episode 130, Ave step reward -116.68433742068328
2026-08-01 19:46:19,326 / INFO: Episode 350, Ave step reward 0.0
2026-08-01 19:46:26,441 / INFO: Episode 310, Ave step reward -121.13929945054944
2026-08-01 19:46:27,633 / INFO: Episode 140, Ave step reward -117.78468482991164
2026-08-01 19:46:37,328 / INFO: Episode 360, Ave step reward 0.0
2026-08-01 19:46:44,956 / INFO: Episode 320, Ave step reward -122.16944613089112
2026-08-01 19:46:45,777 / INFO: Episode 150, Ave step reward -116.80725142669681
2026-08-01 19:46:55,174 / INFO: Episode 370, Ave step reward 0.0
2026-08-01 19:47:03,373 / INFO: Episode 330, Ave step reward -121.86639978320851
2026-08-01 19:47:03,799 / INFO: Episode 160, Ave step reward -119.79562071279902
2026-08-01 19:47:12,968 / INFO: Episode 380, Ave step reward 0.0
2026-08-01 19:47:22,194 / INFO: Episode 340, Ave step reward -122.92084745762712
2026-08-01 19:47:22,302 / INFO: Episode 170, Ave step reward -119.04807856775251
2026-08-01 19:47:31,256 / INFO: Episode 390, Ave step reward 0.0
2026-08-01 19:47:40,411 / INFO: Episode 180, Ave step reward -118.12710317120387
2026-08-01 19:47:40,560 / INFO: Episode 350, Ave step reward -122.39029358851825
2026-08-01 19:47:49,073 / INFO: Episode 400, Ave step reward 0.0
2026-08-01 19:47:58,525 / INFO: Episode 190, Ave step reward -120.49921102528918
2026-08-01 19:47:58,831 / INFO: Episode 360, Ave step reward -122.06569923375797
2026-08-01 19:48:06,871 / INFO: Episode 410, Ave step reward 0.0
2026-08-01 19:48:07,160 / INFO: find_mixed_NE: 1 equilibria found. Defender utility range: min=-42.9527, max=-42.9527, mean=-42.9527
###########################################################################################
Iteration 2
Current defender payoff matrix:
[[-43.10587504 -50.17273885 -50.21500146]
 [-42.98339063 -50.46143134 -50.40155581]
 [-42.95270871 -50.3444414  -50.66406906]]
Current attacker payoff matrix:
[[-2261.76657455 -2472.12625312 -2472.10277389]
 [-2261.83462145 -2471.96586841 -2471.99913259]
 [-2261.85166696 -2472.03086282 -2471.8532919 ]]
Attacker's mixed strategy: [1.0, 0.0, 0.0]
Defender's mixed strategy: [0.0, 0.0, 1.0]
2026-08-01 19:48:07,164 / INFO: Iteration 2: def=-42.9527087090275 att=-2261.8516669563905
attack-12-2_0
2026-08-01 19:48:16,885 / INFO: Episode 200, Ave step reward -119.17277614211547
2026-08-01 19:48:17,290 / INFO: Episode 370, Ave step reward -123.22096941864987
2026-08-01 19:48:24,809 / INFO: Episode 420, Ave step reward 0.0
2026-08-01 19:48:30,224 / INFO: Episode 30, Ave step reward -96.43373656550227
2026-08-01 19:48:35,725 / INFO: Episode 210, Ave step reward -120.54311212419029
2026-08-01 19:48:36,324 / INFO: Episode 380, Ave step reward -122.91722252151672
2026-08-01 19:48:43,235 / INFO: Episode 430, Ave step reward -0.0034999999999999996
2026-08-01 19:48:46,826 / INFO: Episode 40, Ave step reward -107.3389941434119
2026-08-01 19:48:54,239 / INFO: Episode 220, Ave step reward -119.81734185115432
2026-08-01 19:48:54,924 / INFO: Episode 390, Ave step reward -122.99834745762712
2026-08-01 19:49:01,295 / INFO: Episode 440, Ave step reward 0.0
2026-08-01 19:49:03,557 / INFO: Episode 50, Ave step reward -105.69410075087862
2026-08-01 19:49:12,845 / INFO: Episode 230, Ave step reward -119.47265526895039
2026-08-01 19:49:13,627 / INFO: Episode 400, Ave step reward -123.49
2026-08-01 19:49:19,435 / INFO: Episode 450, Ave step reward -0.0034999999999999996
2026-08-01 19:49:20,566 / INFO: Episode 60, Ave step reward -108.60637349808172
2026-08-01 19:49:32,150 / INFO: Episode 240, Ave step reward -120.84781101424578
2026-08-01 19:49:32,843 / INFO: Episode 410, Ave step reward -123.22887506388959
2026-08-01 19:49:38,072 / INFO: Episode 460, Ave step reward 0.0
2026-08-01 19:49:38,314 / INFO: Episode 70, Ave step reward -110.15750909497234
2026-08-01 19:49:50,772 / INFO: Episode 250, Ave step reward -121.69097932295116
2026-08-01 19:49:51,525 / INFO: Episode 420, Ave step reward -123.48527616279068
2026-08-01 19:49:55,548 / INFO: Episode 80, Ave step reward -113.19868469336876
2026-08-01 19:49:56,093 / INFO: Episode 470, Ave step reward 0.0
2026-08-01 19:50:09,346 / INFO: Episode 260, Ave step reward -120.38601179153122
2026-08-01 19:50:10,161 / INFO: Episode 430, Ave step reward -123.24416996810044
2026-08-01 19:50:12,909 / INFO: Episode 90, Ave step reward -110.54397544334222
2026-08-01 19:50:14,163 / INFO: Episode 480, Ave step reward 0.0
2026-08-01 19:50:27,996 / INFO: Episode 270, Ave step reward -120.91544049669481
2026-08-01 19:50:28,805 / INFO: Episode 440, Ave step reward -123.22
2026-08-01 19:50:30,413 / INFO: Episode 100, Ave step reward -113.99904284785123
2026-08-01 19:50:32,186 / INFO: Episode 490, Ave step reward -0.0034999999999999996
2026-08-01 19:50:46,555 / INFO: Episode 280, Ave step reward -121.10027461926323
2026-08-01 19:50:47,279 / INFO: Episode 450, Ave step reward -123.48
2026-08-01 19:50:47,899 / INFO: Episode 110, Ave step reward -114.81683037399685
2026-08-01 19:50:50,109 / INFO: Episode 500, Ave step reward 0.0
2026-08-01 19:51:05,018 / INFO: Episode 290, Ave step reward -122.3953226899094
2026-08-01 19:51:05,400 / INFO: Episode 120, Ave step reward -116.3292807075241
2026-08-01 19:51:05,667 / INFO: Episode 460, Ave step reward -123.475
2026-08-01 19:51:23,045 / INFO: Episode 130, Ave step reward -115.81901003533865
2026-08-01 19:51:23,577 / INFO: Episode 300, Ave step reward -121.41
2026-08-01 19:51:24,061 / INFO: Episode 470, Ave step reward -123.52707561334014
2026-08-01 19:51:40,729 / INFO: Episode 140, Ave step reward -116.64118522201285
2026-08-01 19:51:42,095 / INFO: Episode 310, Ave step reward -122.79096941864985
2026-08-01 19:51:42,461 / INFO: Episode 480, Ave step reward -122.98
2026-08-01 19:51:58,475 / INFO: Episode 150, Ave step reward -116.74546673886594
2026-08-01 19:52:00,720 / INFO: Episode 320, Ave step reward -121.93736322395961
2026-08-01 19:52:00,847 / INFO: Episode 490, Ave step reward -123.29027616279069
2026-08-01 19:52:16,371 / INFO: Episode 160, Ave step reward -119.43862466692501
2026-08-01 19:52:19,266 / INFO: Episode 500, Ave step reward -123.005
2026-08-01 19:52:19,420 / INFO: Episode 330, Ave step reward -122.70751742572754
2026-08-01 19:52:34,179 / INFO: Episode 170, Ave step reward -117.70806114202497
2026-08-01 19:52:37,694 / INFO: Episode 340, Ave step reward -122.24777616279069
2026-08-01 19:52:51,915 / INFO: Episode 180, Ave step reward -119.37727479869935
2026-08-01 19:52:55,965 / INFO: Episode 350, Ave step reward -122.77055232558139
2026-08-01 19:53:09,818 / INFO: Episode 190, Ave step reward -120.85128304360562
2026-08-01 19:53:14,325 / INFO: Episode 360, Ave step reward -123.0525
2026-08-01 19:53:27,725 / INFO: Episode 200, Ave step reward -120.95074996741316
2026-08-01 19:53:32,739 / INFO: Episode 370, Ave step reward -122.50084745762712
2026-08-01 19:53:46,288 / INFO: Episode 210, Ave step reward -120.36766147468404
2026-08-01 19:53:52,111 / INFO: Episode 380, Ave step reward -123.52542307096726
2026-08-01 19:54:05,383 / INFO: Episode 220, Ave step reward -120.58847539654863
2026-08-01 19:54:11,668 / INFO: Episode 390, Ave step reward -123.28014690817656
2026-08-01 19:54:24,053 / INFO: Episode 230, Ave step reward -121.50140239391841
2026-08-01 19:54:30,421 / INFO: Episode 400, Ave step reward -123.27207561334014
2026-08-01 19:54:42,061 / INFO: Episode 240, Ave step reward -122.18194327167107
2026-08-01 19:54:48,826 / INFO: Episode 410, Ave step reward -122.9275
2026-08-01 19:55:00,368 / INFO: Episode 250, Ave step reward -120.80402197206615
2026-08-01 19:55:07,496 / INFO: Episode 420, Ave step reward -122.7925
2026-08-01 19:55:18,542 / INFO: Episode 260, Ave step reward -122.2168155605844
2026-08-01 19:55:25,929 / INFO: Episode 430, Ave step reward -123.21277616279069
2026-08-01 19:55:36,613 / INFO: Episode 270, Ave step reward -122.1854157773759
2026-08-01 19:55:44,320 / INFO: Episode 440, Ave step reward -122.9925
2026-08-01 19:55:54,736 / INFO: Episode 280, Ave step reward -121.76417594599921
2026-08-01 19:56:02,682 / INFO: Episode 450, Ave step reward -123.30179945054944
2026-08-01 19:56:12,857 / INFO: Episode 290, Ave step reward -121.68890991534471
2026-08-01 19:56:21,044 / INFO: Episode 460, Ave step reward -122.99639380530975
2026-08-01 19:56:30,991 / INFO: Episode 300, Ave step reward -122.42277484709814
2026-08-01 19:56:39,392 / INFO: Episode 470, Ave step reward -123.2530523255814
2026-08-01 19:56:42,176 / INFO: RL utililty: 0.0
2026-08-01 19:56:49,208 / INFO: Episode 310, Ave step reward -122.89666996810043
2026-08-01 19:56:57,767 / INFO: Episode 480, Ave step reward -123.04139380530974
2026-08-01 19:57:07,513 / INFO: Episode 320, Ave step reward -123.29279358851824
2026-08-01 19:57:16,204 / INFO: Episode 490, Ave step reward -123.32834745762712
2026-08-01 19:57:25,422 / INFO: Episode 330, Ave step reward -122.26849282227619
2026-08-01 19:57:34,180 / INFO: Episode 500, Ave step reward -123.3155523255814
2026-08-01 19:57:43,348 / INFO: Episode 340, Ave step reward -122.51611632682643
2026-08-01 19:58:01,521 / INFO: Episode 350, Ave step reward -123.23416996810043
2026-08-01 19:58:19,557 / INFO: Episode 360, Ave step reward -122.23512793892154
2026-08-01 19:58:23,926 / INFO: RL utililty: -2471.218795659482
2026-08-01 19:58:38,094 / INFO: Episode 370, Ave step reward -123.34027616279069
2026-08-01 19:58:56,398 / INFO: Episode 380, Ave step reward -122.08249270640863
2026-08-01 19:59:14,681 / INFO: Episode 390, Ave step reward -122.31084745762712
2026-08-01 19:59:32,962 / INFO: Episode 400, Ave step reward -122.73264690817658
2026-08-01 19:59:51,243 / INFO: Episode 410, Ave step reward -123.07527616279069
2026-08-01 20:00:09,738 / INFO: Episode 420, Ave step reward -122.91346941864987
2026-08-01 20:00:26,378 / INFO: Non-strategic (Uniform) utility: 0.0
attack-19-1_1
2026-08-01 20:00:28,141 / INFO: Episode 430, Ave step reward -122.99179945054944
2026-08-01 20:00:40,153 / INFO: Episode 30, Ave step reward -104.88413165525598
2026-08-01 20:00:46,652 / INFO: Episode 440, Ave step reward -123.26429945054944
2026-08-01 20:00:54,200 / INFO: Episode 40, Ave step reward -105.70350426037827
2026-08-01 20:01:04,939 / INFO: Episode 450, Ave step reward -123.53027616279068
2026-08-01 20:01:08,439 / INFO: Episode 50, Ave step reward -106.86120989998129
2026-08-01 20:01:22,802 / INFO: Episode 60, Ave step reward -105.95723988521851
2026-08-01 20:01:23,221 / INFO: Episode 460, Ave step reward -122.7775
2026-08-01 20:01:37,399 / INFO: Episode 70, Ave step reward -108.23897959757964
2026-08-01 20:01:41,474 / INFO: Episode 470, Ave step reward -123.55
2026-08-01 20:01:52,086 / INFO: Episode 80, Ave step reward -109.92318201358488
2026-08-01 20:01:59,805 / INFO: Episode 480, Ave step reward -123.34
2026-08-01 20:02:06,875 / INFO: Episode 90, Ave step reward -111.15463537059854
2026-08-01 20:02:18,115 / INFO: Episode 490, Ave step reward -123.58
2026-08-01 20:02:21,803 / INFO: Episode 100, Ave step reward -113.06545088828967
2026-08-01 20:02:36,556 / INFO: Episode 500, Ave step reward -123.32
2026-08-01 20:02:36,827 / INFO: Episode 110, Ave step reward -115.88335271067075
2026-08-01 20:02:37,955 / INFO: Non-strategic (Uniform) utility: -2426.9330318843654
defend-16-1_1
2026-08-01 20:02:51,822 / INFO: Episode 30, Ave step reward -2.2765000000000093
2026-08-01 20:02:51,979 / INFO: Episode 120, Ave step reward -115.56490711969317
2026-08-01 20:03:05,661 / INFO: Episode 40, Ave step reward -2.1950000000000083
2026-08-01 20:03:06,954 / INFO: Episode 130, Ave step reward -115.70860774916626
2026-08-01 20:03:19,646 / INFO: Episode 50, Ave step reward -2.3250000000000095
2026-08-01 20:03:21,987 / INFO: Episode 140, Ave step reward -118.30484912407043
2026-08-01 20:03:26,582 / INFO: RL utililty: -2472.1562580224413
2026-08-01 20:03:34,473 / INFO: Episode 60, Ave step reward -2.38250000000001
2026-08-01 20:03:37,731 / INFO: Episode 150, Ave step reward -116.25365976689021
2026-08-01 20:03:48,862 / INFO: Episode 70, Ave step reward -2.226000000000009
2026-08-01 20:03:52,833 / INFO: Episode 160, Ave step reward -118.02416863173258
2026-08-01 20:04:03,466 / INFO: Episode 80, Ave step reward -2.3195000000000094
2026-08-01 20:04:08,116 / INFO: Episode 170, Ave step reward -119.55321818233773
2026-08-01 20:04:18,221 / INFO: Episode 90, Ave step reward -2.2385000000000086
2026-08-01 20:04:23,573 / INFO: Episode 180, Ave step reward -120.18641434971602
2026-08-01 20:04:33,221 / INFO: Episode 100, Ave step reward -2.222500000000009
2026-08-01 20:04:39,197 / INFO: Episode 190, Ave step reward -119.78670373169784
2026-08-01 20:04:48,069 / INFO: Episode 110, Ave step reward -2.1830000000000087
2026-08-01 20:04:54,654 / INFO: Episode 200, Ave step reward -121.42653916995883
2026-08-01 20:05:03,091 / INFO: Episode 120, Ave step reward -2.073000000000008
2026-08-01 20:05:10,387 / INFO: Episode 210, Ave step reward -119.07720639080651
2026-08-01 20:05:18,040 / INFO: Episode 130, Ave step reward -2.3125000000000098
2026-08-01 20:05:25,744 / INFO: Episode 220, Ave step reward -120.38682153848318
2026-08-01 20:05:33,074 / INFO: Episode 140, Ave step reward -2.34150000000001
2026-08-01 20:05:41,185 / INFO: Episode 230, Ave step reward -121.65833862050829
2026-08-01 20:05:48,091 / INFO: Episode 150, Ave step reward -2.3290000000000095
2026-08-01 20:05:56,675 / INFO: Episode 240, Ave step reward -120.06583264260948
2026-08-01 20:06:03,211 / INFO: Episode 160, Ave step reward -2.3035000000000094
2026-08-01 20:06:12,145 / INFO: Episode 250, Ave step reward -121.04376300716812
2026-08-01 20:06:18,397 / INFO: Episode 170, Ave step reward -2.1325000000000087
2026-08-01 20:06:27,656 / INFO: Episode 260, Ave step reward -122.21459149554026
2026-08-01 20:06:33,568 / INFO: Episode 180, Ave step reward -2.253500000000009
2026-08-01 20:06:43,190 / INFO: Episode 270, Ave step reward -121.57846212505852
2026-08-01 20:06:48,914 / INFO: Episode 190, Ave step reward -2.30750000000001
2026-08-01 20:06:58,628 / INFO: Episode 280, Ave step reward -122.47958442978376
2026-08-01 20:07:04,185 / INFO: Episode 200, Ave step reward -2.1380000000000083
2026-08-01 20:07:14,188 / INFO: Episode 290, Ave step reward -121.88821665948554
2026-08-01 20:07:19,610 / INFO: Episode 210, Ave step reward -2.2445000000000093
2026-08-01 20:07:29,786 / INFO: Episode 300, Ave step reward -122.03599829220619
2026-08-01 20:07:34,986 / INFO: Episode 220, Ave step reward -2.206500000000009
2026-08-01 20:07:45,428 / INFO: Episode 310, Ave step reward -122.71347539654867
2026-08-01 20:07:50,446 / INFO: Episode 230, Ave step reward -2.2410000000000094
2026-08-01 20:07:57,802 / INFO: Non-strategic (Uniform) utility: -2427.2491252892573
defend-18-1_1
2026-08-01 20:08:00,970 / INFO: Episode 320, Ave step reward -122.53875702926936
2026-08-01 20:08:05,873 / INFO: Episode 240, Ave step reward -2.2805000000000093
2026-08-01 20:08:12,292 / INFO: Episode 30, Ave step reward -2.351500000000009
2026-08-01 20:08:16,710 / INFO: Episode 330, Ave step reward -122.92694635872601
2026-08-01 20:08:21,348 / INFO: Episode 250, Ave step reward -2.34000000000001
2026-08-01 20:08:26,032 / INFO: Episode 40, Ave step reward -2.42950000000001
2026-08-01 20:08:32,360 / INFO: Episode 340, Ave step reward -123.26014690817658
2026-08-01 20:08:36,721 / INFO: Episode 260, Ave step reward -2.253500000000009
2026-08-01 20:08:37,279 / INFO: RL utililty: -2472.105145937627
2026-08-01 20:08:39,951 / INFO: Episode 50, Ave step reward -2.3090000000000095
2026-08-01 20:08:47,938 / INFO: Episode 350, Ave step reward -123.23124558144058
2026-08-01 20:08:52,159 / INFO: Episode 270, Ave step reward -2.1455000000000086
2026-08-01 20:08:54,041 / INFO: Episode 60, Ave step reward -2.190000000000009
2026-08-01 20:09:03,661 / INFO: Episode 360, Ave step reward -122.84279358851825
2026-08-01 20:09:07,756 / INFO: Episode 280, Ave step reward -2.169000000000009
2026-08-01 20:09:08,391 / INFO: Episode 70, Ave step reward -2.3360000000000096
2026-08-01 20:09:19,280 / INFO: Episode 370, Ave step reward -122.97792307096726
2026-08-01 20:09:22,745 / INFO: Episode 80, Ave step reward -2.3410000000000095
2026-08-01 20:09:23,270 / INFO: Episode 290, Ave step reward -2.178000000000009
2026-08-01 20:09:34,916 / INFO: Episode 380, Ave step reward -123.505
2026-08-01 20:09:37,268 / INFO: Episode 90, Ave step reward -2.212000000000009
2026-08-01 20:09:38,814 / INFO: Episode 300, Ave step reward -2.1150000000000087
2026-08-01 20:09:50,601 / INFO: Episode 390, Ave step reward -122.80334745762711
2026-08-01 20:09:52,019 / INFO: Episode 100, Ave step reward -2.3125000000000098
2026-08-01 20:09:54,437 / INFO: Episode 310, Ave step reward -2.1510000000000087
2026-08-01 20:10:06,331 / INFO: Episode 400, Ave step reward -122.94027616279071
2026-08-01 20:10:06,853 / INFO: Episode 110, Ave step reward -2.2840000000000096
2026-08-01 20:10:10,035 / INFO: Episode 320, Ave step reward -2.34000000000001
2026-08-01 20:10:21,747 / INFO: Episode 120, Ave step reward -2.4585000000000106
2026-08-01 20:10:21,959 / INFO: Episode 410, Ave step reward -122.79
2026-08-01 20:10:25,657 / INFO: Episode 330, Ave step reward -2.31300000000001
2026-08-01 20:10:36,665 / INFO: Episode 130, Ave step reward -2.174000000000009
2026-08-01 20:10:37,630 / INFO: Episode 420, Ave step reward -123.31069325585916
2026-08-01 20:10:41,227 / INFO: Episode 340, Ave step reward -2.212000000000009
2026-08-01 20:10:51,674 / INFO: Episode 140, Ave step reward -2.1130000000000084
2026-08-01 20:10:53,366 / INFO: Episode 430, Ave step reward -123.60806377341018
2026-08-01 20:10:56,920 / INFO: Episode 350, Ave step reward -2.2140000000000093
2026-08-01 20:11:06,761 / INFO: Episode 150, Ave step reward -2.2030000000000087
2026-08-01 20:11:09,059 / INFO: Episode 440, Ave step reward -123.19679945054945
2026-08-01 20:11:12,532 / INFO: Episode 360, Ave step reward -2.1815000000000087
2026-08-01 20:11:21,897 / INFO: Episode 160, Ave step reward -2.35800000000001
2026-08-01 20:11:24,732 / INFO: Episode 450, Ave step reward -123.27
2026-08-01 20:11:28,067 / INFO: Episode 370, Ave step reward -2.2770000000000095
2026-08-01 20:11:37,047 / INFO: Episode 170, Ave step reward -2.33800000000001
2026-08-01 20:11:40,394 / INFO: Episode 460, Ave step reward -123.47416996810045
2026-08-01 20:11:43,648 / INFO: Episode 380, Ave step reward -2.2895000000000096
2026-08-01 20:11:52,160 / INFO: Episode 180, Ave step reward -2.1275000000000084
2026-08-01 20:11:56,053 / INFO: Episode 470, Ave step reward -123.525
2026-08-01 20:11:59,119 / INFO: Episode 390, Ave step reward -2.31300000000001
2026-08-01 20:12:07,425 / INFO: Episode 190, Ave step reward -2.2445000000000093
2026-08-01 20:12:11,693 / INFO: Episode 480, Ave step reward -122.9575
2026-08-01 20:12:14,669 / INFO: Episode 400, Ave step reward -2.2515000000000094
2026-08-01 20:12:22,936 / INFO: Episode 200, Ave step reward -2.2625000000000095
2026-08-01 20:12:27,672 / INFO: Episode 490, Ave step reward -123.50027616279071
2026-08-01 20:12:30,535 / INFO: Episode 410, Ave step reward -2.3020000000000094
2026-08-01 20:12:38,325 / INFO: Episode 210, Ave step reward -2.36850000000001
2026-08-01 20:12:43,408 / INFO: Episode 500, Ave step reward -123.2655523255814
2026-08-01 20:12:46,277 / INFO: Episode 420, Ave step reward -2.2680000000000096
2026-08-01 20:12:53,677 / INFO: Episode 220, Ave step reward -2.0285000000000077
2026-08-01 20:13:01,893 / INFO: Episode 430, Ave step reward -2.32200000000001
2026-08-01 20:13:09,482 / INFO: Episode 230, Ave step reward -2.3310000000000097
2026-08-01 20:13:11,759 / INFO: Non-strategic (Uniform) utility: -2427.285619642502
defend-12-2_0
2026-08-01 20:13:18,427 / INFO: Episode 440, Ave step reward -2.223000000000009
2026-08-01 20:13:25,828 / INFO: Episode 240, Ave step reward -2.2875000000000094
2026-08-01 20:13:26,608 / INFO: Episode 30, Ave step reward -2.2200000000000086
2026-08-01 20:13:34,353 / INFO: Episode 450, Ave step reward -2.223000000000009
2026-08-01 20:13:40,445 / INFO: Episode 40, Ave step reward -2.1125000000000083
2026-08-01 20:13:41,411 / INFO: Episode 250, Ave step reward -2.42800000000001
2026-08-01 20:13:50,103 / INFO: Episode 460, Ave step reward -2.178000000000009
2026-08-01 20:13:54,492 / INFO: Episode 50, Ave step reward -2.39350000000001
2026-08-01 20:13:56,985 / INFO: Episode 260, Ave step reward -2.2300000000000093
2026-08-01 20:14:05,830 / INFO: Episode 470, Ave step reward -2.2500000000000093
2026-08-01 20:14:08,590 / INFO: Episode 60, Ave step reward -2.222500000000009
2026-08-01 20:14:12,519 / INFO: Episode 270, Ave step reward -2.2680000000000096
2026-08-01 20:14:21,466 / INFO: Episode 480, Ave step reward -1.9890000000000077
2026-08-01 20:14:22,887 / INFO: Episode 70, Ave step reward -2.2400000000000087
2026-08-01 20:14:28,086 / INFO: Episode 280, Ave step reward -2.2300000000000093
2026-08-01 20:14:37,090 / INFO: Episode 490, Ave step reward -2.3040000000000096
2026-08-01 20:14:37,226 / INFO: Episode 80, Ave step reward -2.2780000000000094
2026-08-01 20:14:43,552 / INFO: Episode 290, Ave step reward -2.2715000000000094
2026-08-01 20:14:51,625 / INFO: Episode 90, Ave step reward -2.2820000000000094
2026-08-01 20:14:52,662 / INFO: Episode 500, Ave step reward -2.1330000000000084
2026-08-01 20:14:59,087 / INFO: Episode 300, Ave step reward -2.36700000000001
2026-08-01 20:15:06,396 / INFO: Episode 100, Ave step reward -2.100000000000008
2026-08-01 20:15:14,953 / INFO: Episode 310, Ave step reward -2.2895000000000096
2026-08-01 20:15:21,314 / INFO: Episode 110, Ave step reward -2.2875000000000094
2026-08-01 20:15:30,692 / INFO: Episode 320, Ave step reward -2.169000000000009
2026-08-01 20:15:36,205 / INFO: Episode 120, Ave step reward -2.2355000000000094
2026-08-01 20:15:46,390 / INFO: Episode 330, Ave step reward -2.2445000000000093
2026-08-01 20:15:51,222 / INFO: Episode 130, Ave step reward -2.158000000000009
2026-08-01 20:16:02,043 / INFO: Episode 340, Ave step reward -2.4120000000000106
2026-08-01 20:16:06,290 / INFO: Episode 140, Ave step reward -2.1885000000000088
2026-08-01 20:16:17,788 / INFO: Episode 350, Ave step reward -2.269500000000009
2026-08-01 20:16:21,436 / INFO: Episode 150, Ave step reward -2.2590000000000092
2026-08-01 20:16:33,669 / INFO: Episode 360, Ave step reward -2.178000000000009
2026-08-01 20:16:36,758 / INFO: Episode 160, Ave step reward -2.2770000000000095
2026-08-01 20:16:49,282 / INFO: Episode 370, Ave step reward -2.34350000000001
2026-08-01 20:16:51,890 / INFO: Episode 170, Ave step reward -2.3290000000000095
2026-08-01 20:16:52,553 / INFO: RL utililty: -2472.0406185363336
2026-08-01 20:17:05,128 / INFO: Episode 380, Ave step reward -2.32200000000001
2026-08-01 20:17:07,310 / INFO: Episode 180, Ave step reward -2.2625000000000095
2026-08-01 20:17:20,970 / INFO: Episode 390, Ave step reward -2.34000000000001
2026-08-01 20:17:22,910 / INFO: Episode 190, Ave step reward -2.1885000000000088
2026-08-01 20:17:37,012 / INFO: Episode 400, Ave step reward -2.2770000000000095
2026-08-01 20:17:38,439 / INFO: Episode 200, Ave step reward -2.2895000000000096
2026-08-01 20:17:52,856 / INFO: Episode 410, Ave step reward -2.36700000000001
2026-08-01 20:17:53,896 / INFO: Episode 210, Ave step reward -2.3040000000000096
2026-08-01 20:18:08,682 / INFO: Episode 420, Ave step reward -2.2590000000000092
2026-08-01 20:18:09,377 / INFO: Episode 220, Ave step reward -2.163500000000009
2026-08-01 20:18:24,433 / INFO: Episode 430, Ave step reward -2.0880000000000085
2026-08-01 20:18:24,885 / INFO: Episode 230, Ave step reward -2.3290000000000095
2026-08-01 20:18:40,651 / INFO: Episode 440, Ave step reward -2.232000000000009
2026-08-01 20:18:40,778 / INFO: Episode 240, Ave step reward -2.37400000000001
2026-08-01 20:18:56,391 / INFO: Episode 250, Ave step reward -2.3165000000000098
2026-08-01 20:18:56,476 / INFO: Episode 450, Ave step reward -2.037500000000008
2026-08-01 20:18:58,563 / INFO: RL utililty: -42.75662406830578
2026-08-01 20:19:12,610 / INFO: Episode 260, Ave step reward -2.1185000000000085
2026-08-01 20:19:12,877 / INFO: Episode 460, Ave step reward -2.2140000000000093
2026-08-01 20:19:15,336 / INFO: Non-strategic (Uniform) utility: -2427.122212130889
defend-19-1_1
2026-08-01 20:19:28,343 / INFO: Episode 270, Ave step reward -2.28600000000001
2026-08-01 20:19:28,869 / INFO: Episode 470, Ave step reward -2.1060000000000083
2026-08-01 20:19:35,567 / INFO: Episode 30, Ave step reward -0.0315
2026-08-01 20:19:44,201 / INFO: Episode 280, Ave step reward -2.212000000000009
2026-08-01 20:19:44,929 / INFO: Episode 480, Ave step reward -2.223000000000009
2026-08-01 20:19:51,469 / INFO: Episode 40, Ave step reward -0.0315
2026-08-01 20:19:59,824 / INFO: Episode 290, Ave step reward -2.3940000000000103
2026-08-01 20:20:00,778 / INFO: Episode 490, Ave step reward -2.1510000000000087
2026-08-01 20:20:07,300 / INFO: Episode 50, Ave step reward -0.0455
2026-08-01 20:20:15,322 / INFO: Episode 300, Ave step reward -2.169000000000009
2026-08-01 20:20:16,479 / INFO: Episode 500, Ave step reward -2.3040000000000096
2026-08-01 20:20:23,337 / INFO: Episode 60, Ave step reward -0.0175
2026-08-01 20:20:31,072 / INFO: Episode 310, Ave step reward -2.33450000000001
2026-08-01 20:20:39,653 / INFO: Episode 70, Ave step reward -0.0245
2026-08-01 20:20:46,840 / INFO: Episode 320, Ave step reward -2.2140000000000093
2026-08-01 20:20:56,126 / INFO: Episode 80, Ave step reward -0.028000000000000004
2026-08-01 20:21:02,677 / INFO: Episode 330, Ave step reward -2.1400000000000086
2026-08-01 20:21:12,699 / INFO: Episode 90, Ave step reward -0.006999999999999999
2026-08-01 20:21:18,477 / INFO: Episode 340, Ave step reward -2.4100000000000104
2026-08-01 20:21:24,983 / INFO: Non-strategic (Uniform) utility: -42.80643155832551
2026-08-01 20:21:29,326 / INFO: Episode 100, Ave step reward -0.0175
2026-08-01 20:21:34,039 / INFO: Episode 350, Ave step reward -2.32200000000001
2026-08-01 20:21:45,750 / INFO: Episode 110, Ave step reward -0.006999999999999999
2026-08-01 20:21:49,493 / INFO: Episode 360, Ave step reward -2.3415000000000097
2026-08-01 20:22:02,150 / INFO: Episode 120, Ave step reward -0.0175
2026-08-01 20:22:04,870 / INFO: Episode 370, Ave step reward -2.28600000000001
2026-08-01 20:22:18,618 / INFO: Episode 130, Ave step reward -0.010499999999999999
2026-08-01 20:22:20,197 / INFO: Episode 380, Ave step reward -2.2770000000000095
2026-08-01 20:22:35,184 / INFO: Episode 140, Ave step reward -0.021
2026-08-01 20:22:35,684 / INFO: Episode 390, Ave step reward -2.514500000000011
2026-08-01 20:22:51,164 / INFO: Episode 400, Ave step reward -2.36700000000001
2026-08-01 20:22:51,892 / INFO: Episode 150, Ave step reward -0.006999999999999999
2026-08-01 20:23:06,602 / INFO: Episode 410, Ave step reward -2.31300000000001
2026-08-01 20:23:08,689 / INFO: Episode 160, Ave step reward -0.010499999999999999
2026-08-01 20:23:22,076 / INFO: Episode 420, Ave step reward -2.2590000000000092
2026-08-01 20:23:25,419 / INFO: Episode 170, Ave step reward -0.010499999999999999
2026-08-01 20:23:37,536 / INFO: Episode 430, Ave step reward -2.0880000000000085
2026-08-01 20:23:42,249 / INFO: Episode 180, Ave step reward -0.006999999999999999
2026-08-01 20:23:52,978 / INFO: Episode 440, Ave step reward -2.31300000000001
2026-08-01 20:23:58,998 / INFO: Episode 190, Ave step reward -0.0034999999999999996
2026-08-01 20:24:06,215 / INFO: RL utililty: -42.959144174611225
2026-08-01 20:24:08,511 / INFO: Episode 450, Ave step reward -2.2950000000000097
2026-08-01 20:24:16,083 / INFO: Episode 200, Ave step reward -0.010499999999999999
2026-08-01 20:24:24,308 / INFO: Episode 460, Ave step reward -2.2680000000000096
2026-08-01 20:24:33,376 / INFO: Episode 210, Ave step reward 0.0
2026-08-01 20:24:40,040 / INFO: Episode 470, Ave step reward -2.2680000000000096
2026-08-01 20:24:50,669 / INFO: Episode 220, Ave step reward -0.0034999999999999996
2026-08-01 20:24:55,755 / INFO: Episode 480, Ave step reward -2.28600000000001
2026-08-01 20:25:07,899 / INFO: Episode 230, Ave step reward -0.0034999999999999996
2026-08-01 20:25:11,498 / INFO: Episode 490, Ave step reward -2.2410000000000094
2026-08-01 20:25:25,097 / INFO: Episode 240, Ave step reward -0.0034999999999999996
2026-08-01 20:25:27,133 / INFO: Episode 500, Ave step reward -2.1510000000000087
2026-08-01 20:25:42,295 / INFO: Episode 250, Ave step reward -0.006999999999999999
2026-08-01 20:25:59,433 / INFO: Episode 260, Ave step reward -0.0034999999999999996
2026-08-01 20:26:11,904 / INFO: Non-strategic (Uniform) utility: -42.41262464418701
2026-08-01 20:26:16,595 / INFO: Episode 270, Ave step reward -0.010499999999999999
2026-08-01 20:26:33,600 / INFO: Episode 280, Ave step reward -0.010499999999999999
2026-08-01 20:26:50,736 / INFO: Episode 290, Ave step reward 0.0
2026-08-01 20:27:07,833 / INFO: Episode 300, Ave step reward 0.0
2026-08-01 20:27:24,882 / INFO: Episode 310, Ave step reward -0.0034999999999999996
2026-08-01 20:27:41,955 / INFO: Episode 320, Ave step reward -0.013999999999999999
2026-08-01 20:27:59,008 / INFO: Episode 330, Ave step reward 0.0
2026-08-01 20:28:16,182 / INFO: Episode 340, Ave step reward 0.0
2026-08-01 20:28:33,397 / INFO: Episode 350, Ave step reward -0.0034999999999999996
2026-08-01 20:28:50,587 / INFO: Episode 360, Ave step reward 0.0
2026-08-01 20:28:55,684 / INFO: RL utililty: -42.57146700497019
2026-08-01 20:29:07,914 / INFO: Episode 370, Ave step reward 0.0
2026-08-01 20:29:25,330 / INFO: Episode 380, Ave step reward 0.0
2026-08-01 20:29:42,614 / INFO: Episode 390, Ave step reward -0.0034999999999999996
2026-08-01 20:29:59,949 / INFO: Episode 400, Ave step reward 0.0
2026-08-01 20:30:17,730 / INFO: Episode 410, Ave step reward -0.0034999999999999996
2026-08-01 20:30:35,188 / INFO: Episode 420, Ave step reward 0.0
2026-08-01 20:30:52,674 / INFO: Episode 430, Ave step reward 0.0
2026-08-01 20:30:54,294 / INFO: Non-strategic (Uniform) utility: -42.65483190337062
attack-12-2_1
2026-08-01 20:31:10,026 / INFO: Episode 440, Ave step reward 0.0
2026-08-01 20:31:13,689 / INFO: Episode 30, Ave step reward -102.71860098155959
2026-08-01 20:31:27,175 / INFO: Episode 450, Ave step reward 0.0
2026-08-01 20:31:29,360 / INFO: Episode 40, Ave step reward -103.9502585060179
2026-08-01 20:31:44,323 / INFO: Episode 460, Ave step reward 0.0
2026-08-01 20:31:45,267 / INFO: Episode 50, Ave step reward -105.9740755552147
2026-08-01 20:32:01,165 / INFO: Episode 60, Ave step reward -109.43412415450493
2026-08-01 20:32:01,411 / INFO: Episode 470, Ave step reward 0.0
2026-08-01 20:32:17,281 / INFO: Episode 70, Ave step reward -110.31581212822188
2026-08-01 20:32:18,512 / INFO: Episode 480, Ave step reward 0.0
2026-08-01 20:32:33,575 / INFO: Episode 80, Ave step reward -111.46821018456649
2026-08-01 20:32:35,700 / INFO: Episode 490, Ave step reward 0.0
2026-08-01 20:32:49,899 / INFO: Episode 90, Ave step reward -114.57472120421895
2026-08-01 20:32:52,802 / INFO: Episode 500, Ave step reward 0.0
2026-08-01 20:33:06,259 / INFO: Episode 100, Ave step reward -113.50559181856744
2026-08-01 20:33:22,875 / INFO: Episode 110, Ave step reward -115.77062120009258
2026-08-01 20:33:39,518 / INFO: Episode 120, Ave step reward -115.44332715200426
2026-08-01 20:33:56,162 / INFO: Episode 130, Ave step reward -117.51282272153325
2026-08-01 20:34:12,831 / INFO: Episode 140, Ave step reward -116.57932174564284
2026-08-01 20:34:29,924 / INFO: Episode 150, Ave step reward -116.38064776269391
2026-08-01 20:34:46,904 / INFO: Episode 160, Ave step reward -119.49477740940931
2026-08-01 20:35:03,869 / INFO: Episode 170, Ave step reward -117.59638210897083
2026-08-01 20:35:20,757 / INFO: Episode 180, Ave step reward -118.61938680702205
2026-08-01 20:35:37,650 / INFO: Episode 190, Ave step reward -118.97224283808809
2026-08-01 20:35:54,578 / INFO: Episode 200, Ave step reward -119.97402065637358
2026-08-01 20:36:11,550 / INFO: Episode 210, Ave step reward -119.67015572462014
2026-08-01 20:36:28,574 / INFO: Episode 220, Ave step reward -118.72697966665365
2026-08-01 20:36:45,679 / INFO: Episode 230, Ave step reward -121.41558011128
2026-08-01 20:37:02,679 / INFO: Episode 240, Ave step reward -120.3241801002366
2026-08-01 20:37:19,750 / INFO: Episode 250, Ave step reward -119.54907556494142
2026-08-01 20:37:36,948 / INFO: Episode 260, Ave step reward -121.63293895316734
2026-08-01 20:37:46,817 / INFO: RL utililty: 0.0
2026-08-01 20:37:54,097 / INFO: Episode 270, Ave step reward -122.77863375255397
2026-08-01 20:38:11,243 / INFO: Episode 280, Ave step reward -121.5939039374459
2026-08-01 20:38:28,453 / INFO: Episode 290, Ave step reward -122.49068026450297
2026-08-01 20:38:45,626 / INFO: Episode 300, Ave step reward -122.17584614193453
2026-08-01 20:39:02,810 / INFO: Episode 310, Ave step reward -122.12762639539409
2026-08-01 20:39:20,241 / INFO: Episode 320, Ave step reward -121.73614702404414
2026-08-01 20:39:37,868 / INFO: Episode 330, Ave step reward -121.75862230472521
2026-08-01 20:39:55,081 / INFO: Episode 340, Ave step reward -123.07722252151672
2026-08-01 20:40:12,302 / INFO: Episode 350, Ave step reward -122.80764690817658
2026-08-01 20:40:29,493 / INFO: Episode 360, Ave step reward -122.19306975130894
2026-08-01 20:40:46,746 / INFO: Episode 370, Ave step reward -122.59527616279071
2026-08-01 20:41:04,015 / INFO: Episode 380, Ave step reward -122.45862362041782
2026-08-01 20:41:07,609 / INFO: Non-strategic (Uniform) utility: 0.0
2026-08-01 20:41:21,227 / INFO: Episode 390, Ave step reward -121.95611632682645
2026-08-01 20:41:38,501 / INFO: Episode 400, Ave step reward -123.08444613089114
2026-08-01 20:41:55,770 / INFO: Episode 410, Ave step reward -122.8175
2026-08-01 20:42:13,031 / INFO: Episode 420, Ave step reward -122.855
2026-08-01 20:42:30,289 / INFO: Episode 430, Ave step reward -122.30365249397416
2026-08-01 20:42:47,664 / INFO: Episode 440, Ave step reward -123.0577761627907
2026-08-01 20:43:05,001 / INFO: Episode 450, Ave step reward -123.42527616279071
2026-08-01 20:43:22,291 / INFO: Episode 460, Ave step reward -122.92416996810043
2026-08-01 20:43:39,589 / INFO: Episode 470, Ave step reward -123.4
2026-08-01 20:43:56,573 / INFO: Episode 480, Ave step reward -122.85
2026-08-01 20:44:12,538 / INFO: Episode 490, Ave step reward -123.34889380530974
2026-08-01 20:44:28,464 / INFO: Episode 500, Ave step reward -123.06334745762712
2026-08-01 20:48:27,009 / INFO: RL utililty: -2468.8570201382718
2026-08-01 20:50:53,991 / INFO: Non-strategic (Uniform) utility: -2427.044839633768
defend-12-2_1
2026-08-01 20:51:02,836 / INFO: Episode 30, Ave step reward -2.3715000000000095
2026-08-01 20:51:14,604 / INFO: Episode 40, Ave step reward -2.3565000000000094
2026-08-01 20:51:26,482 / INFO: Episode 50, Ave step reward -2.254500000000009
2026-08-01 20:51:38,291 / INFO: Episode 60, Ave step reward -2.42400000000001
2026-08-01 20:51:50,210 / INFO: Episode 70, Ave step reward -2.34850000000001
2026-08-01 20:52:01,780 / INFO: Episode 80, Ave step reward -2.279500000000009
2026-08-01 20:52:13,679 / INFO: Episode 90, Ave step reward -2.120000000000008
2026-08-01 20:52:26,126 / INFO: Episode 100, Ave step reward -2.1505000000000085
2026-08-01 20:52:38,602 / INFO: Episode 110, Ave step reward -2.40400000000001
2026-08-01 20:52:51,018 / INFO: Episode 120, Ave step reward -2.2605000000000093
2026-08-01 20:53:03,007 / INFO: Episode 130, Ave step reward -2.2460000000000093
2026-08-01 20:53:15,005 / INFO: Episode 140, Ave step reward -2.3070000000000097
2026-08-01 20:53:27,006 / INFO: Episode 150, Ave step reward -2.1345000000000085
2026-08-01 20:53:39,050 / INFO: Episode 160, Ave step reward -2.253500000000009
2026-08-01 20:53:51,183 / INFO: Episode 170, Ave step reward -2.34350000000001
2026-08-01 20:54:03,299 / INFO: Episode 180, Ave step reward -2.33800000000001
2026-08-01 20:54:15,439 / INFO: Episode 190, Ave step reward -2.226500000000009
2026-08-01 20:54:28,254 / INFO: Episode 200, Ave step reward -2.3505000000000096
2026-08-01 20:54:40,859 / INFO: Episode 210, Ave step reward -2.2750000000000092
2026-08-01 20:54:53,135 / INFO: Episode 220, Ave step reward -2.160000000000009
2026-08-01 20:55:05,430 / INFO: Episode 230, Ave step reward -2.253500000000009
2026-08-01 20:55:17,652 / INFO: Episode 240, Ave step reward -2.212000000000009
2026-08-01 20:55:29,903 / INFO: Episode 250, Ave step reward -2.2445000000000093
2026-08-01 20:55:42,227 / INFO: Episode 260, Ave step reward -2.37050000000001
2026-08-01 20:55:54,545 / INFO: Episode 270, Ave step reward -2.0970000000000084
2026-08-01 20:56:06,859 / INFO: Episode 280, Ave step reward -2.2140000000000093
2026-08-01 20:56:19,178 / INFO: Episode 290, Ave step reward -2.35250000000001
2026-08-01 20:56:31,519 / INFO: Episode 300, Ave step reward -2.2085000000000092
2026-08-01 20:56:43,856 / INFO: Episode 310, Ave step reward -2.30750000000001
2026-08-01 20:56:56,178 / INFO: Episode 320, Ave step reward -2.178000000000009
2026-08-01 20:57:08,625 / INFO: Episode 330, Ave step reward -2.010500000000008
2026-08-01 20:57:21,303 / INFO: Episode 340, Ave step reward -2.196000000000009
2026-08-01 20:57:33,694 / INFO: Episode 350, Ave step reward -2.2140000000000093
2026-08-01 20:57:46,097 / INFO: Episode 360, Ave step reward -2.37050000000001
2026-08-01 20:57:58,469 / INFO: Episode 370, Ave step reward -2.199500000000009
2026-08-01 20:58:10,866 / INFO: Episode 380, Ave step reward -2.3040000000000096
2026-08-01 20:58:23,243 / INFO: Episode 390, Ave step reward -2.217500000000009
2026-08-01 20:58:35,461 / INFO: Episode 400, Ave step reward -2.28600000000001
2026-08-01 20:58:46,253 / INFO: Episode 410, Ave step reward -2.2410000000000094
2026-08-01 20:58:57,101 / INFO: Episode 420, Ave step reward -2.3850000000000104
2026-08-01 20:59:07,908 / INFO: Episode 430, Ave step reward -2.1815000000000087
2026-08-01 20:59:18,671 / INFO: Episode 440, Ave step reward -2.2500000000000093
2026-08-01 20:59:29,413 / INFO: Episode 450, Ave step reward -2.0915000000000084
2026-08-01 20:59:40,199 / INFO: Episode 460, Ave step reward -2.34900000000001
2026-08-01 20:59:50,988 / INFO: Episode 470, Ave step reward -2.3040000000000096
2026-08-01 21:00:01,845 / INFO: Episode 480, Ave step reward -2.196000000000009
2026-08-01 21:00:12,828 / INFO: Episode 490, Ave step reward -2.187000000000009
2026-08-01 21:00:23,660 / INFO: Episode 500, Ave step reward -2.3040000000000096
2026-08-01 21:02:19,647 / INFO: RL utililty: -43.169864423615934
2026-08-01 21:03:11,549 / INFO: Non-strategic (Uniform) utility: -42.86490277607868
2026-08-01 21:21:26,574 / INFO: find_mixed_NE: 1 equilibria found. Defender utility range: min=-42.6821, max=-42.6821, mean=-42.6821
###########################################################################################
Iteration 3
Current defender payoff matrix:
[[-43.10587504 -50.17273885 -50.21500146 -56.20992912]
 [-42.98339063 -50.46143134 -50.40155581 -55.91155395]
 [-42.95270871 -50.3444414  -50.66406906 -56.20722311]
 [-42.68206814 -50.01658152 -50.29783005 -55.75592076]]
Current attacker payoff matrix:
[[-2261.76657455 -2472.12625312 -2472.10277389 -2468.77225853]
 [-2261.83462145 -2471.96586841 -2471.99913259 -2468.93802251]
 [-2261.85166696 -2472.03086282 -2471.8532919  -2468.77376187]
 [-2262.00202283 -2472.2130072  -2472.05675801 -2469.0244854 ]]
Attacker's mixed strategy: [1.0, 0.0, 0.0, 0.0]
Defender's mixed strategy: [0.0, 0.0, 0.0, 1.0]
2026-08-01 21:21:26,575 / INFO: Iteration 3: def=-42.682068139138615 att=-2262.0020228285507
attack-12-3_0
2026-08-01 21:21:38,140 / INFO: Episode 30, Ave step reward -103.38568883083126
2026-08-01 21:21:49,190 / INFO: Episode 40, Ave step reward -104.99192683960071
2026-08-01 21:22:00,327 / INFO: Episode 50, Ave step reward -105.40612251027973
2026-08-01 21:22:11,614 / INFO: Episode 60, Ave step reward -106.0876812419361
2026-08-01 21:22:22,936 / INFO: Episode 70, Ave step reward -108.03902924337712
2026-08-01 21:22:34,412 / INFO: Episode 80, Ave step reward -110.8231199879439
2026-08-01 21:22:45,857 / INFO: Episode 90, Ave step reward -111.35064541144267
2026-08-01 21:22:57,419 / INFO: Episode 100, Ave step reward -113.31285182292444
2026-08-01 21:23:09,018 / INFO: Episode 110, Ave step reward -114.10642604444973
2026-08-01 21:23:20,659 / INFO: Episode 120, Ave step reward -115.60377757367561
2026-08-01 21:23:32,385 / INFO: Episode 130, Ave step reward -115.76758893162385
2026-08-01 21:23:44,118 / INFO: Episode 140, Ave step reward -115.32203040030882
2026-08-01 21:23:55,928 / INFO: Episode 150, Ave step reward -118.76727325517186
2026-08-01 21:24:07,828 / INFO: Episode 160, Ave step reward -118.22064388859049
2026-08-01 21:24:19,807 / INFO: Episode 170, Ave step reward -118.40103626234003
2026-08-01 21:24:31,684 / INFO: Episode 180, Ave step reward -120.09311496273509
2026-08-01 21:24:43,569 / INFO: Episode 190, Ave step reward -117.19257459295127
2026-08-01 21:24:55,516 / INFO: Episode 200, Ave step reward -119.05713386842157
2026-08-01 21:25:07,602 / INFO: Episode 210, Ave step reward -120.59318441874034
2026-08-01 21:25:19,586 / INFO: Episode 220, Ave step reward -122.30639510032707
2026-08-01 21:25:31,583 / INFO: Episode 230, Ave step reward -121.27941878018706
2026-08-01 21:25:43,620 / INFO: Episode 240, Ave step reward -121.92906411711263
2026-08-01 21:25:55,615 / INFO: Episode 250, Ave step reward -119.41183430200454
2026-08-01 21:26:07,634 / INFO: Episode 260, Ave step reward -120.51098530084997
2026-08-01 21:26:19,748 / INFO: Episode 270, Ave step reward -121.93529358851825
2026-08-01 21:26:31,840 / INFO: Episode 280, Ave step reward -120.63403319206004
2026-08-01 21:26:43,946 / INFO: Episode 290, Ave step reward -122.3434870722123
2026-08-01 21:26:56,023 / INFO: Episode 300, Ave step reward -120.94974126293684
2026-08-01 21:27:08,175 / INFO: Episode 310, Ave step reward -121.94444613089114
2026-08-01 21:27:20,243 / INFO: Episode 320, Ave step reward -123.20042307096725
2026-08-01 21:27:32,322 / INFO: Episode 330, Ave step reward -122.33584745762711
2026-08-01 21:27:44,449 / INFO: Episode 340, Ave step reward -122.26916996810041
2026-08-01 21:27:56,551 / INFO: Episode 350, Ave step reward -122.72974126293686
2026-08-01 21:28:08,682 / INFO: Episode 360, Ave step reward -122.135
2026-08-01 21:28:20,796 / INFO: Episode 370, Ave step reward -122.68042307096728
2026-08-01 21:28:32,939 / INFO: Episode 380, Ave step reward -123.005
2026-08-01 21:28:45,139 / INFO: Episode 390, Ave step reward -123.02834745762712
2026-08-01 21:28:57,268 / INFO: Episode 400, Ave step reward -122.50027616279068
2026-08-01 21:29:09,426 / INFO: Episode 410, Ave step reward -123.54235177613086
2026-08-01 21:29:21,591 / INFO: Episode 420, Ave step reward -123.18947107804493
2026-08-01 21:29:33,730 / INFO: Episode 430, Ave step reward -122.78
2026-08-01 21:29:45,824 / INFO: Episode 440, Ave step reward -123.57278761061946
2026-08-01 21:29:57,946 / INFO: Episode 450, Ave step reward -123.22891123103729
2026-08-01 21:30:10,139 / INFO: Episode 460, Ave step reward -123.23055232558141
2026-08-01 21:30:22,609 / INFO: Episode 470, Ave step reward -123.555
2026-08-01 21:30:34,784 / INFO: Episode 480, Ave step reward -123.295
2026-08-01 21:30:46,952 / INFO: Episode 490, Ave step reward -123.2675
2026-08-01 21:30:59,075 / INFO: Episode 500, Ave step reward -123.305
2026-08-01 21:33:59,316 / INFO: RL utililty: -2472.037589887475
2026-08-01 21:36:00,572 / INFO: Non-strategic (Uniform) utility: -2427.099587526727
defend-12-3_0
2026-08-01 21:36:08,167 / INFO: Episode 30, Ave step reward -2.290000000000009
2026-08-01 21:36:17,779 / INFO: Episode 40, Ave step reward -2.2995000000000094
2026-08-01 21:36:27,470 / INFO: Episode 50, Ave step reward -2.3300000000000094
2026-08-01 21:36:37,335 / INFO: Episode 60, Ave step reward -2.2350000000000088
2026-08-01 21:36:47,161 / INFO: Episode 70, Ave step reward -2.37750000000001
2026-08-01 21:36:57,099 / INFO: Episode 80, Ave step reward -2.3215000000000092
2026-08-01 21:37:07,293 / INFO: Episode 90, Ave step reward -2.269000000000009
2026-08-01 21:37:17,625 / INFO: Episode 100, Ave step reward -2.39200000000001
2026-08-01 21:37:27,960 / INFO: Episode 110, Ave step reward -2.3720000000000097
2026-08-01 21:37:38,383 / INFO: Episode 120, Ave step reward -2.4850000000000105
2026-08-01 21:37:48,890 / INFO: Episode 130, Ave step reward -2.44400000000001
2026-08-01 21:37:59,322 / INFO: Episode 140, Ave step reward -2.2715000000000094
2026-08-01 21:38:09,774 / INFO: Episode 150, Ave step reward -2.4045000000000103
2026-08-01 21:38:20,244 / INFO: Episode 160, Ave step reward -2.251500000000009
2026-08-01 21:38:30,775 / INFO: Episode 170, Ave step reward -2.2640000000000096
2026-08-01 21:38:41,336 / INFO: Episode 180, Ave step reward -2.2930000000000095
2026-08-01 21:38:51,950 / INFO: Episode 190, Ave step reward -2.253500000000009
2026-08-01 21:39:02,496 / INFO: Episode 200, Ave step reward -2.37400000000001
2026-08-01 21:39:13,097 / INFO: Episode 210, Ave step reward -2.253500000000009
2026-08-01 21:39:23,686 / INFO: Episode 220, Ave step reward -2.3505000000000096
2026-08-01 21:39:34,307 / INFO: Episode 230, Ave step reward -2.2085000000000092
2026-08-01 21:39:44,908 / INFO: Episode 240, Ave step reward -2.39200000000001
2026-08-01 21:39:55,518 / INFO: Episode 250, Ave step reward -2.4855000000000107
2026-08-01 21:40:06,163 / INFO: Episode 260, Ave step reward -2.253500000000009
2026-08-01 21:40:16,799 / INFO: Episode 270, Ave step reward -2.4570000000000105
2026-08-01 21:40:27,443 / INFO: Episode 280, Ave step reward -2.4390000000000107
2026-08-01 21:40:38,089 / INFO: Episode 290, Ave step reward -2.29300000000001
2026-08-01 21:40:48,764 / INFO: Episode 300, Ave step reward -2.3145000000000095
2026-08-01 21:40:59,436 / INFO: Episode 310, Ave step reward -2.35800000000001
2026-08-01 21:41:10,097 / INFO: Episode 320, Ave step reward -2.514500000000011
2026-08-01 21:41:20,772 / INFO: Episode 330, Ave step reward -2.4210000000000105
2026-08-01 21:41:31,459 / INFO: Episode 340, Ave step reward -2.2770000000000095
2026-08-01 21:41:42,145 / INFO: Episode 350, Ave step reward -2.4840000000000106
2026-08-01 21:41:52,815 / INFO: Episode 360, Ave step reward -2.28600000000001
2026-08-01 21:42:03,484 / INFO: Episode 370, Ave step reward -2.37600000000001
2026-08-01 21:42:14,189 / INFO: Episode 380, Ave step reward -2.4480000000000106
2026-08-01 21:42:24,874 / INFO: Episode 390, Ave step reward -2.36700000000001
2026-08-01 21:42:35,550 / INFO: Episode 400, Ave step reward -2.32200000000001
2026-08-01 21:42:46,212 / INFO: Episode 410, Ave step reward -2.33450000000001
2026-08-01 21:42:56,949 / INFO: Episode 420, Ave step reward -2.4120000000000106
2026-08-01 21:43:07,640 / INFO: Episode 430, Ave step reward -2.550500000000011
2026-08-01 21:43:18,281 / INFO: Episode 440, Ave step reward -2.4120000000000106
2026-08-01 21:43:29,015 / INFO: Episode 450, Ave step reward -2.37600000000001
2026-08-01 21:43:39,722 / INFO: Episode 460, Ave step reward -2.487500000000011
2026-08-01 21:43:50,389 / INFO: Episode 470, Ave step reward -2.28600000000001
2026-08-01 21:44:01,047 / INFO: Episode 480, Ave step reward -2.205000000000009
2026-08-01 21:44:11,731 / INFO: Episode 490, Ave step reward -2.4210000000000105
2026-08-01 21:44:22,433 / INFO: Episode 500, Ave step reward -2.3850000000000104
2026-08-01 21:45:58,846 / INFO: RL utililty: -45.95232936455321
2026-08-01 21:46:49,997 / INFO: Non-strategic (Uniform) utility: -42.444495055733874
attack-12-3_1
2026-08-01 21:47:01,446 / INFO: Episode 30, Ave step reward -106.85429348199408
2026-08-01 21:47:12,362 / INFO: Episode 40, Ave step reward -104.49167745912472
2026-08-01 21:47:23,370 / INFO: Episode 50, Ave step reward -105.93191260447206
2026-08-01 21:47:34,586 / INFO: Episode 60, Ave step reward -104.82667064999993
2026-08-01 21:47:45,874 / INFO: Episode 70, Ave step reward -111.56786375804671
2026-08-01 21:47:57,457 / INFO: Episode 80, Ave step reward -112.11038507855305
2026-08-01 21:48:08,952 / INFO: Episode 90, Ave step reward -112.59569945998766
2026-08-01 21:48:20,422 / INFO: Episode 100, Ave step reward -114.20303642110093
2026-08-01 21:48:32,100 / INFO: Episode 110, Ave step reward -114.18493472985594
2026-08-01 21:48:43,763 / INFO: Episode 120, Ave step reward -113.6526378225476
2026-08-01 21:48:55,446 / INFO: Episode 130, Ave step reward -116.43529253228434
2026-08-01 21:49:07,271 / INFO: Episode 140, Ave step reward -113.96443466238712
2026-08-01 21:49:19,045 / INFO: Episode 150, Ave step reward -118.220293567843
2026-08-01 21:49:31,003 / INFO: Episode 160, Ave step reward -116.6565599422
2026-08-01 21:49:42,854 / INFO: Episode 170, Ave step reward -117.09893177544353
2026-08-01 21:49:54,772 / INFO: Episode 180, Ave step reward -117.89310328707144
2026-08-01 21:50:06,727 / INFO: Episode 190, Ave step reward -120.1893490963469
2026-08-01 21:50:18,668 / INFO: Episode 200, Ave step reward -119.91488457608968
2026-08-01 21:50:30,611 / INFO: Episode 210, Ave step reward -120.34549431740496
2026-08-01 21:50:42,527 / INFO: Episode 220, Ave step reward -119.86904178066875
2026-08-01 21:50:54,526 / INFO: Episode 230, Ave step reward -120.30391123103729
2026-08-01 21:51:06,547 / INFO: Episode 240, Ave step reward -121.35363375255398
2026-08-01 21:51:18,607 / INFO: Episode 250, Ave step reward -120.82085627407068
2026-08-01 21:51:30,586 / INFO: Episode 260, Ave step reward -121.97544049669482
2026-08-01 21:51:42,632 / INFO: Episode 270, Ave step reward -121.63490559684097
2026-08-01 21:51:54,690 / INFO: Episode 280, Ave step reward -122.0902761627907
2026-08-01 21:52:06,772 / INFO: Episode 290, Ave step reward -121.64027616279068
2026-08-01 21:52:18,800 / INFO: Episode 300, Ave step reward -122.44138496819089
2026-08-01 21:52:30,884 / INFO: Episode 310, Ave step reward -122.69874558144056
2026-08-01 21:52:42,929 / INFO: Episode 320, Ave step reward -122.2183284883721
2026-08-01 21:52:55,019 / INFO: Episode 330, Ave step reward -123.17679945054944
2026-08-01 21:53:07,170 / INFO: Episode 340, Ave step reward -122.7752761627907
2026-08-01 21:53:19,267 / INFO: Episode 350, Ave step reward -122.80834745762712
2026-08-01 21:53:31,312 / INFO: Episode 360, Ave step reward -122.4575
2026-08-01 21:53:43,420 / INFO: Episode 370, Ave step reward -121.91736322395963
2026-08-01 21:53:55,531 / INFO: Episode 380, Ave step reward -122.8863997832085
2026-08-01 21:54:07,649 / INFO: Episode 390, Ave step reward -122.93526886919933
2026-08-01 21:54:19,899 / INFO: Episode 400, Ave step reward -123.48416996810043
2026-08-01 21:54:32,083 / INFO: Episode 410, Ave step reward -123.53389978320851
2026-08-01 21:54:44,615 / INFO: Episode 420, Ave step reward -123.24027616279069
2026-08-01 21:54:57,231 / INFO: Episode 430, Ave step reward -123.09389380530973
2026-08-01 21:55:09,410 / INFO: Episode 440, Ave step reward -122.40724126293684
2026-08-01 21:55:21,550 / INFO: Episode 450, Ave step reward -123.53
2026-08-01 21:55:33,714 / INFO: Episode 460, Ave step reward -122.9525
2026-08-01 21:55:45,830 / INFO: Episode 470, Ave step reward -122.77179945054944
2026-08-01 21:55:57,922 / INFO: Episode 480, Ave step reward -123.29
2026-08-01 21:56:10,069 / INFO: Episode 490, Ave step reward -123.47527616279069
2026-08-01 21:56:22,194 / INFO: Episode 500, Ave step reward -123.5252761627907
2026-08-01 21:59:20,805 / INFO: RL utililty: -2471.732732079399
2026-08-01 22:01:21,060 / INFO: Non-strategic (Uniform) utility: -2426.9618222170075
defend-12-3_1
2026-08-01 22:01:28,462 / INFO: Episode 30, Ave step reward -2.44850000000001
2026-08-01 22:01:38,179 / INFO: Episode 40, Ave step reward -2.134000000000008
2026-08-01 22:01:47,951 / INFO: Episode 50, Ave step reward -2.1825000000000085
2026-08-01 22:01:57,756 / INFO: Episode 60, Ave step reward -2.273000000000009
2026-08-01 22:02:07,700 / INFO: Episode 70, Ave step reward -2.265500000000009
2026-08-01 22:02:17,794 / INFO: Episode 80, Ave step reward -2.1990000000000087
2026-08-01 22:02:28,016 / INFO: Episode 90, Ave step reward -2.3720000000000097
2026-08-01 22:02:38,216 / INFO: Episode 100, Ave step reward -2.226000000000009
2026-08-01 22:02:48,446 / INFO: Episode 110, Ave step reward -2.3090000000000095
2026-08-01 22:02:58,676 / INFO: Episode 120, Ave step reward -2.194000000000009
2026-08-01 22:03:09,042 / INFO: Episode 130, Ave step reward -2.201000000000009
2026-08-01 22:03:19,434 / INFO: Episode 140, Ave step reward -2.1290000000000084
2026-08-01 22:03:29,968 / INFO: Episode 150, Ave step reward -2.2570000000000094
2026-08-01 22:03:40,477 / INFO: Episode 160, Ave step reward -2.2500000000000093
2026-08-01 22:03:50,998 / INFO: Episode 170, Ave step reward -2.1525000000000087
2026-08-01 22:04:01,537 / INFO: Episode 180, Ave step reward -2.2355000000000094
2026-08-01 22:04:12,147 / INFO: Episode 190, Ave step reward -2.2895000000000096
2026-08-01 22:04:22,711 / INFO: Episode 200, Ave step reward -2.1455000000000086
2026-08-01 22:04:33,370 / INFO: Episode 210, Ave step reward -2.2590000000000092
2026-08-01 22:04:43,956 / INFO: Episode 220, Ave step reward -2.1545000000000085
2026-08-01 22:04:54,570 / INFO: Episode 230, Ave step reward -2.36500000000001
2026-08-01 22:05:05,452 / INFO: Episode 240, Ave step reward -2.3200000000000096
2026-08-01 22:05:16,189 / INFO: Episode 250, Ave step reward -2.2445000000000093
2026-08-01 22:05:26,852 / INFO: Episode 260, Ave step reward -2.215500000000009
2026-08-01 22:05:37,543 / INFO: Episode 270, Ave step reward -2.2445000000000093
2026-08-01 22:05:48,228 / INFO: Episode 280, Ave step reward -2.31300000000001
2026-08-01 22:05:58,948 / INFO: Episode 290, Ave step reward -2.163500000000009
2026-08-01 22:06:09,701 / INFO: Episode 300, Ave step reward -2.2140000000000093
2026-08-01 22:06:20,449 / INFO: Episode 310, Ave step reward -2.2410000000000094
2026-08-01 22:06:31,273 / INFO: Episode 320, Ave step reward -2.2140000000000093
2026-08-01 22:06:42,101 / INFO: Episode 330, Ave step reward -2.2410000000000094
2026-08-01 22:06:52,866 / INFO: Episode 340, Ave step reward -2.2410000000000094
2026-08-01 22:07:03,607 / INFO: Episode 350, Ave step reward -2.37600000000001
2026-08-01 22:07:14,380 / INFO: Episode 360, Ave step reward -2.187000000000009
2026-08-01 22:07:25,144 / INFO: Episode 370, Ave step reward -2.232000000000009
2026-08-01 22:07:35,993 / INFO: Episode 380, Ave step reward -2.169000000000009
2026-08-01 22:07:46,820 / INFO: Episode 390, Ave step reward -2.28600000000001
2026-08-01 22:07:57,585 / INFO: Episode 400, Ave step reward -2.35800000000001
2026-08-01 22:08:08,382 / INFO: Episode 410, Ave step reward -2.36700000000001
2026-08-01 22:08:19,182 / INFO: Episode 420, Ave step reward -2.0915000000000084
2026-08-01 22:08:29,980 / INFO: Episode 430, Ave step reward -2.40650000000001
2026-08-01 22:08:40,763 / INFO: Episode 440, Ave step reward -2.253500000000009
2026-08-01 22:08:51,678 / INFO: Episode 450, Ave step reward -2.223000000000009
2026-08-01 22:09:02,517 / INFO: Episode 460, Ave step reward -2.160000000000009
2026-08-01 22:09:13,343 / INFO: Episode 470, Ave step reward -2.2770000000000095
2026-08-01 22:09:24,106 / INFO: Episode 480, Ave step reward -2.35800000000001
2026-08-01 22:09:34,940 / INFO: Episode 490, Ave step reward -2.28600000000001
2026-08-01 22:09:45,799 / INFO: Episode 500, Ave step reward -2.2410000000000094
2026-08-01 22:11:41,789 / INFO: RL utililty: -42.93424992694241
2026-08-01 22:12:33,272 / INFO: Non-strategic (Uniform) utility: -42.76121203138666
2026-08-01 22:37:33,690 / INFO: The utility of the agent:
[-42.79278440873519, -42.364095909632155, -42.17402489874864, -42.78970320899608, -42.89662094510963, -42.56209027598087, -42.60235955122455, -2.4350399999999977, -42.686685322975826, -2.4829199999999987, -42.749869385856954, -43.134520808917046, -42.682068139138615, -42.86992294215738, -42.70812329572636, -42.744746305913914, -42.61477303044018, -42.76926794650649, -42.48715128597782, 0.0]
